document_date,document_number,vendor_name,vendor_number,vendor_group_number,ap_payment_date,voucher_number,amt,agency_code,agency_name
2026-07-16,53390291,15 HOTEL GROUP INC,12613478,,2026-08-05,419084,220.0,11,TRANSPORTATION
2026-07-16,53390292,15 HOTEL GROUP INC,12613478,,2026-08-05,419082,220.0,11,TRANSPORTATION
2026-07-03,INV-661851,1984 SYSTEMS INC,12369108,,2026-08-05,418119,4793.22,17,VETERANS' AFFAIRS
2026-07-16,433,2 GUYS ON THE MOVE INC,12006680,,2026-08-05,421348,349.8,27,UNIFIED JUDICIAL SYSTEMS
2026-07-15,N2118A 7/15/26,2023 TRUST ROBERT L STALLINGS,12748363,,2026-08-05,419930,1957.89,14,PUBLIC SAFETY
2026-07-20,AUG2026RENT,2900 W 11TH LLC,12680273,,2026-08-05,420133,16610.0,19,HUMAN SERVICES
2026-07-15,INV-17896,3CLOGIC INC,12692445,,2026-08-05,420760,578.0,08,SOCIAL SERVICES
2026-07-15,INV-17899,3CLOGIC INC,12692445,,2026-08-05,420761,843.89,08,SOCIAL SERVICES
2026-07-15,INV-17906,3CLOGIC INC,12692445,,2026-08-05,420767,901.83,08,SOCIAL SERVICES
2026-07-15,INV-17900,3CLOGIC INC,12692445,,2026-08-05,419879,823.84,10,LABOR AND REGULATION
2026-07-17,424447,3D SPECIALTIES INC,12154482,,2026-08-05,420870,946.48,11,TRANSPORTATION
2026-07-14,9440262503,3M COMPANY,12020948,07,2026-08-05,418176,7076.25,18,CORRECTIONS
2026-06-30,15263378,4IMPRINT INC,12020213,,2026-08-05,427824,794.77,09,HEALTH
2026-07-09,SOMP2026-05A,605 THERAPY LLC,12624109,,2026-08-05,418199,49.0,18,CORRECTIONS
2026-07-09,SOMP2026-06,605 THERAPY LLC,12624109,,2026-08-05,418198,2549.0,18,CORRECTIONS
2026-07-16,2026-APR-02,7TH CIRCUIT COURT CASA PROGRAM,12041907,,2026-08-05,418596,1000.0,14,PUBLIC SAFETY
2026-07-16,2026-MAR-02,7TH CIRCUIT COURT CASA PROGRAM,12041907,,2026-08-05,418595,2887.83,14,PUBLIC SAFETY
2026-07-16,2026-MAY-02,7TH CIRCUIT COURT CASA PROGRAM,12041907,,2026-08-05,418597,1000.0,14,PUBLIC SAFETY
2026-07-16,HB1221-APR-1215,7TH CIRCUIT COURT CASA PROGRAM,12041907,,2026-08-05,418594,7419.2,14,PUBLIC SAFETY
2026-07-21,IN1386114,A & B BUSINESS INC,12036980,,2026-08-05,421413,100.3,02,REVENUE
2026-07-21,IN1385752,A & B BUSINESS INC,12036980,,2026-08-05,419666,76.71,028,LOTTERY
2026-07-21,IN1386155,A & B BUSINESS INC,12036980,,2026-08-05,420678,76.74,028,LOTTERY
2026-07-06,IN1381103,A & B BUSINESS INC,12036980,,2026-08-05,418909,186.88,08,SOCIAL SERVICES
2026-07-13,IN1383637,A & B BUSINESS INC,12036980,,2026-08-05,421482,90.91,11,TRANSPORTATION
2026-07-06,IN1381094,A & B BUSINESS INC,12036980,,2026-08-05,420099,179.29,19,HUMAN SERVICES
2026-07-06,IN1381095,A & B BUSINESS INC,12036980,,2026-08-05,420100,79.76,19,HUMAN SERVICES
2026-07-06,IN1381124,A & B BUSINESS INC,12036980,,2026-08-05,420089,89.87,19,HUMAN SERVICES
2026-06-17,IN1376633,A & B BUSINESS INC,12036980,,2026-08-05,419401,24.0,27,UNIFIED JUDICIAL SYSTEMS
2026-07-02,IN1380793,A & B BUSINESS INC,12036980,,2026-08-05,421328,42.6,27,UNIFIED JUDICIAL SYSTEMS
2026-07-06,IN1381113,A & B BUSINESS INC,12036980,,2026-08-05,420241,1.72,27,UNIFIED JUDICIAL SYSTEMS
2026-07-06,IN1381128,A & B BUSINESS INC,12036980,,2026-08-05,420242,1.76,27,UNIFIED JUDICIAL SYSTEMS
2026-07-13,IN1383506,A & B BUSINESS INC,12036980,,2026-08-05,421281,3.31,27,UNIFIED JUDICIAL SYSTEMS
2026-07-13,IN1383519,A & B BUSINESS INC,12036980,,2026-08-05,420253,0.1,27,UNIFIED JUDICIAL SYSTEMS
2026-07-13,IN1383520,A & B BUSINESS INC,12036980,,2026-08-05,420255,0.59,27,UNIFIED JUDICIAL SYSTEMS
2026-07-13,IN1383521,A & B BUSINESS INC,12036980,,2026-08-05,419392,3.11,27,UNIFIED JUDICIAL SYSTEMS
2026-07-13,IN1383618,A & B BUSINESS INC,12036980,,2026-08-05,420254,8.93,27,UNIFIED JUDICIAL SYSTEMS
2026-07-13,IN1383619,A & B BUSINESS INC,12036980,,2026-08-05,421294,0.76,27,UNIFIED JUDICIAL SYSTEMS
2026-07-13,IN1383620,A & B BUSINESS INC,12036980,,2026-08-05,421295,7.53,27,UNIFIED JUDICIAL SYSTEMS
2026-07-13,IN1383621,A & B BUSINESS INC,12036980,,2026-08-05,421291,0.14,27,UNIFIED JUDICIAL SYSTEMS
2026-07-13,IN1383624,A & B BUSINESS INC,12036980,,2026-08-05,421297,3.1,27,UNIFIED JUDICIAL SYSTEMS
2026-07-13,IN1383625,A & B BUSINESS INC,12036980,,2026-08-05,421298,6.31,27,UNIFIED JUDICIAL SYSTEMS
2026-07-13,IN1383626,A & B BUSINESS INC,12036980,,2026-08-05,421299,6.37,27,UNIFIED JUDICIAL SYSTEMS
2026-07-13,IN1383627,A & B BUSINESS INC,12036980,,2026-08-05,421300,6.73,27,UNIFIED JUDICIAL SYSTEMS
2026-07-13,IN1383628,A & B BUSINESS INC,12036980,,2026-08-05,421301,2.61,27,UNIFIED JUDICIAL SYSTEMS
2026-07-13,IN1383629,A & B BUSINESS INC,12036980,,2026-08-05,421274,13.48,27,UNIFIED JUDICIAL SYSTEMS
2026-07-13,IN1383630,A & B BUSINESS INC,12036980,,2026-08-05,421273,16.53,27,UNIFIED JUDICIAL SYSTEMS
2026-07-13,IN1383631,A & B BUSINESS INC,12036980,,2026-08-05,421275,185.13,27,UNIFIED JUDICIAL SYSTEMS
2026-07-13,IN1383641,A & B BUSINESS INC,12036980,,2026-08-05,419393,9.06,27,UNIFIED JUDICIAL SYSTEMS
2026-07-13,IN1383645,A & B BUSINESS INC,12036980,,2026-08-05,421347,2.88,27,UNIFIED JUDICIAL SYSTEMS
2026-07-13,IN1383646,A & B BUSINESS INC,12036980,,2026-08-05,421282,13.5,27,UNIFIED JUDICIAL SYSTEMS
2026-07-17,IN1384846,A & B BUSINESS INC,12036980,,2026-08-05,419389,32.64,27,UNIFIED JUDICIAL SYSTEMS
2026-07-13,IN1383906,A & B PURE WATER ONLINE LTD,12114434,,2026-08-05,419132,79.5,18,CORRECTIONS
2026-07-13,IN1383907,A & B PURE WATER ONLINE LTD,12114434,,2026-08-05,419131,69.95,18,CORRECTIONS
2026-06-16,1550235,A & B WELDING SUPPLY CO INC,12030816,,2026-08-05,419051,65.56,11,TRANSPORTATION
2026-07-16,106219,A BAR K,12626455,,2026-08-05,418806,1952.3,06,"GAME, FISH AND PARKS"
2026-07-01,1489,A PLUS JANITORIAL LLC,12657254,,2026-08-05,419689,1275.0,06,"GAME, FISH AND PARKS"
2026-07-01,1495,A PLUS JANITORIAL LLC,12657254,,2026-08-05,419767,3520.0,06,"GAME, FISH AND PARKS"
2026-07-13,10-607,A&M MECHANICAL LLC,12737368,,2026-08-05,418809,716.71,06,"GAME, FISH AND PARKS"
2026-08-03,05JN-26,A&R CONSTRUCTION CO,12731233,,2026-08-05,427872,484019.06,11,TRANSPORTATION
2026-08-03,05JN-27,A&R CONSTRUCTION CO,12731233,,2026-08-05,427874,402837.46,11,TRANSPORTATION
2026-07-02,3747,A-1 PUMPING & EXCAVATING INC,12392776,,2026-08-05,421005,335.0,18,CORRECTIONS
2026-06-20,354533,A-OX WELDING SUPPLY CO INC,12054084,,2026-08-05,418530,96.61,03,AGRICULTURE & NAT. RESOURCES
2026-07-08,0001556873,A-OX WELDING SUPPLY CO INC,12054084,,2026-08-05,418857,4364.65,06,"GAME, FISH AND PARKS"
2026-06-30,61739,AANENSON MEDIA LLC,12714975,,2026-08-05,418535,171.24,03,AGRICULTURE & NAT. RESOURCES
2026-07-30,363430,AB STAFFING SOLUTIONS LLC,12742555,,2026-08-05,428423,2071.0,18,CORRECTIONS
2026-07-30,363432,AB STAFFING SOLUTIONS LLC,12742555,,2026-08-05,428424,1395.2,18,CORRECTIONS
2026-07-30,363434,AB STAFFING SOLUTIONS LLC,12742555,,2026-08-05,428422,2092.8,18,CORRECTIONS
2026-07-14,767158,ABERDEEN CHRYSLER CENTER,12041676,,2026-08-05,419927,63.99,14,PUBLIC SAFETY
2026-06-18,386271,ABERDEEN LODGING LLC,12739320,,2026-08-05,418497,112.0,03,AGRICULTURE & NAT. RESOURCES
2026-07-21,8088,ABERDEEN SHUTTLE LLC,12715847,,2026-08-05,421050,384.0,19,HUMAN SERVICES
2026-07-21,8088B,ABERDEEN SHUTTLE LLC,12715847,,2026-08-05,421051,660.0,19,HUMAN SERVICES
2026-07-09,47635,ABERDEEN VENTURES LLC,12120635,01,2026-08-05,418755,112.0,012,BHRA ADMINISTRATION
2026-06-30,47396,ABERDEEN VENTURES LLC,12120635,01,2026-08-05,419954,112.0,14,PUBLIC SAFETY
2026-07-01,47429,ABERDEEN VENTURES LLC,12120635,01,2026-08-05,418657,336.0,14,PUBLIC SAFETY
2026-07-16,9597,ABILITY BUILDING SERVICES INC,12035655,,2026-08-05,418266,769.32,19,HUMAN SERVICES
2026-07-21,VRM260722408958,ABRAHAM RYAN LIBBY,12755471,,2026-08-05,421184A,4044.28,19,HUMAN SERVICES
2026-07-21,42557676,ACCESS TECHNOLOGIES INC,12667464,01,2026-08-05,420057,248.99,18,CORRECTIONS
2026-06-30,475778,ACE STEEL & RECYCLING INC,12042436,,2026-08-05,419782A,95.33,06,"GAME, FISH AND PARKS"
2026-06-04,25-1000-039 3280,ACT EDUCATION CORP,12719292,,2026-08-05,426183,62.5,10,LABOR AND REGULATION
2026-07-22,27SC08C333260722,ACTION FOR THE BETTERMENT OF,12014680,,2026-08-05,420734,39597.58,08,SOCIAL SERVICES
2026-07-22,27SC08C328260722,ADDICTION RECOVERY CENTERS,12033748,,2026-08-05,420733,18816.21,08,SOCIAL SERVICES
2026-06-30,DCM171066115,ADDICTION RECOVERY CENTERS,12033748,,2026-08-05,421107,13.06,19,HUMAN SERVICES
2026-08-03,106CON270350,AFFINITY ONLINE SERVICES,12570962,,2026-08-05,427838,807.0,09,HEALTH
2026-07-17,VRM260717408691,AG UNDERWRITERS LLC,12754314,,2026-08-05,418248,920.52,19,HUMAN SERVICES
2026-07-25,095A-04,AGE CORPORATION,12031419,,2026-08-05,427864,25447.45,11,TRANSPORTATION
2026-07-01,90398688,AGILITI HEALTH INC,12021169,,2026-08-05,418118,751.91,17,VETERANS' AFFAIRS
2026-06-21,399119161,AGTEGRA COOPERATIVE,12029118,04,2026-08-05,418536,631.75,03,AGRICULTURE & NAT. RESOURCES
2026-06-26,393108590,AGTEGRA COOPERATIVE,12029118,05,2026-08-05,418042,2153.85,11,TRANSPORTATION
2026-07-08,393108550,AGTEGRA COOPERATIVE,12029118,05,2026-08-05,418043,7053.19,11,TRANSPORTATION
2026-07-15,151363,AGTEGRA COOPERATIVE,12029118,,2026-08-05,420810,3900.52,11,TRANSPORTATION
2026-07-20,270154,AGTEGRA COOPERATIVE,12029118,01,2026-08-05,421578,14080.79,11,TRANSPORTATION
2026-07-13,9071,ALABAMA FIREFIGHTERS PERSONNEL,12559122,,2026-08-05,418077,102.95,16,MILITARY
2026-06-03,RX7489979,ALBERTSONS COMPANIES INC,12683816,,2026-08-05,417778,40.95,08,SOCIAL SERVICES
2026-06-30,RX7494569,ALBERTSONS COMPANIES INC,12683816,,2026-08-05,417779,36.99,08,SOCIAL SERVICES
2026-04-30,2540-2,ALL IN ONE CLEANING LLC,12539142,,2026-08-05,418420,19.4,29,ATTORNEY GENERAL
2026-06-24,2544,ALL IN ONE CLEANING LLC,12539142,,2026-08-05,418419,323.3,29,ATTORNEY GENERAL
2026-06-29,2550,ALL IN ONE CLEANING LLC,12539142,,2026-08-05,418418,305.0,29,ATTORNEY GENERAL
2026-07-02,3045,ALL NATIONS INTERPRETERS INC,12601137,,2026-08-05,421329,381.25,27,UNIFIED JUDICIAL SYSTEMS
2026-07-10,3047,ALL NATIONS INTERPRETERS INC,12601137,,2026-08-05,421264,520.0,27,UNIFIED JUDICIAL SYSTEMS
2026-07-17,3049,ALL NATIONS INTERPRETERS INC,12601137,,2026-08-05,421335,395.0,27,UNIFIED JUDICIAL SYSTEMS
2026-07-02,INV-94939,ALL-AROUND INC,12124293,,2026-08-05,419410,73.04,320,STATE TREASURER
2026-06-10,RAP139138,ALLIANCE TECHNICAL GROUP LLC,12748017,,2026-08-05,418552,2094.4,03,AGRICULTURE & NAT. RESOURCES
2026-07-10,RAP139860,ALLIANCE TECHNICAL GROUP LLC,12748017,,2026-08-05,418553,12557.26,03,AGRICULTURE & NAT. RESOURCES
2026-07-10,RAP139868,ALLIANCE TECHNICAL GROUP LLC,12748017,,2026-08-05,418556,1648.75,03,AGRICULTURE & NAT. RESOURCES
2026-07-10,RAP139756,ALLIANCE TECHNICAL GROUP LLC,12748017,,2026-08-05,418830,176.25,06,"GAME, FISH AND PARKS"
2026-07-15,DCC11840287,ALLIED ASSESSMENTS INC,12174710,,2026-08-05,419320,379.49,19,HUMAN SERVICES
2026-07-15,DCC11883471,ALLIED ASSESSMENTS INC,12174710,,2026-08-05,419322,379.49,19,HUMAN SERVICES
2026-07-15,DCC12030252,ALLIED ASSESSMENTS INC,12174710,,2026-08-05,419331,75.0,19,HUMAN SERVICES
2026-07-08,2607.13,ALLIED PLUMBING AND HEATING,12369439,,2026-08-05,420987,25316.52,18,CORRECTIONS
2026-07-09,162170246,ALSCO,12122999,,2026-08-05,418088,199.47,16,MILITARY
2026-07-15,1RRL-CG7T-663Q,AMAZON CAPITAL SERVICES INC,12603089,,2026-08-05,417125,76.99,10,LABOR AND REGULATION
2026-07-20,1P13-7QRH-R71M,AMAZON CAPITAL SERVICES INC,12603089,,2026-08-05,419872,2606.4,10,LABOR AND REGULATION
2026-07-06,1XJQ-X7K7-HY74,AMAZON CAPITAL SERVICES INC,12603089,,2026-08-05,418116,28.95,17,VETERANS' AFFAIRS
2026-07-06,1YTK-6QXX-HJ4Q,AMAZON CAPITAL SERVICES INC,12603089,,2026-08-05,418113,39.98,17,VETERANS' AFFAIRS
2026-07-07,1HJM-G9WF-G9WF,AMAZON CAPITAL SERVICES INC,12603089,,2026-08-05,4718114,99.98,17,VETERANS' AFFAIRS
2026-07-08,1PV6-1MQ1-N6TH,AMAZON CAPITAL SERVICES INC,12603089,,2026-08-05,418117,1365.73,17,VETERANS' AFFAIRS
2026-07-13,1M6W-VV3L-WYHL,AMAZON CAPITAL SERVICES INC,12603089,,2026-08-05,418115,30.41,17,VETERANS' AFFAIRS
2026-06-30,1PQR-TTX9-MV1M,AMAZON CAPITAL SERVICES INC,12603089,,2026-08-05,421332,72.04,27,UNIFIED JUDICIAL SYSTEMS
2026-07-01,1XCK-G31T-YJK3,AMAZON CAPITAL SERVICES INC,12603089,,2026-08-05,421331,20.28,27,UNIFIED JUDICIAL SYSTEMS
2026-07-02,11CC-YGTJ-LFP1,AMAZON CAPITAL SERVICES INC,12603089,,2026-08-05,421330,113.23,27,UNIFIED JUDICIAL SYSTEMS
2026-07-13,19C9-JN3F-1VTP,AMAZON CAPITAL SERVICES INC,12603089,,2026-08-05,421279,24.98,27,UNIFIED JUDICIAL SYSTEMS
2026-07-13,1GQT-WGMY-7QRJ,AMAZON CAPITAL SERVICES INC,12603089,,2026-08-05,421262,287.67,27,UNIFIED JUDICIAL SYSTEMS
2026-05-20,00555,AMERICAN ASSOCIATION OF STATE,12115387,01,2026-08-05,417780,1050.0,08,SOCIAL SERVICES
2026-07-13,576147,AMERICAN DIABETES ASSOCIATION,12004511,,2026-08-05,418318,1815.0,19,HUMAN SERVICES
2026-07-09,2186313,AMERICAN HOSPITAL ASSOCIATION,12135806,,2026-08-05,419003,1445.0,09,HEALTH
2026-08-03,26220CON270621,AMF HOLDINGS PC,12713215,,2026-08-05,427839,600.0,09,HEALTH
2026-07-15,38627RC,AMICK SOUND INC,12033714,,2026-08-05,420842,45.0,11,TRANSPORTATION
2026-06-30,27SC197023-JUN26,ANDERSON NILL & ASSOCIATES,12034702,,2026-08-05,426228,1071.37,19,HUMAN SERVICES
2026-08-01,06RG-05,ANDERSON WESTERN INC,12027878,,2026-08-05,427863,5862.37,11,TRANSPORTATION
2026-07-28,SC12726C-446-F,"ANDERSON, KATIE L",12220705,,2026-08-05,426226,19750.0,12,EDUCATION
2026-08-04,M027BTR003,ANDOVER CITY OF,12055900,,2026-08-05,M429214,145.03,02,REVENUE
2026-07-02,VRM260717408813,ANEW VENTURE LLC,12736601,,2026-08-05,418279,31.91,19,HUMAN SERVICES
2026-07-02,VRM260722407812,ANEW VENTURE LLC,12736601,,2026-08-05,421221,604.2,19,HUMAN SERVICES
2026-06-03,105163,ANIMAL CARE CENTER,12010451,,2026-08-05,419737,67.86,06,"GAME, FISH AND PARKS"
2026-06-22,106973,ANIMAL CARE CENTER,12010451,,2026-08-05,419736,108.96,06,"GAME, FISH AND PARKS"
2026-06-22,106974,ANIMAL CARE CENTER,12010451,,2026-08-05,419735,89.36,06,"GAME, FISH AND PARKS"
2026-06-30,0037000038,ANIMAL DISEASE RESEARCH LAB,SDSU,23,2026-08-05,420393,1209.78,03,AGRICULTURE & NAT. RESOURCES
2026-06-29,827070187,APH STORES INC,12558584,10,2026-08-05,419454,79.32,06,"GAME, FISH AND PARKS"
2026-06-29,827070192,APH STORES INC,12558584,10,2026-08-05,419453,85.78,06,"GAME, FISH AND PARKS"
2026-06-30,827070307,APH STORES INC,12558584,10,2026-08-05,419455,-11.11,06,"GAME, FISH AND PARKS"
2026-07-14,445413487,APH STORES INC,12558584,02,2026-08-05,418000,155.76,11,TRANSPORTATION
2026-07-14,445413488,APH STORES INC,12558584,02,2026-08-05,417999,610.2,11,TRANSPORTATION
2026-07-16,445413973,APH STORES INC,12558584,02,2026-08-05,421603A,111.98,11,TRANSPORTATION
2026-07-16,445414129,APH STORES INC,12558584,02,2026-08-05,421602,68.98,11,TRANSPORTATION
2026-06-29,WSF785148,API GROUP LIFE SAFETY USA LLC,12121722,01,2026-08-05,418103,1625.0,17,VETERANS' AFFAIRS
2026-07-08,INV-D023804,APOLLO CORPORATION,12021982,,2026-08-05,419818,65.92,08,SOCIAL SERVICES
2026-07-15,INV-D023929,APOLLO CORPORATION,12021982,,2026-08-05,419819,121.34,08,SOCIAL SERVICES
2026-07-01,000021085-000227,ARAMARK SERVICES INC,12126032,02,2026-08-05,419117,1383.99,18,CORRECTIONS
2026-07-29,26-1000-039 6249,ARCHERPOINT HOLDINGS LLC,12751042,,2026-08-05,426184,1102.5,10,LABOR AND REGULATION
2026-08-03,26-1000-039 6558,ARCHERPOINT HOLDINGS LLC,12751042,,2026-08-05,428585,428.75,10,LABOR AND REGULATION
2026-06-30,20012559,ARCHITECTURE INCORPORATED,12034436,,2026-08-05,420023,26435.0,18,CORRECTIONS
2026-07-14,VRM260717408879,ARRIVE ALIVE DRIVING ACADEMY,12744706,,2026-08-05,418280,500.0,19,HUMAN SERVICES
2026-07-20,R27-7,"ARTERBERRY, DARLINE R",12719475,,2026-08-05,421142,200.0,19,HUMAN SERVICES
2026-08-03,M03700001,ASHLEY VETERINARY CLINIC,12027690,,2026-08-05,M427827,8794.8,03,AGRICULTURE & NAT. RESOURCES
2026-08-04,M027BTR003,ASHTON-CITY OF,12038039,,2026-08-05,M429214,1190.86,02,REVENUE
2026-06-30,247782,ASSOCIATED GENERAL CONTRACTOR,12029395,01,2026-08-05,419077,1400.0,11,TRANSPORTATION
2026-07-16,R279715,ASSOCIATION OF GOVERNMENT,12168990,,2026-08-05,419652,2248.0,011,BUREAU OF FINANCE & MANAGEMENT
2026-06-03,27-48,ASSOCIATION OF STATE AND,12012924,,2026-08-05,420366,15000.0,03,AGRICULTURE & NAT. RESOURCES
2026-08-04,M027BTR003,ASTORIA CITY OF,12031146,,2026-08-05,M429214,144.3,02,REVENUE
2026-06-16,6138079X06242026,AT&T MOBILITY II LLC,12279233,,2026-08-05,420406,1621.67,03,AGRICULTURE & NAT. RESOURCES
2026-07-15,X07232026DOC,AT&T MOBILITY II LLC,12279233,,2026-08-05,420986,9196.26,18,CORRECTIONS
2026-06-25,7758945X06242026,AT&T MOBILITY II LLC,12279233,,2026-08-05,419556,197.48,31,SECRETARY OF STATE
2026-06-30,00982X07082026,AT&T MOBILITY LLC,12682659,,2026-08-05,418157,1366.66,16,MILITARY
2026-07-15,267000024,AT&T MOBILITY LLC,12682659,,2026-08-05,421532,489.81,26,PUBLIC UTILITIES COMMISSION
2026-07-15,100480801,ATLANTIS LLC,12007247,01,2026-08-05,419969,114.0,14,PUBLIC SAFETY
2026-06-24,82406,ATLANTIS LLC,12007247,,2026-08-05,420038,342.96,18,CORRECTIONS
2026-07-10,83448,ATLANTIS LLC,12007247,,2026-08-05,420027,171.48,18,CORRECTIONS
2026-07-14,2026-CSW-001 #2,AURORA COUNTY CONSERVATION,12031285,,2026-08-05,418521,4200.0,03,AGRICULTURE & NAT. RESOURCES
2026-07-21,432571,AUSTIN STRAIT BENSON THOLE KOE,12180699,,2026-08-05,426543,1586.0,27,UNIFIED JUDICIAL SYSTEMS
2026-07-15,10169,AUTO GLASS SOLUTIONS INC,12006710,,2026-08-05,419926,50.0,14,PUBLIC SAFETY
2026-06-30,247289,AUTOMATIC BUILDING CONTROLS,12042195,,2026-08-05,418529,375.51,03,AGRICULTURE & NAT. RESOURCES
2026-07-01,233611,AUTOMOTIVE & INDUSTRIAL DIST,12120383,,2026-08-05,419052,790.0,11,TRANSPORTATION
2026-07-17,239629,AUTOMOTIVE & INDUSTRIAL DIST,12120383,,2026-08-05,420866,542.85,11,TRANSPORTATION
2026-07-01,27SC08B443-JUL,AVEL ECARE MEDICAL GROUP PC,12675580,,2026-08-05,419841,13140.0,08,SOCIAL SERVICES
2026-03-11,21934,AVERA HOME MEDICAL EQUIP LLC,12053982,13,2026-08-05,417781,2707.0,08,SOCIAL SERVICES
2026-07-17,19912,AVERA MCKENNAN,12029758,E7,2026-08-05,418218,448.35,18,CORRECTIONS
2026-07-17,19913,AVERA MCKENNAN,12029758,E3,2026-08-05,418219,780.99,18,CORRECTIONS
2026-07-17,19914,AVERA MCKENNAN,12029758,C5,2026-08-05,418209,64578.93,18,CORRECTIONS
2026-07-17,19921,AVERA MCKENNAN,12029758,A0,2026-08-05,418238,539.22,18,CORRECTIONS
2026-07-17,19924,AVERA MCKENNAN,12029758,E5,2026-08-05,418239,491.45,18,CORRECTIONS
2026-07-17,19933,AVERA MCKENNAN,12029758,93,2026-08-05,418222,144.39,18,CORRECTIONS
2026-07-17,19935,AVERA MCKENNAN,12029758,23,2026-08-05,418220,213.56,18,CORRECTIONS
2026-07-17,19936,AVERA MCKENNAN,12029758,35,2026-08-05,418215,84.82,18,CORRECTIONS
2026-07-17,19937,AVERA MCKENNAN,12029758,F5,2026-08-05,418214,86.53,18,CORRECTIONS
2026-07-17,19940,AVERA MCKENNAN,12029758,22,2026-08-05,418216,276.65,18,CORRECTIONS
2026-07-17,19941,AVERA MCKENNAN,12029758,12,2026-08-05,418212,235.06,18,CORRECTIONS
2026-07-17,19942,AVERA MCKENNAN,12029758,G3,2026-08-05,418246,361.57,18,CORRECTIONS
2026-07-17,19943,AVERA MCKENNAN,12029758,E4,2026-08-05,419119,134.92,18,CORRECTIONS
2026-07-01,DCM173452339,AVERA MCKENNAN,12029758,46,2026-08-05,421116,13.06,19,HUMAN SERVICES
2026-07-30,024146CON260791,AVERA MCKENNAN HOSPITAL,12029758,B8,2026-08-05,426076,10000.0,09,HEALTH
2026-07-29,024149CON260795,AVERA MED GRP MILBANK HSP,12029758,40,2026-08-05,426074,10000.0,09,HEALTH
2026-07-29,024152CON260780,AVERA QUEEN OF PEACE,12029749,06,2026-08-05,426072,10000.0,09,HEALTH
2026-07-29,024154CON260793,AVERA QUEEN OF PEACE,12029749,01,2026-08-05,426070,10000.0,09,HEALTH
2026-07-30,024147CON260792,AVERA QUEEN OF PEACE,12029749,32,2026-08-05,426077,10000.0,09,HEALTH
2026-07-17,19934,AVERA SACRED HEART HEALTH SRVC,12029786,A7,2026-08-05,4718247,304.26,18,CORRECTIONS
2026-07-29,024150CON260794,AVERA ST BENEDICT HEALTH CTR,12029811,,2026-08-05,426073,10000.0,09,HEALTH
2026-07-17,19926,AVERA ST LUKES,12029725,37,2026-08-05,418237,71.47,18,CORRECTIONS
2026-07-17,19929,AVERA ST MARYS,12029913,06,2026-08-05,418217,961.82,18,CORRECTIONS
2026-07-17,19909,AVERA ST MARYS HOSPITAL,12029913,10,2026-08-05,418211,11528.48,18,CORRECTIONS
2026-07-14,89173720,AVI SYSTEMS INC,12027419,,2026-08-05,420769,9.88,010,GOVERNOR'S OFFICE
2026-07-14,89173720,AVI SYSTEMS INC,12027419,,2026-08-05,420769,7.28,012,BHRA ADMINISTRATION
2026-07-14,89173720,AVI SYSTEMS INC,12027419,,2026-08-05,420769,17.15,013,BUREAU OF INFORMATION & TECH
2026-07-14,89173720,AVI SYSTEMS INC,12027419,,2026-08-05,420769,24.73,02,REVENUE
2026-07-14,89173720,AVI SYSTEMS INC,12027419,,2026-08-05,420769,12.67,03,AGRICULTURE & NAT. RESOURCES
2026-07-14,89173720,AVI SYSTEMS INC,12027419,,2026-08-05,420769,163.6,08,SOCIAL SERVICES
2026-07-14,89173720,AVI SYSTEMS INC,12027419,,2026-08-05,420769,73.47,09,HEALTH
2026-07-14,89173720,AVI SYSTEMS INC,12027419,,2026-08-05,420769,65.89,10,LABOR AND REGULATION
2026-07-14,89173720,AVI SYSTEMS INC,12027419,,2026-08-05,420769,0.62,12,EDUCATION
2026-07-14,89173720,AVI SYSTEMS INC,12027419,,2026-08-05,420769,20.63,14,PUBLIC SAFETY
2026-07-14,89173720,AVI SYSTEMS INC,12027419,,2026-08-05,420769,22.92,18,CORRECTIONS
2026-07-14,89173720,AVI SYSTEMS INC,12027419,,2026-08-05,420769,49.11,19,HUMAN SERVICES
2026-07-14,89173720,AVI SYSTEMS INC,12027419,,2026-08-05,420769,10.11,27,UNIFIED JUDICIAL SYSTEMS
2026-07-22,89175831,AVI SYSTEMS INC,12027419,,2026-08-05,421255,1430.0,27,UNIFIED JUDICIAL SYSTEMS
2026-07-31,89179527,AVI SYSTEMS INC,12027419,,2026-08-05,427846,23227.15,27,UNIFIED JUDICIAL SYSTEMS
2026-07-31,89179529,AVI SYSTEMS INC,12027419,,2026-08-05,427845,30401.15,27,UNIFIED JUDICIAL SYSTEMS
2026-07-31,89179536,AVI SYSTEMS INC,12027419,,2026-08-05,427844,6548.59,27,UNIFIED JUDICIAL SYSTEMS
2026-08-03,M03700001,B&B VETERINARY SERVICES PLLC,12703392,,2026-08-05,M427827,11992.86,03,AGRICULTURE & NAT. RESOURCES
2026-07-15,LC7STMTJUL,B-Y WATER DISTRICT,12034198,,2026-08-05,418787,4654.5,06,"GAME, FISH AND PARKS"
2026-07-13,SC12726C-123-37,BACHAND & HRUSKA PC,12033448,01,2026-08-05,426220,78.0,12,EDUCATION
2026-07-15,1042619608,BADLANDS DISTRIBUTION INC,12737703,,2026-08-05,419706,160.56,06,"GAME, FISH AND PARKS"
2026-06-29,DCM172525272,BAILEY JD&MP MERRYMAN ET AL PT,12029569,10,2026-08-05,419305,13.06,19,HUMAN SERVICES
2026-06-29,DCM172810472,BAILEY JD&MP MERRYMAN ET AL PT,12029569,10,2026-08-05,419307,13.06,19,HUMAN SERVICES
2026-06-29,DCM173154232,BAILEY JD&MP MERRYMAN ET AL PT,12029569,10,2026-08-05,419311,29.56,19,HUMAN SERVICES
2026-06-29,DCM173174600,BAILEY JD&MP MERRYMAN ET AL PT,12029569,10,2026-08-05,419313,19.56,19,HUMAN SERVICES
2026-06-30,DCM173138707,BAILEY JD&MP MERRYMAN ET AL PT,12029569,10,2026-08-05,419310,13.06,19,HUMAN SERVICES
2026-06-30,DCM173628180,BAILEY JD&MP MERRYMAN ET AL PT,12029569,10,2026-08-05,419315,13.06,19,HUMAN SERVICES
2026-06-30,DCM173646893,BAILEY JD&MP MERRYMAN ET AL PT,12029569,10,2026-08-05,419316,21.06,19,HUMAN SERVICES
2026-06-30,DCM173804223,BAILEY JD&MP MERRYMAN ET AL PT,12029569,10,2026-08-05,419176,35.0,19,HUMAN SERVICES
2026-07-02,DCM173671620,BAILEY JD&MP MERRYMAN ET AL PT,12029569,10,2026-08-05,419317,13.06,19,HUMAN SERVICES
2026-07-02,DCM173692321,BAILEY JD&MP MERRYMAN ET AL PT,12029569,10,2026-08-05,419173,13.06,19,HUMAN SERVICES
2026-07-02,DCM173944164,BAILEY JD&MP MERRYMAN ET AL PT,12029569,10,2026-08-05,419181,25.56,19,HUMAN SERVICES
2026-07-10,DCM174666170,BAILEY JD&MP MERRYMAN ET AL PT,12029569,10,2026-08-05,419213,14.06,19,HUMAN SERVICES
2026-07-10,DCM174993327,BAILEY JD&MP MERRYMAN ET AL PT,12029569,10,2026-08-05,419220,13.06,19,HUMAN SERVICES
2026-07-13,66981,BAILEY METAL FABRICATORS INC,12006707,,2026-08-05,421460,32.53,11,TRANSPORTATION
2026-07-06,20781-000,BAKER MANUFACTURING COMPANY,12753872,,2026-08-05,418484,10100.4,03,AGRICULTURE & NAT. RESOURCES
2026-05-29,48425,BANNER ASSOCIATES INC,12120999,01,2026-08-05,426590,9586.41,11,TRANSPORTATION
2026-06-30,48657,BANNER ASSOCIATES INC,12120999,01,2026-08-05,426591,7100.46,11,TRANSPORTATION
2026-04-30,48012,BANNER ASSOCIATES INC,12120999,01,2026-08-05,418166,8429.21,16,MILITARY
2026-07-02,41061008.02-24,BARR ENGINEERING CO,12021403,,2026-08-05,421368,79964.0,30,SCHOOL & PUBLIC LANDS
2026-07-22,27SC08C303260722,BARTELS COUNSELING SERVICES,12009250,,2026-08-05,420732,3473.83,08,SOCIAL SERVICES
2026-07-07,WF2670251,BATTLE CREEK FIRE DISTRICT,12678697,,2026-08-05,421540,3089.5,14,PUBLIC SAFETY
2026-07-09,194915,BDB INVESTMENT ENTERPRISES,12541631,01,2026-08-05,419529,56.98,11,TRANSPORTATION
2026-07-08,248192,BDB INVESTMENT ENTERPRISES LLC,12541631,,2026-08-05,419532,35.98,11,TRANSPORTATION
2026-07-01,202601140,BEADLE COUNTY SHERIFF,12054686,03,2026-08-05,418532,2000.0,03,AGRICULTURE & NAT. RESOURCES
2026-07-20,AUG2026RENT,BEADLE WEST LLC,12748694,,2026-08-05,420127,3007.0,19,HUMAN SERVICES
2026-07-17,97931,BEADLES SALES,12008499,,2026-08-05,421594,1103.13,11,TRANSPORTATION
2026-07-22,27SC08C304260722,BEHAVIOR MANAGEMENT SYSTEMS,12030341,,2026-08-05,420731,32596.3,08,SOCIAL SERVICES
2026-06-29,DCM171066118,BEHAVIOR MANAGEMENT SYSTEMS,12030341,,2026-08-05,421108,13.06,19,HUMAN SERVICES
2026-06-30,DCM170889498,BEHAVIOR MANAGEMENT SYSTEMS,12030341,,2026-08-05,421105,35.0,19,HUMAN SERVICES
2026-06-30,DCM171620716,BEHAVIOR MANAGEMENT SYSTEMS,12030341,,2026-08-05,419300,35.0,19,HUMAN SERVICES
2026-07-01,DCM170915317,BEHAVIOR MANAGEMENT SYSTEMS,12030341,,2026-08-05,419297,35.0,19,HUMAN SERVICES
2026-07-01,DCM172281182,BEHAVIOR MANAGEMENT SYSTEMS,12030341,,2026-08-05,419302,35.0,19,HUMAN SERVICES
2026-07-01,DCM172335364,BEHAVIOR MANAGEMENT SYSTEMS,12030341,,2026-08-05,419303,13.06,19,HUMAN SERVICES
2026-07-01,DCM172359371,BEHAVIOR MANAGEMENT SYSTEMS,12030341,,2026-08-05,419304,35.0,19,HUMAN SERVICES
2026-07-01,DCM172737108,BEHAVIOR MANAGEMENT SYSTEMS,12030341,,2026-08-05,419306,13.06,19,HUMAN SERVICES
2026-07-06,DCM171225361,BEHAVIOR MANAGEMENT SYSTEMS,12030341,,2026-08-05,419299,35.0,19,HUMAN SERVICES
2026-07-06,DCM173102750,BEHAVIOR MANAGEMENT SYSTEMS,12030341,,2026-08-05,419309,13.06,19,HUMAN SERVICES
2026-07-06,DCM173307170,BEHAVIOR MANAGEMENT SYSTEMS,12030341,,2026-08-05,419314,35.0,19,HUMAN SERVICES
2026-07-07,DCM171856130,BEHAVIOR MANAGEMENT SYSTEMS,12030341,,2026-08-05,419301,35.0,19,HUMAN SERVICES
2026-07-07,277407072026,BEHAVIOR MANAGEMENT SYSTEMS,12030341,,2026-08-05,420259,74.14,27,UNIFIED JUDICIAL SYSTEMS
2026-07-07,NHDRUG063026,BEHAVIOR MANAGEMENT SYSTEMS,12030341,,2026-08-05,420262,2064.23,27,UNIFIED JUDICIAL SYSTEMS
2026-07-07,NHDUI063026,BEHAVIOR MANAGEMENT SYSTEMS,12030341,,2026-08-05,420258,717.05,27,UNIFIED JUDICIAL SYSTEMS
2026-07-08,27740708202601,BEHAVIOR MANAGEMENT SYSTEMS,12030341,,2026-08-05,420260,361.38,27,UNIFIED JUDICIAL SYSTEMS
2026-07-08,27740708202602,BEHAVIOR MANAGEMENT SYSTEMS,12030341,,2026-08-05,420261,456.48,27,UNIFIED JUDICIAL SYSTEMS
2026-07-07,3256424826,BELLCO DRUG CORP,12440567,,2026-08-05,418120,251.18,17,VETERANS' AFFAIRS
2026-08-04,M027BTR003,BELVIDERE TOWN OF,12054284,,2026-08-05,M429214,113.45,02,REVENUE
2026-07-15,2026-CSW-004 #1,BENNETT CO CONSERVATION DISTR,12032255,,2026-08-05,419449,2655.49,03,AGRICULTURE & NAT. RESOURCES
2026-07-14,146137,"BERGESON, NEIL",12324075,,2026-08-05,419701,280.0,06,"GAME, FISH AND PARKS"
2026-07-14,146138,"BERGESON, NEIL",12324075,,2026-08-05,419704,1350.0,06,"GAME, FISH AND PARKS"
2026-07-14,146139,"BERGESON, NEIL",12324075,,2026-08-05,419702,1305.0,06,"GAME, FISH AND PARKS"
2026-07-14,146140,"BERGESON, NEIL",12324075,,2026-08-05,419703,430.0,06,"GAME, FISH AND PARKS"
2026-07-15,146240,"BERGESON, NEIL",12324075,,2026-08-05,420813,100.0,11,TRANSPORTATION
2026-07-27,72026,"BICE, DEBORAH A",12736762,,2026-08-05,426578,2504.03,11,TRANSPORTATION
2026-07-06,213157,BIERSCHBACH EQUIPMENT & SUPPLY,12036267,01,2026-08-05,419044,1100.0,11,TRANSPORTATION
2026-06-26,010017,BIG D OIL COMPANY,12031298,,2026-08-05,418079,90.04,16,MILITARY
2026-05-18,012286,BIG SIOUX NURSERY INC,12048694,,2026-08-05,418854,4352.83,06,"GAME, FISH AND PARKS"
2026-07-13,012388,BIG SIOUX NURSERY INC,12048694,,2026-08-05,418808,716.04,06,"GAME, FISH AND PARKS"
2026-08-04,M027BTR003,BIG STONE CITY -- CITY OF,12054290,,2026-08-05,M429214,2875.47,02,REVENUE
2026-07-09,909382325,BIO-RAD LABS DIAGNOSTICS PROD,12125540,05,2026-08-05,417782,628.05,08,SOCIAL SERVICES
2026-06-30,314753,BISON GRAIN COMPANY,12029998,,2026-08-05,419679,38.5,06,"GAME, FISH AND PARKS"
2026-06-30,314769,BISON GRAIN COMPANY,12029998,,2026-08-05,419678,250.04,06,"GAME, FISH AND PARKS"
2026-08-04,M027BTR003,BISON TOWN OF,12054293,,2026-08-05,M429214,2045.24,02,REVENUE
2026-07-18,09WR-05,BITUMINOUS PAVING INC,12022046,,2026-08-05,426604,19000.0,11,TRANSPORTATION
2026-07-16,26-0820,"BJERKE, LOREN A",12104104,,2026-08-05,418026,85.0,11,TRANSPORTATION
2026-07-09,HC07092026,BLACK HILLS ELECTRIC CO-OP,12028516,,2026-08-05,418849,278.13,06,"GAME, FISH AND PARKS"
2026-07-09,RC-0726,BLACK HILLS ELECTRIC CO-OP,12028516,,2026-08-05,419768,424.2,06,"GAME, FISH AND PARKS"
2026-07-09,3969120726,BLACK HILLS ELECTRIC CO-OP,12028516,,2026-08-05,418067,580.12,11,TRANSPORTATION
2026-07-07,318388,BLACK HILLS JANITORIAL SUPPLY,12124447,,2026-08-05,418095,1108.33,16,MILITARY
2026-07-07,318427,BLACK HILLS JANITORIAL SUPPLY,12124447,,2026-08-05,418096,479.48,16,MILITARY
2026-07-07,318376,BLACK HILLS JANITORIAL SUPPLY,12124447,,2026-08-05,421023,1391.4,18,CORRECTIONS
2026-07-13,318455,BLACK HILLS JANITORIAL SUPPLY,12124447,,2026-08-05,421015,47.52,18,CORRECTIONS
2026-07-22,2027054,BLACK HILLS MUSHROOMS LLC,12706546,,2026-08-05,421426,619.65,03,AGRICULTURE & NAT. RESOURCES
2026-06-30,119358-JUN26,BLACK HILLS ORAL & MAXILLO-,12035159,,2026-08-05,418901,44.85,08,SOCIAL SERVICES
2026-07-17,19925,BLACK HILLS ORAL & MAXILLO-,12035159,,2026-08-05,418224,2330.0,18,CORRECTIONS
2026-06-25,02932710,BLACK HILLS POWER & LIGHT CO,12028526,,2026-08-05,427414,28.94,012,BHRA ADMINISTRATION
2026-07-27,02932709,BLACK HILLS POWER & LIGHT CO,12028526,,2026-08-05,427413,37.07,012,BHRA ADMINISTRATION
2026-07-16,1191502566-0726,BLACK HILLS POWER & LIGHT CO,12028526,,2026-08-05,420657,35.39,013,BUREAU OF INFORMATION & TECH
2026-07-20,0081415005-0726,BLACK HILLS POWER & LIGHT CO,12028526,,2026-08-05,420656,217.58,013,BUREAU OF INFORMATION & TECH
2026-06-25,02932710,BLACK HILLS POWER & LIGHT CO,12028526,,2026-08-05,427414,1028.95,02,REVENUE
2026-07-27,02932709,BLACK HILLS POWER & LIGHT CO,12028526,,2026-08-05,427413,1318.16,02,REVENUE
2026-07-14,0587414582-33,BLACK HILLS POWER & LIGHT CO,12028526,,2026-08-05,418555,71.93,03,AGRICULTURE & NAT. RESOURCES
2026-07-20,5299621491-32,BLACK HILLS POWER & LIGHT CO,12028526,,2026-08-05,420367,195.1,03,AGRICULTURE & NAT. RESOURCES
2026-06-25,02932710,BLACK HILLS POWER & LIGHT CO,12028526,,2026-08-05,427414,63.17,10,LABOR AND REGULATION
2026-07-27,02932709,BLACK HILLS POWER & LIGHT CO,12028526,,2026-08-05,427413,80.92,10,LABOR AND REGULATION
2026-07-06,10212698180726,BLACK HILLS POWER & LIGHT CO,12028526,,2026-08-05,418036,61.65,11,TRANSPORTATION
2026-07-06,58886838200726,BLACK HILLS POWER & LIGHT CO,12028526,,2026-08-05,418038,357.88,11,TRANSPORTATION
2026-07-06,60933924370726,BLACK HILLS POWER & LIGHT CO,12028526,,2026-08-05,418037,626.67,11,TRANSPORTATION
2026-07-08,60148712630726,BLACK HILLS POWER & LIGHT CO,12028526,,2026-08-05,420843,89.56,11,TRANSPORTATION
2026-07-13,49829418320726,BLACK HILLS POWER & LIGHT CO,12028526,,2026-08-05,420854,576.09,11,TRANSPORTATION
2026-07-13,65138190490726,BLACK HILLS POWER & LIGHT CO,12028526,,2026-08-05,420853,311.28,11,TRANSPORTATION
2026-07-14,517982770726,BLACK HILLS POWER & LIGHT CO,12028526,,2026-08-05,420844,46.08,11,TRANSPORTATION
2026-07-13,2121456878 JUL26,BLACK HILLS POWER & LIGHT CO,12028526,,2026-08-05,419963,2009.24,14,PUBLIC SAFETY
2026-07-16,8048411686071626,BLACK HILLS POWER & LIGHT CO,12028526,,2026-08-05,418590,697.52,14,PUBLIC SAFETY
2026-07-09,162170323,BLACK HILLS POWER & LIGHT CO,12028526,,2026-08-05,418136,78.58,16,MILITARY
2026-07-17,05899766-2026-07,BLACK HILLS POWER & LIGHT CO,12028526,,2026-08-05,419121,6540.08,18,CORRECTIONS
2026-06-25,02932710,BLACK HILLS POWER & LIGHT CO,12028526,,2026-08-05,427414,28.82,19,HUMAN SERVICES
2026-07-27,02932709,BLACK HILLS POWER & LIGHT CO,12028526,,2026-08-05,427413,36.92,19,HUMAN SERVICES
2026-06-05,BHE-3786048932,BLACK HILLS POWER INC,12028526,11,2026-08-05,420747,481.82,08,SOCIAL SERVICES
2026-06-18,BHE-0947612197,BLACK HILLS POWER INC,12028526,11,2026-08-05,420748,428.62,08,SOCIAL SERVICES
2026-07-02,51365,BLACK HILLS POWERSPORTS,12050413,,2026-08-05,419672,365.1,06,"GAME, FISH AND PARKS"
2026-04-24,VRM260716401973,BLACK HILLS REGIONAL EYE INST,12053511,01,2026-08-05,418317,313.6,19,HUMAN SERVICES
2026-06-30,DCM173692323,BLACK HILLS REGIONAL EYE INST,12053138,,2026-08-05,421096,13.06,19,HUMAN SERVICES
2026-06-30,DCM173804226,BLACK HILLS REGIONAL EYE INST,12053138,,2026-08-05,421095,13.06,19,HUMAN SERVICES
2026-06-30,DCM174506574,BLACK HILLS REGIONAL EYE INST,12053138,,2026-08-05,421094,13.06,19,HUMAN SERVICES
2026-07-17,DCC11741852,BLACK HILLS REGIONAL EYE INST,12053138,,2026-08-05,421052,179.45,19,HUMAN SERVICES
2026-07-29,42132CON270908,BLACK HILLS SPECIAL SERVICES,12037282,,2026-08-05,426053,12675.15,09,HEALTH
2026-07-29,42133CON270213,BLACK HILLS SPECIAL SERVICES,12037282,,2026-08-05,426050,2420.16,09,HEALTH
2026-07-29,42135CON270607,BLACK HILLS SPECIAL SERVICES,12037282,,2026-08-05,426051,9206.3,09,HEALTH
2026-07-29,42146CON270006,BLACK HILLS SPECIAL SERVICES,12037282,,2026-08-05,426544,41437.69,09,HEALTH
2026-07-30,42128CON270139,BLACK HILLS SPECIAL SERVICES,12037282,,2026-08-05,426058,1934.79,09,HEALTH
2026-07-30,42129CON270061,BLACK HILLS SPECIAL SERVICES,12037282,,2026-08-05,426066,5754.08,09,HEALTH
2026-07-30,42139CON270201,BLACK HILLS SPECIAL SERVICES,12037282,,2026-08-05,426068,25602.62,09,HEALTH
2026-07-30,42140CON270247,BLACK HILLS SPECIAL SERVICES,12037282,,2026-08-05,426069,13685.82,09,HEALTH
2026-08-03,42130CON270917,BLACK HILLS SPECIAL SERVICES,12037282,,2026-08-05,427836,7509.98,09,HEALTH
2026-05-31,41816,BLACK HILLS SPECIAL SERVICES,12037282,,2026-08-05,421028,689.73,19,HUMAN SERVICES
2026-06-30,154046,BLACK HILLS WINDOW CLEANING,12042887,,2026-08-05,420679,96.0,028,LOTTERY
2024-07-31,13904,BLEND INTERACTIVE INC,12339083,,2026-08-05,428589,7556.25,27,UNIFIED JUDICIAL SYSTEMS
2026-06-30,13879,BLEND INTERACTIVE INC,12339083,,2026-08-05,426577,10000.0,27,UNIFIED JUDICIAL SYSTEMS
2026-07-31,13905,BLEND INTERACTIVE INC,12339083,,2026-08-05,428588,10000.0,27,UNIFIED JUDICIAL SYSTEMS
2026-07-23,AUGUS26 RENTDL,BLUE SAPPHIRE LLC,12684188,,2026-08-05,423417,3931.91,14,PUBLIC SAFETY
2026-07-15,1072,"BLUE, ROBERT J",12210645,,2026-08-05,419476A,4968.19,16,MILITARY
2026-07-15,1073,"BLUE, ROBERT J",12210645,,2026-08-05,419476,1097.48,16,MILITARY
2026-07-09,INV2252312,BOB BARKER CO,12114270,,2026-08-05,417783,480.72,08,SOCIAL SERVICES
2026-07-20,R27-21,"BOES, DEREK L",12535424,,2026-08-05,421158,500.0,19,HUMAN SERVICES
2026-07-20,R27-17,"BOIK, MARILYN J",12727294,,2026-08-05,421152,600.0,19,HUMAN SERVICES
2026-06-29,57618766,BOMGAARS SUPPLY INC,12024635,,2026-08-05,419739,75.94,06,"GAME, FISH AND PARKS"
2026-07-06,57622204,BOMGAARS SUPPLY INC,12024635,,2026-08-05,419740,405.9,06,"GAME, FISH AND PARKS"
2026-07-07,57622624,BOMGAARS SUPPLY INC,12024635,,2026-08-05,419690,35.96,06,"GAME, FISH AND PARKS"
2026-07-02,2148679,BOMGAARS SUPPLY INC,12024635,01,2026-08-05,417784,120.98,08,SOCIAL SERVICES
2026-07-07,2151751,BOMGAARS SUPPLY INC,12024635,01,2026-08-05,417785,75.84,08,SOCIAL SERVICES
2026-07-08,324-0726,BON HOMME YANKTON ELECT ASSN,12029352,,2026-08-05,418786,34219.54,06,"GAME, FISH AND PARKS"
2026-07-07,7726,BOOM CONCRETE INC,12049592,,2026-08-05,419747,2500.0,06,"GAME, FISH AND PARKS"
2026-03-04,DCM161271657,BOONE FAMILY CHIROPRACTIC PC,12025736,,2026-08-05,419338,14.56,19,HUMAN SERVICES
2026-04-24,DCM167113078,BOONE FAMILY CHIROPRACTIC PC,12025736,,2026-08-05,419346,13.06,19,HUMAN SERVICES
2026-07-06,DCT12084700,"BORDEAUX, SUSAN R",12670009,,2026-08-05,420142,140.0,19,HUMAN SERVICES
2026-07-06,932734965,BORDER STATES INDUSTRIES,12027268,01,2026-08-05,419753,394.15,06,"GAME, FISH AND PARKS"
2026-07-20,570114,"BOSCHEE, KATHLEEN A",12587557,,2026-08-05,420088,1850.0,19,HUMAN SERVICES
2026-07-22,27SC08C305260722,BOWLING GREEN INN OF SD,12113088,,2026-08-05,420726,70063.12,08,SOCIAL SERVICES
2026-08-04,0726CON270712,"BOYD, KATHRYN L",12712931,,2026-08-05,428581,4590.37,09,HEALTH
2026-06-29,JJDPA2026-05,BOYS & GIRLS CLUBS SIOUX EMPI,12041614,,2026-08-05,418177,5214.53,18,CORRECTIONS
2026-07-15,26-0715,"BRACHT, JILL M",12620861,,2026-08-05,418025,900.0,11,TRANSPORTATION
2026-08-04,M027BTR003,BRADLEY TOWN OF,12031004,,2026-08-05,M429214,37.54,02,REVENUE
2026-07-20,R27-26,"BRANCHFORD, MICHELLE M",12738935,,2026-08-05,421163,195.0,19,HUMAN SERVICES
2026-06-16,IN1018080,BRAUN INTERTEC CORPORATION,12463425,,2026-08-05,421367,2292.45,30,SCHOOL & PUBLIC LANDS
2026-07-07,FY2026-06,BRIGHTER TRANSITION YTC LLC,12369849,02,2026-08-05,418195,214563.01,18,CORRECTIONS
2026-07-16,INCENT2026-07A,BRIGHTER TRANSITION YTC LLC,12369849,02,2026-08-05,419118,1000.0,18,CORRECTIONS
2026-06-22,582123636CR,BRIGHTER TRANSITIONS YTC LLC,12369849,01,2026-08-05,418193,-262.89,18,CORRECTIONS
2026-07-08,STA2026-06,BRIGHTER TRANSITIONS YTC LLC,12369849,01,2026-08-05,418194,108612.84,18,CORRECTIONS
2026-06-05,38723,BRITTON INVESTMENTS LLP,12605102,,2026-08-05,418825,214.0,06,"GAME, FISH AND PARKS"
2026-06-05,38724,BRITTON INVESTMENTS LLP,12605102,,2026-08-05,418826,214.0,06,"GAME, FISH AND PARKS"
2026-06-08,2361,BROADWAY CHRYSLER DODGE JEEP,12011018,,2026-08-05,418592,1542.08,14,PUBLIC SAFETY
2026-06-09,2409,BROADWAY CHRYSLER DODGE JEEP,12011018,,2026-08-05,418593,477.35,14,PUBLIC SAFETY
2026-07-21,8897,BROOKE SUPPLIES LLC,12728395,,2026-08-05,420060,3390.0,18,CORRECTIONS
2026-07-16,HB1221-MAY-1312,BROOKINGS DOMESTIC ABUSE SHELT,12041023,,2026-08-05,418598,15096.7,14,PUBLIC SAFETY
2026-07-13,I230349,BROOKINGS EQUIPMENT INC,12046843,,2026-08-05,418817,41.12,06,"GAME, FISH AND PARKS"
2026-07-07,082700202-JUN,BROOKINGS UTILITIES,12054336,04,2026-08-05,418918,469.21,08,SOCIAL SERVICES
2026-07-07,082700203-JUN,BROOKINGS UTILITIES,12054336,04,2026-08-05,418919,449.35,08,SOCIAL SERVICES
2026-07-07,082700202-JUN,BROOKINGS UTILITIES,12054336,04,2026-08-05,418918,41.54,10,LABOR AND REGULATION
2026-07-07,082700203-JUN,BROOKINGS UTILITIES,12054336,04,2026-08-05,418919,39.79,10,LABOR AND REGULATION
2026-07-07,6241-000-0626,BROOKINGS UTILITIES,12054336,04,2026-08-05,418027,121.25,11,TRANSPORTATION
2026-07-07,6241-001-0626,BROOKINGS UTILITIES,12054336,04,2026-08-05,418028,121.25,11,TRANSPORTATION
2026-07-07,6241-002-0626,BROOKINGS UTILITIES,12054336,04,2026-08-05,418029,2303.57,11,TRANSPORTATION
2026-07-07,6241-004-0626,BROOKINGS UTILITIES,12054336,04,2026-08-05,418030,63.86,11,TRANSPORTATION
2026-07-07,6241-005-0626,BROOKINGS UTILITIES,12054336,04,2026-08-05,418031,55.65,11,TRANSPORTATION
2026-07-07,035530 07/07/26`,BROOKINGS UTILITIES,12054336,04,2026-08-05,419972,211.47,14,PUBLIC SAFETY
2026-07-07,162170320,BROOKINGS UTILITIES,12054336,04,2026-08-05,418133,726.44,16,MILITARY
2026-07-07,162170321,BROOKINGS UTILITIES,12054336,04,2026-08-05,418134,2390.33,16,MILITARY
2026-07-07,162170322,BROOKINGS UTILITIES,12054336,04,2026-08-05,418135,234.69,16,MILITARY
2026-07-07,008077-000JUN26,BROOKINGS UTILITIES,12054336,04,2026-08-05,420090,77.18,19,HUMAN SERVICES
2026-07-07,082700202-JUN,BROOKINGS UTILITIES,12054336,04,2026-08-05,418918,168.05,19,HUMAN SERVICES
2026-07-07,082700203-JUN,BROOKINGS UTILITIES,12054336,04,2026-08-05,418919,160.95,19,HUMAN SERVICES
2026-06-30,M44429B-FINAL,BROSZ ENGINEERING INC,12027853,02,2026-08-05,426592,6226.28,11,TRANSPORTATION
2026-06-30,S44421B-FINAL,BROSZ ENGINEERING INC,12027853,02,2026-08-05,426582,1845.08,11,TRANSPORTATION
2026-07-22,P44655C-FINAL,BROSZ ENGINEERING INC,12027853,02,2026-08-05,427858,9333.61,11,TRANSPORTATION
2026-07-22,P44656C-FINAL,BROSZ ENGINEERING INC,12027853,02,2026-08-05,427859,3569.57,11,TRANSPORTATION
2026-07-10,JJDPA-RED2026-06,BROWN COUNTY,12054226,06,2026-08-05,418182,4385.73,18,CORRECTIONS
2026-01-06,DCM155391292,BROWN COUNTY,12054226,06,2026-08-05,421057,35.0,19,HUMAN SERVICES
2026-04-08,DCM162421001,BROWN COUNTY,12054226,06,2026-08-05,419339,21.5,19,HUMAN SERVICES
2026-05-08,DCM165535551,BROWN COUNTY,12054226,06,2026-08-05,419344,14.06,19,HUMAN SERVICES
2026-07-15,933621,BROWN COUNTY LANDFILL,12054226,14,2026-08-05,418843,39.2,06,"GAME, FISH AND PARKS"
2026-07-02,26BC1986,BROWN COUNTY SHERIFF,12054226,07,2026-08-05,420705,54.68,08,SOCIAL SERVICES
2026-07-16,JJDPA2026-06,BRULE COUNTY AUDITOR,12054398,02,2026-08-05,418178,328.5,18,CORRECTIONS
2026-07-14,288669,BRULE COUNTY COOP ASSOCIATION,12028536,,2026-08-05,421490,35.0,11,TRANSPORTATION
2026-07-20,2026-CSW-005 #3,BRULE-BUFFALO CONSERV DIST,12056122,,2026-08-05,419448,2625.0,03,AGRICULTURE & NAT. RESOURCES
2026-05-13,1137,BRUNICK FURNITURE INC,12032082,,2026-08-05,418094,8500.0,16,MILITARY
2026-08-02,M067JT036,"BRUNS, SHANNON L",12751515,,2026-08-05,M427415,900.0,06,"GAME, FISH AND PARKS"
2026-07-30,I7YN-03M,BUILDERS ELECTRIC LLC,12624942,,2026-08-05,426598,10650.0,11,TRANSPORTATION
2026-08-03,I7YN-04M,BUILDERS ELECTRIC LLC,12624942,,2026-08-05,427866,2175.0,11,TRANSPORTATION
2026-06-16,900402303,BUILDERS FIRSTSOURCE INC,12555010,,2026-08-05,418094A,1711.24,16,MILITARY
2026-07-07,07072026,BUILDERS SOLUTIONS,12604085,,2026-08-05,419504,31.04,11,TRANSPORTATION
2026-07-15,348115,BURKE OIL COMPANY INC,12042906,,2026-08-05,418207,7992.35,18,CORRECTIONS
2026-08-03,M03700001,BURKE VETERINARY CLINIC PLLC,12747876,,2026-08-05,M427827,1721.52,03,AGRICULTURE & NAT. RESOURCES
2026-07-01,161323-10,BURNS & MCDONNELL ENGINEERING,12186252,,2026-08-05,420021,77500.0,18,CORRECTIONS
2026-06-27,Z067NE01,"BURT, THOMAS C",12738143,,2026-08-05,418871,190.4,06,"GAME, FISH AND PARKS"
2026-07-14,06CT0001701,BUTLER MACHINERY CO,12027105,,2026-08-05,4184164,400.0,16,MILITARY
2026-07-14,06CT0001702,BUTLER MACHINERY CO,12027105,,2026-08-05,418162,400.0,16,MILITARY
2026-07-14,21CT0000037,BUTLER MACHINERY CO,12027105,,2026-08-05,418163,575.0,16,MILITARY
2026-07-07,06PS0735946,BUTLER MACHINERY COMPANY,12027105,01,2026-08-05,419047,640.86,11,TRANSPORTATION
2026-07-09,06PS0736110,BUTLER MACHINERY COMPANY,12027105,01,2026-08-05,419046,853.6,11,TRANSPORTATION
2026-07-10,06PS0736214,BUTLER MACHINERY COMPANY,12027105,01,2026-08-05,419045,122.54,11,TRANSPORTATION
2026-07-10,21PS0029382,BUTLER MACHINERY COMPANY,12027105,01,2026-08-05,418034,485.76,11,TRANSPORTATION
2026-07-10,21PS0029383,BUTLER MACHINERY COMPANY,12027105,01,2026-08-05,418033,998.4,11,TRANSPORTATION
2026-07-11,06PS0736385,BUTLER MACHINERY COMPANY,12027105,01,2026-08-05,419049,687.73,11,TRANSPORTATION
2026-07-11,06W002362325,BUTLER MACHINERY COMPANY,12027105,01,2026-08-05,419048,1397.92,11,TRANSPORTATION
2026-07-16,5PS0335693,BUTLER MACHINERY COMPANY,12027105,01,2026-08-05,421605,640.86,11,TRANSPORTATION
2026-07-17,21PS0029538,BUTLER MACHINERY COMPANY,12027105,01,2026-08-05,420812,116.3,11,TRANSPORTATION
2026-07-25,08RR-11,BX CIVIL & CONSTRUCTION,12031057,,2026-08-05,426603,159433.65,11,TRANSPORTATION
2026-07-30,09X5-02,BX CIVIL & CONSTRUCTION,12031057,,2026-08-05,426602,315070.2,11,TRANSPORTATION
2026-07-31,08HX-03,BX CIVIL & CONSTRUCTION,12031057,,2026-08-05,426594,11508.55,11,TRANSPORTATION
2026-07-15,13768322,C & B OPERATIONS LLC,12024044,03,2026-08-05,421612,136.21,11,TRANSPORTATION
2026-07-20,4762915,C & B OPERATIONS LLC,12024044,03,2026-08-05,421593,504.35,11,TRANSPORTATION
2026-07-20,4770907,C & B OPERATIONS LLC,12024044,03,2026-08-05,421592,69.15,11,TRANSPORTATION
2026-07-10,1438775,C & R SUPPLY INC,12036118,,2026-08-05,418035,596.46,11,TRANSPORTATION
2026-06-25,2620,C EAGLE CONSTRUCTION LLC,12610541,,2026-08-05,418760,3998.0,03,AGRICULTURE & NAT. RESOURCES
2026-04-17,DCM165021082,C&K COUNSELING,12755016,,2026-08-05,421101,13.06,19,HUMAN SERVICES
2026-07-16,HB1221-APR-1320,CALL TO FREEDOM INC,12565365,,2026-08-05,418599,58377.2,14,PUBLIC SAFETY
2026-08-03,M03700001,"CAMPBELL, JENNIFER L",12739945,,2026-08-05,M427827,636.26,03,AGRICULTURE & NAT. RESOURCES
2026-08-04,M027BTR003,CANISTOTA CITY OF,12054360,,2026-08-05,M429214,90704.65,02,REVENUE
2026-06-30,27SC08B332-JUN,CAPITAL AREA COUNSELING SVC,12032117,,2026-08-05,419847,64138.5,08,SOCIAL SERVICES
2026-07-13,27SC08B302-JUN,CAPITAL AREA COUNSELING SVC,12032117,,2026-08-05,419850,4376.66,08,SOCIAL SERVICES
2026-07-22,27SC08B302260722,CAPITAL AREA COUNSELING SVC,12032117,,2026-08-05,420749,23005.65,08,SOCIAL SERVICES
2026-07-22,27SC08C306260722,CAPITAL AREA COUNSELING SVC,12032117,,2026-08-05,420730A,4031.45,08,SOCIAL SERVICES
2026-06-30,RC-0626,CAPITAL FIVE INC,12431196,,2026-08-05,419682,89.0,06,"GAME, FISH AND PARKS"
2026-07-20,846295,"CARDENAS, MANUEL",12537088,,2026-08-05,421536,560.25,14,PUBLIC SAFETY
2026-07-31,26212,CARDINAL HEALTH INC,12117161,,2026-08-05,428418,26558.07,18,CORRECTIONS
2026-07-31,26212B,CARDINAL HEALTH INC,12117161,,2026-08-05,428417,291504.22,18,CORRECTIONS
2026-06-29,VRM260720407756,CAREER ADVANTAGE,12035722,01,2026-08-05,419162,157.35,19,HUMAN SERVICES
2026-06-30,VRM260721406798,CAREER ADVANTAGE,12035722,01,2026-08-05,420147,2609.55,19,HUMAN SERVICES
2026-07-01,VRM260720400843,CAREER ADVANTAGE,12035722,01,2026-08-05,419164,3176.02,19,HUMAN SERVICES
2026-07-01,VRM260720401184,CAREER ADVANTAGE,12035722,01,2026-08-05,419161,314.7,19,HUMAN SERVICES
2026-07-01,VRM260720404490,CAREER ADVANTAGE,12035722,01,2026-08-05,419160,15.74,19,HUMAN SERVICES
2026-07-01,VRM260720407275,CAREER ADVANTAGE,12035722,01,2026-08-05,419159,62.94,19,HUMAN SERVICES
2026-07-01,VRM260720407464,CAREER ADVANTAGE,12035722,01,2026-08-05,419158,47.21,19,HUMAN SERVICES
2026-07-01,VRM260720407837,CAREER ADVANTAGE,12035722,01,2026-08-05,419163,376.38,19,HUMAN SERVICES
2026-07-01,VRM260721402212,CAREER ADVANTAGE,12035722,01,2026-08-05,420167,97.08,19,HUMAN SERVICES
2026-07-01,VRM260721403834,CAREER ADVANTAGE,12035722,01,2026-08-05,420166,1350.75,19,HUMAN SERVICES
2026-07-01,VRM260722407183,CAREER ADVANTAGE,12035722,01,2026-08-05,421209,173.09,19,HUMAN SERVICES
2026-07-01,VRM260722407280,CAREER ADVANTAGE,12035722,01,2026-08-05,421210,28.17,19,HUMAN SERVICES
2026-07-01,VRM260722407540,CAREER ADVANTAGE,12035722,01,2026-08-05,421211,275.65,19,HUMAN SERVICES
2026-07-09,42682,CARLSON HARDWARE & SUPPLY LLC,12737405,,2026-08-05,419710,73.06,06,"GAME, FISH AND PARKS"
2026-07-21,42888,CARLSON HARDWARE & SUPPLY LLC,12737405,,2026-08-05,419707,201.45,06,"GAME, FISH AND PARKS"
2026-07-21,42892,CARLSON HARDWARE & SUPPLY LLC,12737405,,2026-08-05,419699,24.06,06,"GAME, FISH AND PARKS"
2026-07-13,13417432DU,CARROLL INSTITUTE,12037492,,2026-08-05,421340,4337.34,27,UNIFIED JUDICIAL SYSTEMS
2026-07-13,21338699DU,CARROLL INSTITUTE,12037492,,2026-08-05,421352,1730.82,27,UNIFIED JUDICIAL SYSTEMS
2026-07-13,2253,CASEY TIBBS FOUNDATION,12184263,,2026-08-05,419975,500.0,14,PUBLIC SAFETY
2026-08-03,M03700001,CATL RESOURCES PC,12733405,,2026-08-05,M427827,4230.0,03,AGRICULTURE & NAT. RESOURCES
2026-07-22,018318-2-26,CBRE INC,12755439,,2026-08-05,420345,6500.0,010,GOVERNOR'S OFFICE
2026-07-02,5417758195,CCH INC,12005063,,2026-08-05,420574,45987.7,288,LEGISLATIVE AUDIT
2026-06-11,AJ7DK2F,CDW GOVERNMENT INC,12018139,01,2026-08-05,418486,487.6,03,AGRICULTURE & NAT. RESOURCES
2026-07-10,AK1LR6L,CDW GOVERNMENT INC,12018139,01,2026-08-05,420364,165.0,03,AGRICULTURE & NAT. RESOURCES
2026-07-09,AK1JT4J,CDW GOVERNMENT INC,12018139,01,2026-08-05,421448,7186.74,08,SOCIAL SERVICES
2026-07-10,AK1KN7Z,CDW GOVERNMENT INC,12018139,01,2026-08-05,421447,285.06,08,SOCIAL SERVICES
2026-06-17,AJ72T4A,CDW GOVERNMENT INC,12018139,01,2026-08-05,418011,546.68,11,TRANSPORTATION
2026-06-30,AJ9HT6B,CDW GOVERNMENT INC,12018139,01,2026-08-05,418660,49.36,14,PUBLIC SAFETY
2026-07-09,AK1EV2Y,CDW GOVERNMENT INC,12018139,01,2026-08-05,419998,488.28,14,PUBLIC SAFETY
2026-07-10,AK1L45F,CDW GOVERNMENT INC,12018139,01,2026-08-05,419999,4665.9,14,PUBLIC SAFETY
2026-07-13,AK1RL1E,CDW GOVERNMENT INC,12018139,01,2026-08-05,419993,1161.2,14,PUBLIC SAFETY
2026-06-24,AJ8SP7T,CDW GOVERNMENT INC,12018139,01,2026-08-05,418076,37.29,16,MILITARY
2026-06-24,AJ8SS6S,CDW GOVERNMENT INC,12018139,01,2026-08-05,418075,186.45,16,MILITARY
2026-07-20,AK1BR3L,CDW GOVERNMENT INC,12018139,01,2026-08-05,419025,59.34,25,RETIREMENT SYSTEM
2026-07-02,AJ9U13N,CDW GOVERNMENT INC,12018139,01,2026-08-05,420290,2990.4,281,LEGISLATIVE RESEARCH COUNCIL
2026-07-03,6147687379,CELLCO PARTNERSHIP,12207494,,2026-08-05,419962,120.03,14,PUBLIC SAFETY
2026-07-09,6148191778,CELLCO PARTNERSHIP,12207494,,2026-08-05,419133,2900.85,18,CORRECTIONS
2026-07-09,6148191779,CELLCO PARTNERSHIP,12207494,,2026-08-05,419130,1033.67,18,CORRECTIONS
2026-07-07,6147970499,CELLCO PARTNERSHIP,12207494,,2026-08-05,421288,400.1,27,UNIFIED JUDICIAL SYSTEMS
2026-07-07,6147981558,CELLCO PARTNERSHIP,12207494,,2026-08-05,420239,309.99,27,UNIFIED JUDICIAL SYSTEMS
2026-07-07,6148035233,CELLCO PARTNERSHIP,12207494,,2026-08-05,421277,360.36,27,UNIFIED JUDICIAL SYSTEMS
2026-07-07,6148035234,CELLCO PARTNERSHIP,12207494,,2026-08-05,421278,1541.51,27,UNIFIED JUDICIAL SYSTEMS
2026-07-10,DCC12114810,CENTER FOR FAMILY MEDICINE,12033290,,2026-08-05,419293,681.57,19,HUMAN SERVICES
2026-08-04,M027BTR003,CENTERVILLE CITY OF,12054387,,2026-08-05,M429214,2830.43,02,REVENUE
2026-07-01,683418,CENTRAL NETWORK RETAIL GROUP,12598364,,2026-08-05,419505,48.05,11,TRANSPORTATION
2026-07-08,384116/6,CENTRAL NETWORK RETAIL GROUP,12598364,,2026-08-05,418014,52.07,11,TRANSPORTATION
2026-07-14,384263/6,CENTRAL NETWORK RETAIL GROUP,12598364,,2026-08-05,418013,30.57,11,TRANSPORTATION
2026-07-15,384276/6,CENTRAL NETWORK RETAIL GROUP,12598364,,2026-08-05,418012,364.81,11,TRANSPORTATION
2026-07-16,307557/5,CENTRAL NETWORK RETAIL GROUP,12598364,,2026-08-05,421610,15.97,11,TRANSPORTATION
2026-07-20,384350/6,CENTRAL NETWORK RETAIL GROUP,12598364,,2026-08-05,420819,125.44,11,TRANSPORTATION
2026-07-08,ICMN-SD-70826,CENTURION OF MINNESOTA LLC,12714484,,2026-08-05,420045,1168.01,18,CORRECTIONS
2026-07-15,865295,CENTURY BUSINESS PRODUCTS INC,12039139,,2026-08-05,421416,310.45,02,REVENUE
2026-06-29,862100,CENTURY BUSINESS PRODUCTS INC,12039139,,2026-08-05,419683,323.88,06,"GAME, FISH AND PARKS"
2026-06-22,864880,CENTURY BUSINESS PRODUCTS INC,12039139,,2026-08-05,418126,89.67,17,VETERANS' AFFAIRS
2026-07-20,865764,CENTURY BUSINESS PRODUCTS INC,12039139,,2026-08-05,421551,582.99,281,LEGISLATIVE RESEARCH COUNCIL
2026-07-23,01707017,CENTURYLINK COMMUNICATIONS LLC,12188416,,2026-08-05,421403,12.46,010,GOVERNOR'S OFFICE
2026-06-24,512452421JUN26,CENTURYLINK COMMUNICATIONS LLC,12188416,,2026-08-05,418528,844.08,03,AGRICULTURE & NAT. RESOURCES
2026-06-16,60585322120626,CENTURYLINK COMMUNICATIONS LLC,12188416,,2026-08-05,419526,90.32,11,TRANSPORTATION
2026-06-22,334113615-062226,CENTURYLINK COMMUNICATIONS LLC,12188416,,2026-08-05,418589,82.64,14,PUBLIC SAFETY
2026-07-01,333604113 JUL26,CENTURYLINK COMMUNICATIONS LLC,12188416,,2026-08-05,418654,383.56,14,PUBLIC SAFETY
2026-07-07,333518251-070726,CENTURYLINK COMMUNICATIONS LLC,12188416,,2026-08-05,419994,64.44,14,PUBLIC SAFETY
2026-06-23,277106232026,CENTURYLINK COMMUNICATIONS LLC,12188416,,2026-08-05,421289,348.75,27,UNIFIED JUDICIAL SYSTEMS
2026-06-28,6058543811 JUN26,CENTURYLINK COMMUNICATIONS LLC,12188416,,2026-08-05,420248,184.3,27,UNIFIED JUDICIAL SYSTEMS
2026-07-01,6059972443 JUL26,CENTURYLINK COMMUNICATIONS LLC,12188416,,2026-08-05,419396,230.41,27,UNIFIED JUDICIAL SYSTEMS
2026-07-16,792610717,CENTURYLINKCOMM,12188416,03,2026-08-05,419650,10761.38,013,BUREAU OF INFORMATION & TECH
2026-07-16,652887,CERILLIANT CORPORATION,12119421,,2026-08-05,418963,4836.86,09,HEALTH
2026-07-20,R27-28,CEVEJA REIGN RICE-FLOWERS,12755134,,2026-08-05,421165,30.0,19,HUMAN SERVICES
2026-07-14,I065871,CHANDLERS INC,12047379,,2026-08-05,419070,50.0,11,TRANSPORTATION
2026-07-14,2025-CSW-008 #4,CHARLES MIX CONSERVATION DIST,12519500,,2026-08-05,418520,123.2,03,AGRICULTURE & NAT. RESOURCES
2026-07-14,2026-CSW-009 #3,CHARLES MIX CONSERVATION DIST,12519500,,2026-08-05,418519,3212.88,03,AGRICULTURE & NAT. RESOURCES
2026-06-15,20260615,CHARLES MIX COUNTY,12054747,51,2026-08-05,419081,20.0,11,TRANSPORTATION
2026-07-08,0626CON261316,CHARLES MIX COUNTY AUDITOR,12054747,06,2026-08-05,418958,330.0,09,HEALTH
2026-07-02,0450545-IN,CHARM-TEX INC,12004072,,2026-08-05,421009,729.6,18,CORRECTIONS
2026-07-14,082700220-JUN,CHERRY-TODD ELECTRIC COOP INC,12030381,,2026-08-05,420766A,455.23,08,SOCIAL SERVICES
2026-08-04,M027BTR003,CHEYENNE RIVER SIOUX TRIB,12029542,12,2026-08-05,M429214,537933.61,02,REVENUE
2026-07-01,CCHS-06,CHILDRENS CARE HOSP & SCHOOL,12029968,01,2026-08-05,419812,2718.2,08,SOCIAL SERVICES
2026-07-14,DCC11971366,CHILDRENS CARE HOSP & SCHOOL,12029968,02,2026-08-05,419378,205.61,19,HUMAN SERVICES
2026-07-15,0626CON271128,CHILDRENS HOME SOCIETY OF SD,12029711,,2026-08-05,419870,81589.54,09,HEALTH
2026-07-16,2026-MAY-12,CHILDRENS HOME SOCIETY OF SD,12029711,02,2026-08-05,418603,171.7,14,PUBLIC SAFETY
2026-07-16,HB1221-MAY-1192,CHILDRENS HOME SOCIETY OF SD,12029711,02,2026-08-05,418602,161494.62,14,PUBLIC SAFETY
2026-06-29,DCM171525426,CHILDRENS HOSPITAL,12057644,,2026-08-05,421109,35.0,19,HUMAN SERVICES
2026-06-29,DCM174060178,CHILDRENS HOSPITAL,12057644,,2026-08-05,421124,35.0,19,HUMAN SERVICES
2026-07-22,27SC08C308260722,CHOICES RECOVERY SERVICES INC,12297561,,2026-08-05,420730,16037.2,08,SOCIAL SERVICES
2026-07-13,26-06,CHOICES RECOVERY SERVICES INC,12297561,,2026-08-05,421349,570.6,27,UNIFIED JUDICIAL SYSTEMS
2026-07-13,26-06.1,CHOICES RECOVERY SERVICES INC,12297561,,2026-08-05,421270,1068.44,27,UNIFIED JUDICIAL SYSTEMS
2026-07-13,26-06.2,CHOICES RECOVERY SERVICES INC,12297561,,2026-08-05,421272,2617.96,27,UNIFIED JUDICIAL SYSTEMS
2026-07-13,26-06.3,CHOICES RECOVERY SERVICES INC,12297561,,2026-08-05,421271,1048.72,27,UNIFIED JUDICIAL SYSTEMS
2026-07-13,26-06.4,CHOICES RECOVERY SERVICES INC,12297561,,2026-08-05,421269,912.96,27,UNIFIED JUDICIAL SYSTEMS
2026-06-30,LC7STMTJUN,CHRIS BURKE LLC,12223601,,2026-08-05,418790,11726.0,06,"GAME, FISH AND PARKS"
2026-08-04,M067JT037,"CHRISTENSEN, CHARLES L",12094445,,2026-08-05,M427830,5595.0,06,"GAME, FISH AND PARKS"
2026-06-19,07970,CHS INC,12020868,09,2026-08-05,418837,1835.24,06,"GAME, FISH AND PARKS"
2026-07-19,IB5-IB4225,CHS INC,12020868,37,2026-08-05,421575,9611.05,11,TRANSPORTATION
2026-07-19,IB5-IB4226,CHS INC,12020868,37,2026-08-05,421576,4190.8,11,TRANSPORTATION
2026-06-07,4,"CHURCHILL, MURPHY E",12731857,,2026-08-05,419681,1200.0,06,"GAME, FISH AND PARKS"
2026-07-10,25161-4,CIAVARELLA DESIGN INC,12208722,,2026-08-05,418744,3750.0,012,BHRA ADMINISTRATION
2026-07-10,25165-4,CIAVARELLA DESIGN INC,12208722,,2026-08-05,418745,1662.5,012,BHRA ADMINISTRATION
2026-06-19,0562307178,CIOX HEALTH LLC,12115581,02,2026-08-05,418345,35.0,19,HUMAN SERVICES
2026-06-20,0562344675,CIOX HEALTH LLC,12115581,02,2026-08-05,419166,35.0,19,HUMAN SERVICES
2026-06-30,0563433819,CIOX HEALTH LLC,12115581,02,2026-08-05,418273,22.62,19,HUMAN SERVICES
2026-07-01,0562961893,CIOX HEALTH LLC,12115581,02,2026-08-05,419155,35.0,19,HUMAN SERVICES
2026-07-02,0563019695,CIOX HEALTH LLC,12115581,02,2026-08-05,418289,31.52,19,HUMAN SERVICES
2026-07-06,0563318457,CIOX HEALTH LLC,12115581,02,2026-08-05,418288,11.02,19,HUMAN SERVICES
2026-07-09,0564485599,CIOX HEALTH LLC,12115581,02,2026-08-05,420452.,16.02,19,HUMAN SERVICES
2026-07-10,0564634785,CIOX HEALTH LLC,12115581,02,2026-08-05,421030,16.52,19,HUMAN SERVICES
2026-07-11,DCM172953064,CIOX HEALTH LLC,12115581,02,2026-08-05,420170,14.06,19,HUMAN SERVICES
2026-07-11,DCM174418087,CIOX HEALTH LLC,12115581,02,2026-08-05,419192,15.56,19,HUMAN SERVICES
2026-07-11,DCM174647042,CIOX HEALTH LLC,12115581,02,2026-08-05,419208,30.56,19,HUMAN SERVICES
2026-07-11,DCM174662939,CIOX HEALTH LLC,12115581,02,2026-08-05,419212,13.06,19,HUMAN SERVICES
2026-07-11,DCM174817440,CIOX HEALTH LLC,12115581,02,2026-08-05,419216,31.56,19,HUMAN SERVICES
2026-07-11,DCM174977562,CIOX HEALTH LLC,12115581,02,2026-08-05,420173,13.06,19,HUMAN SERVICES
2026-07-11,DCM175015151,CIOX HEALTH LLC,12115581,02,2026-08-05,419225,13.06,19,HUMAN SERVICES
2026-07-11,DCM175081148,CIOX HEALTH LLC,12115581,02,2026-08-05,420176,35.0,19,HUMAN SERVICES
2026-07-11,DCM175096053,CIOX HEALTH LLC,12115581,02,2026-08-05,420178A,35.0,19,HUMAN SERVICES
2026-07-11,DCM175175545,CIOX HEALTH LLC,12115581,02,2026-08-05,420179,13.06,19,HUMAN SERVICES
2026-07-11,DCM175175700,CIOX HEALTH LLC,12115581,02,2026-08-05,420180,13.06,19,HUMAN SERVICES
2026-07-11,DCM175178626,CIOX HEALTH LLC,12115581,02,2026-08-05,419230,35.0,19,HUMAN SERVICES
2026-07-11,DCM175178817,CIOX HEALTH LLC,12115581,02,2026-08-05,420181,24.56,19,HUMAN SERVICES
2026-07-11,DCM175178948,CIOX HEALTH LLC,12115581,02,2026-08-05,420182,13.06,19,HUMAN SERVICES
2026-07-11,DCM175184997,CIOX HEALTH LLC,12115581,02,2026-08-05,420183,28.06,19,HUMAN SERVICES
2026-07-11,DCM175184998,CIOX HEALTH LLC,12115581,02,2026-08-05,420184,13.06,19,HUMAN SERVICES
2026-07-11,DCM175186329,CIOX HEALTH LLC,12115581,02,2026-08-05,420185,13.06,19,HUMAN SERVICES
2026-07-11,DCM175186330,CIOX HEALTH LLC,12115581,02,2026-08-05,420186,13.06,19,HUMAN SERVICES
2026-07-11,DCM175233490,CIOX HEALTH LLC,12115581,02,2026-08-05,420187,13.06,19,HUMAN SERVICES
2026-07-11,DCM175237501,CIOX HEALTH LLC,12115581,02,2026-08-05,420188,24.56,19,HUMAN SERVICES
2026-07-11,DCM175242631,CIOX HEALTH LLC,12115581,02,2026-08-05,420190,35.0,19,HUMAN SERVICES
2026-07-11,DCM175242632,CIOX HEALTH LLC,12115581,02,2026-08-05,420189,13.06,19,HUMAN SERVICES
2026-07-11,DCM175242633,CIOX HEALTH LLC,12115581,02,2026-08-05,420191,17.56,19,HUMAN SERVICES
2026-07-11,DCM175269259,CIOX HEALTH LLC,12115581,02,2026-08-05,420192,13.56,19,HUMAN SERVICES
2026-07-11,DCM175274049,CIOX HEALTH LLC,12115581,02,2026-08-05,420194,35.0,19,HUMAN SERVICES
2026-07-11,DCM175284341,CIOX HEALTH LLC,12115581,02,2026-08-05,420197,35.0,19,HUMAN SERVICES
2026-07-11,DCM175290771,CIOX HEALTH LLC,12115581,02,2026-08-05,420198,28.56,19,HUMAN SERVICES
2026-07-11,DCM175298623,CIOX HEALTH LLC,12115581,02,2026-08-05,420199,21.56,19,HUMAN SERVICES
2026-07-11,DCM175298624,CIOX HEALTH LLC,12115581,02,2026-08-05,420200,20.56,19,HUMAN SERVICES
2026-07-11,DCM175304524,CIOX HEALTH LLC,12115581,02,2026-08-05,420201,35.0,19,HUMAN SERVICES
2026-07-11,DCM175308382,CIOX HEALTH LLC,12115581,02,2026-08-05,420202,14.56,19,HUMAN SERVICES
2026-07-11,DCM175446660,CIOX HEALTH LLC,12115581,02,2026-08-05,420210,13.56,19,HUMAN SERVICES
2026-07-11,DCM175446806,CIOX HEALTH LLC,12115581,02,2026-08-05,420211,13.56,19,HUMAN SERVICES
2026-07-13,0563967540,CIOX HEALTH LLC,12115581,02,2026-08-05,418307,11.02,19,HUMAN SERVICES
2026-07-13,0563970337,CIOX HEALTH LLC,12115581,02,2026-08-05,418309,31.02,19,HUMAN SERVICES
2026-07-13,0563986390,CIOX HEALTH LLC,12115581,02,2026-08-05,418308,11.02,19,HUMAN SERVICES
2026-07-13,0564034610,CIOX HEALTH LLC,12115581,02,2026-08-05,418306,35.0,19,HUMAN SERVICES
2026-07-13,0564798837,CIOX HEALTH LLC,12115581,02,2026-08-05,420155,13.02,19,HUMAN SERVICES
2026-07-13,DCM175178648,CIOX HEALTH LLC,12115581,02,2026-08-05,419231,13.06,19,HUMAN SERVICES
2026-07-13,DCM175269260,CIOX HEALTH LLC,12115581,02,2026-08-05,420193,35.0,19,HUMAN SERVICES
2026-07-13,DCM175277914,CIOX HEALTH LLC,12115581,02,2026-08-05,420195,35.0,19,HUMAN SERVICES
2026-07-13,DCM175280779,CIOX HEALTH LLC,12115581,02,2026-08-05,420196,34.56,19,HUMAN SERVICES
2026-07-14,0563654978,CIOX HEALTH LLC,12115581,02,2026-08-05,418305,11.02,19,HUMAN SERVICES
2026-07-14,0564955584,CIOX HEALTH LLC,12115581,02,2026-08-05,420159,11.02,19,HUMAN SERVICES
2026-07-14,0564978368,CIOX HEALTH LLC,12115581,02,2026-08-05,420158,11.02,19,HUMAN SERVICES
2026-07-14,0564979870,CIOX HEALTH LLC,12115581,02,2026-08-05,420157,11.02,19,HUMAN SERVICES
2026-07-14,0564982210,CIOX HEALTH LLC,12115581,02,2026-08-05,420160,21.02,19,HUMAN SERVICES
2026-07-14,DCM173934041,CIOX HEALTH LLC,12115581,02,2026-08-05,421118,13.06,19,HUMAN SERVICES
2026-07-14,DCM174082653,CIOX HEALTH LLC,12115581,02,2026-08-05,420171,13.06,19,HUMAN SERVICES
2026-07-14,DCM174121992,CIOX HEALTH LLC,12115581,02,2026-08-05,420172,23.06,19,HUMAN SERVICES
2026-07-14,DCM174984942,CIOX HEALTH LLC,12115581,02,2026-08-05,420174,35.0,19,HUMAN SERVICES
2026-07-14,DCM175002663,CIOX HEALTH LLC,12115581,02,2026-08-05,420175,13.06,19,HUMAN SERVICES
2026-07-14,DCM175088855,CIOX HEALTH LLC,12115581,02,2026-08-05,420177,13.06,19,HUMAN SERVICES
2026-07-14,DCM175320227,CIOX HEALTH LLC,12115581,02,2026-08-05,420203,25.06,19,HUMAN SERVICES
2026-07-14,DCM175320394,CIOX HEALTH LLC,12115581,02,2026-08-05,420204,29.06,19,HUMAN SERVICES
2026-07-14,DCM175323561,CIOX HEALTH LLC,12115581,02,2026-08-05,420205,35.0,19,HUMAN SERVICES
2026-07-14,DCM175327414,CIOX HEALTH LLC,12115581,02,2026-08-05,420206,13.06,19,HUMAN SERVICES
2026-07-14,DCM175377343,CIOX HEALTH LLC,12115581,02,2026-08-05,420207,34.56,19,HUMAN SERVICES
2026-07-14,DCM175418238,CIOX HEALTH LLC,12115581,02,2026-08-05,420208,13.06,19,HUMAN SERVICES
2026-07-14,DCM175434038,CIOX HEALTH LLC,12115581,02,2026-08-05,420209,35.0,19,HUMAN SERVICES
2026-07-14,DCM175452954,CIOX HEALTH LLC,12115581,02,2026-08-05,420212,13.06,19,HUMAN SERVICES
2026-07-14,DCM175452956,CIOX HEALTH LLC,12115581,02,2026-08-05,420213,13.06,19,HUMAN SERVICES
2026-07-14,DCM175453356,CIOX HEALTH LLC,12115581,02,2026-08-05,420214,29.56,19,HUMAN SERVICES
2026-07-14,DCM175455074,CIOX HEALTH LLC,12115581,02,2026-08-05,420215,13.06,19,HUMAN SERVICES
2026-07-14,DCM175455540,CIOX HEALTH LLC,12115581,02,2026-08-05,420216,13.06,19,HUMAN SERVICES
2026-07-14,DCM175458984,CIOX HEALTH LLC,12115581,02,2026-08-05,420217,13.06,19,HUMAN SERVICES
2026-07-14,DCM175459166,CIOX HEALTH LLC,12115581,02,2026-08-05,420218,35.0,19,HUMAN SERVICES
2026-07-14,DCM175460901,CIOX HEALTH LLC,12115581,02,2026-08-05,420219,13.06,19,HUMAN SERVICES
2026-07-14,DCM175509706,CIOX HEALTH LLC,12115581,02,2026-08-05,420220,13.06,19,HUMAN SERVICES
2026-07-14,DCM175543607,CIOX HEALTH LLC,12115581,02,2026-08-05,420221,13.06,19,HUMAN SERVICES
2026-07-14,DCM175543800,CIOX HEALTH LLC,12115581,02,2026-08-05,420222,14.06,19,HUMAN SERVICES
2026-07-14,DCM175545732,CIOX HEALTH LLC,12115581,02,2026-08-05,420223,13.06,19,HUMAN SERVICES
2026-07-14,DCM175549909,CIOX HEALTH LLC,12115581,02,2026-08-05,420224,13.06,19,HUMAN SERVICES
2026-07-14,DCM175562247,CIOX HEALTH LLC,12115581,02,2026-08-05,420225,16.56,19,HUMAN SERVICES
2026-07-14,DCM175562248,CIOX HEALTH LLC,12115581,02,2026-08-05,420228,30.06,19,HUMAN SERVICES
2026-07-14,DCM175562249,CIOX HEALTH LLC,12115581,02,2026-08-05,420227,13.06,19,HUMAN SERVICES
2026-07-14,DCM175562250,CIOX HEALTH LLC,12115581,02,2026-08-05,420226,13.06,19,HUMAN SERVICES
2026-07-15,0565158320,CIOX HEALTH LLC,12115581,02,2026-08-05,421233,35.0,19,HUMAN SERVICES
2026-07-15,0565236487,CIOX HEALTH LLC,12115581,02,2026-08-05,421235,11.02,19,HUMAN SERVICES
2026-07-15,0565237526,CIOX HEALTH LLC,12115581,02,2026-08-05,421234,11.02,19,HUMAN SERVICES
2026-07-15,DCM175030569,CIOX HEALTH LLC,12115581,02,2026-08-05,419270,28.06,19,HUMAN SERVICES
2026-07-15,DCM175186331,CIOX HEALTH LLC,12115581,02,2026-08-05,419273,13.06,19,HUMAN SERVICES
2026-07-15,DCM175455076,CIOX HEALTH LLC,12115581,02,2026-08-05,419276,13.06,19,HUMAN SERVICES
2026-07-15,DCM175575691,CIOX HEALTH LLC,12115581,02,2026-08-05,419277,13.06,19,HUMAN SERVICES
2026-07-15,DCM175579034,CIOX HEALTH LLC,12115581,02,2026-08-05,419278,13.06,19,HUMAN SERVICES
2026-07-15,DCM175584069,CIOX HEALTH LLC,12115581,02,2026-08-05,419279,24.56,19,HUMAN SERVICES
2026-07-15,DCM175587191,CIOX HEALTH LLC,12115581,02,2026-08-05,419280,30.06,19,HUMAN SERVICES
2026-07-15,DCM175588101,CIOX HEALTH LLC,12115581,02,2026-08-05,419282,35.0,19,HUMAN SERVICES
2026-07-15,DCM175588762,CIOX HEALTH LLC,12115581,02,2026-08-05,419281,35.0,19,HUMAN SERVICES
2026-07-15,DCM175676897,CIOX HEALTH LLC,12115581,02,2026-08-05,419283,13.06,19,HUMAN SERVICES
2026-07-15,DCM175676898,CIOX HEALTH LLC,12115581,02,2026-08-05,419284,25.56,19,HUMAN SERVICES
2026-07-15,DCM175676900,CIOX HEALTH LLC,12115581,02,2026-08-05,419285,35.0,19,HUMAN SERVICES
2026-07-15,DCM175678067,CIOX HEALTH LLC,12115581,02,2026-08-05,419286,13.06,19,HUMAN SERVICES
2026-07-15,DCM175679873,CIOX HEALTH LLC,12115581,02,2026-08-05,419287,13.56,19,HUMAN SERVICES
2026-07-15,DCM175679875,CIOX HEALTH LLC,12115581,02,2026-08-05,419288,35.0,19,HUMAN SERVICES
2026-07-15,DCM175679876,CIOX HEALTH LLC,12115581,02,2026-08-05,419289,29.06,19,HUMAN SERVICES
2026-07-15,DCM175686578,CIOX HEALTH LLC,12115581,02,2026-08-05,419290,30.06,19,HUMAN SERVICES
2026-07-15,DCM175686580,CIOX HEALTH LLC,12115581,02,2026-08-05,421065,35.0,19,HUMAN SERVICES
2026-07-15,DCM175689903,CIOX HEALTH LLC,12115581,02,2026-08-05,421066,17.06,19,HUMAN SERVICES
2026-07-15,DCM175689905,CIOX HEALTH LLC,12115581,02,2026-08-05,421067,35.0,19,HUMAN SERVICES
2026-07-15,DCM175694649,CIOX HEALTH LLC,12115581,02,2026-08-05,421068,35.0,19,HUMAN SERVICES
2026-07-15,DCM175702999,CIOX HEALTH LLC,12115581,02,2026-08-05,421069,29.56,19,HUMAN SERVICES
2026-07-15,DCM175707204,CIOX HEALTH LLC,12115581,02,2026-08-05,421070,19.06,19,HUMAN SERVICES
2026-07-15,DCM175707861,CIOX HEALTH LLC,12115581,02,2026-08-05,421071,22.06,19,HUMAN SERVICES
2026-07-15,DCM175710046,CIOX HEALTH LLC,12115581,02,2026-08-05,421073,13.06,19,HUMAN SERVICES
2026-07-15,DCM175712821,CIOX HEALTH LLC,12115581,02,2026-08-05,421074,35.0,19,HUMAN SERVICES
2026-07-15,DCM175713054,CIOX HEALTH LLC,12115581,02,2026-08-05,421075,18.06,19,HUMAN SERVICES
2026-07-15,DCM175715280,CIOX HEALTH LLC,12115581,02,2026-08-05,421076,13.06,19,HUMAN SERVICES
2026-07-15,DCM175717766,CIOX HEALTH LLC,12115581,02,2026-08-05,421077,35.0,19,HUMAN SERVICES
2026-07-15,DCM175726734,CIOX HEALTH LLC,12115581,02,2026-08-05,421078,13.06,19,HUMAN SERVICES
2026-07-15,DCM175729804,CIOX HEALTH LLC,12115581,02,2026-08-05,421079,35.0,19,HUMAN SERVICES
2026-07-15,DCM175732579,CIOX HEALTH LLC,12115581,02,2026-08-05,421081,35.0,19,HUMAN SERVICES
2026-07-15,DCM175732580,CIOX HEALTH LLC,12115581,02,2026-08-05,421082,35.0,19,HUMAN SERVICES
2026-07-15,DCM175732581,CIOX HEALTH LLC,12115581,02,2026-08-05,421080,30.06,19,HUMAN SERVICES
2026-07-15,DCM175732584,CIOX HEALTH LLC,12115581,02,2026-08-05,421083,13.06,19,HUMAN SERVICES
2026-07-15,DCM175734320,CIOX HEALTH LLC,12115581,02,2026-08-05,421084,18.56,19,HUMAN SERVICES
2026-07-15,DCM175735136,CIOX HEALTH LLC,12115581,02,2026-08-05,421085,13.06,19,HUMAN SERVICES
2026-07-15,DCM175735645,CIOX HEALTH LLC,12115581,02,2026-08-05,421086,18.56,19,HUMAN SERVICES
2026-07-15,DCM175736969,CIOX HEALTH LLC,12115581,02,2026-08-05,421087,35.0,19,HUMAN SERVICES
2026-07-15,DCM175737045,CIOX HEALTH LLC,12115581,02,2026-08-05,421088,14.06,19,HUMAN SERVICES
2026-07-15,DCM175737052,CIOX HEALTH LLC,12115581,02,2026-08-05,421093,35.0,19,HUMAN SERVICES
2026-07-15,DCM175737192,CIOX HEALTH LLC,12115581,02,2026-08-05,421089,13.06,19,HUMAN SERVICES
2026-07-15,DCM175738334,CIOX HEALTH LLC,12115581,02,2026-08-05,419366,13.06,19,HUMAN SERVICES
2026-07-15,DCM175741805,CIOX HEALTH LLC,12115581,02,2026-08-05,419367,13.06,19,HUMAN SERVICES
2026-07-15,DCM175741806,CIOX HEALTH LLC,12115581,02,2026-08-05,419368,13.06,19,HUMAN SERVICES
2026-07-15,DCM175742175,CIOX HEALTH LLC,12115581,02,2026-08-05,419369,35.0,19,HUMAN SERVICES
2026-07-15,DCM175742544,CIOX HEALTH LLC,12115581,02,2026-08-05,419370,13.06,19,HUMAN SERVICES
2026-07-15,DCM175744213,CIOX HEALTH LLC,12115581,02,2026-08-05,419371,17.06,19,HUMAN SERVICES
2026-07-15,DCM175744214,CIOX HEALTH LLC,12115581,02,2026-08-05,419372,13.06,19,HUMAN SERVICES
2026-07-15,DCM175745292,CIOX HEALTH LLC,12115581,02,2026-08-05,419373,35.0,19,HUMAN SERVICES
2026-07-15,DCM175746890,CIOX HEALTH LLC,12115581,02,2026-08-05,419374,35.0,19,HUMAN SERVICES
2026-07-16,DCM173402761,CIOX HEALTH LLC,12115581,02,2026-08-05,421058,13.06,19,HUMAN SERVICES
2026-07-16,DCM174554576,CIOX HEALTH LLC,12115581,02,2026-08-05,421060,35.0,19,HUMAN SERVICES
2026-07-16,DCM174554577,CIOX HEALTH LLC,12115581,02,2026-08-05,421061,27.56,19,HUMAN SERVICES
2026-07-16,DCM175666596,CIOX HEALTH LLC,12115581,02,2026-08-05,421063,13.06,19,HUMAN SERVICES
2026-07-16,DCM175671556,CIOX HEALTH LLC,12115581,02,2026-08-05,421064,18.56,19,HUMAN SERVICES
2026-07-16,DCM175707860,CIOX HEALTH LLC,12115581,02,2026-08-05,421072,32.56,19,HUMAN SERVICES
2026-07-16,DCM175748223,CIOX HEALTH LLC,12115581,02,2026-08-05,421090,35.0,19,HUMAN SERVICES
2026-07-16,DCM175748224,CIOX HEALTH LLC,12115581,02,2026-08-05,421091,35.0,19,HUMAN SERVICES
2026-07-17,DCM174188766,CIOX HEALTH LLC,12115581,02,2026-08-05,421059,35.0,19,HUMAN SERVICES
2026-07-17,DCM175455077,CIOX HEALTH LLC,12115581,02,2026-08-05,421062,13.06,19,HUMAN SERVICES
2026-07-20,0564811278,CIOX HEALTH LLC,12115581,02,2026-08-05,420156,35.0,19,HUMAN SERVICES
2026-07-20,0564814211,CIOX HEALTH LLC,12115581,02,2026-08-05,419169,35.0,19,HUMAN SERVICES
2026-07-20,0565013781,CIOX HEALTH LLC,12115581,02,2026-08-05,419168,35.0,19,HUMAN SERVICES
2026-07-21,0564633801,CIOX HEALTH LLC,12115581,02,2026-08-05,421037,11.02,19,HUMAN SERVICES
2026-07-21,0564817285,CIOX HEALTH LLC,12115581,02,2026-08-05,421036,33.02,19,HUMAN SERVICES
2026-08-04,M027BTR003,CITY OF ABERDEEN,12054223,01,2026-08-05,M429214,335479.09,02,REVENUE
2026-07-31,8122670626AC,CITY OF ABERDEEN,12054223,12,2026-08-05,427861,499.08,11,TRANSPORTATION
2026-08-04,M027BTR003,CITY OF ALCESTER,12054233,,2026-08-05,M429214,2258.3,02,REVENUE
2026-08-04,M027BTR003,CITY OF ALEXANDRIA,12054241,,2026-08-05,M429214,1384.16,02,REVENUE
2026-08-04,M027BTR003,CITY OF ALPENA,12034077,,2026-08-05,M429214,1236.51,02,REVENUE
2026-08-04,M027BTR003,CITY OF ARLINGTON,12054255,,2026-08-05,M429214,4469.64,02,REVENUE
2026-08-04,M027BTR003,CITY OF ARMOUR,12032002,01,2026-08-05,M429214,3133.45,02,REVENUE
2026-08-04,M027BTR003,CITY OF AURORA,12054270,,2026-08-05,M429214,1695.66,02,REVENUE
2026-07-15,2024G-100 #8,CITY OF AURORA,12054270,,2026-08-05,418515,16751.01,03,AGRICULTURE & NAT. RESOURCES
2026-07-15,2024G-WQ-100 #8,CITY OF AURORA,12054270,,2026-08-05,418511,18984.48,03,AGRICULTURE & NAT. RESOURCES
2026-08-04,M027BTR003,CITY OF AVON,12054274,,2026-08-05,M429214,1818.7,02,REVENUE
2026-08-04,M027BTR003,CITY OF BALTIC,12056143,,2026-08-05,M429214,1667.94,02,REVENUE
2026-08-04,M027BTR003,CITY OF BELLE FOURCHE,12054278,01,2026-08-05,M429214,16630.04,02,REVENUE
2026-08-04,M027BTR003,CITY OF BERESFORD,12054287,,2026-08-05,M429214,22661.74,02,REVENUE
2026-08-04,M027BTR003,CITY OF BLUNT,12031346,,2026-08-05,M429214,128.71,02,REVENUE
2026-08-04,M027BTR003,CITY OF BONESTEEL,12054299,01,2026-08-05,M429214,581.62,02,REVENUE
2026-08-04,M027BTR003,CITY OF BOWDLE,12054305,,2026-08-05,M429214,478.09,02,REVENUE
2026-08-04,M027BTR003,CITY OF BOX ELDER,12031676,,2026-08-05,M429214,23240.89,02,REVENUE
2026-08-04,M027BTR003,CITY OF BRANDON,12033373,,2026-08-05,M429214,66042.87,02,REVENUE
2026-08-04,M027BTR003,CITY OF BRIDGEWATER,12054313,,2026-08-05,M429214,2116.48,02,REVENUE
2026-08-04,M027BTR003,CITY OF BRISTOL,12054309,,2026-08-05,M429214,451.83,02,REVENUE
2026-08-04,M027BTR003,CITY OF BRITTON,12054320,,2026-08-05,M429214,13831.42,02,REVENUE
2026-08-04,M027BTR003,CITY OF BROOKINGS,12054336,01,2026-08-05,M429214,138886.75,02,REVENUE
2026-08-04,M027BTR003,CITY OF BRUCE,12035819,,2026-08-05,M429214,1519.92,02,REVENUE
2026-08-04,M027BTR003,CITY OF BRYANT,12054345,,2026-08-05,M429214,6210.58,02,REVENUE
2026-08-04,M027BTR003,CITY OF BURKE,12054352,,2026-08-05,M429214,6513.23,02,REVENUE
2026-08-04,M027BTR003,CITY OF CANTON,12054367,01,2026-08-05,M429214,10965.08,02,REVENUE
2026-07-31,11AC000719-2,CITY OF CANTON,12054367,01,2026-08-05,426587,37665.9,11,TRANSPORTATION
2026-08-04,M027BTR003,CITY OF CARTHAGE,12054380,,2026-08-05,M429214,49.88,02,REVENUE
2026-08-05,M067JT040,CITY OF CARTHAGE,12054380,,2026-08-05,M428570,2990.0,06,"GAME, FISH AND PARKS"
2026-08-04,M027BTR003,CITY OF CASTLEWOOD,12054383,,2026-08-05,M429214,2030.02,02,REVENUE
2026-08-04,M027BTR003,CITY OF CHAMBERLAIN,12054395,01,2026-08-05,M429214,24681.88,02,REVENUE
2026-08-04,M027BTR003,CITY OF CLARK,12054402,,2026-08-05,M429214,10152.24,02,REVENUE
2026-08-04,M027BTR003,CITY OF CLEAR LAKE,12054409,,2026-08-05,M429214,4841.05,02,REVENUE
2026-08-04,M027BTR003,CITY OF COLMAN,12054421,,2026-08-05,M429214,1930.83,02,REVENUE
2026-08-04,M027BTR003,CITY OF COLOME,12054424,,2026-08-05,M429214,148.87,02,REVENUE
2026-08-04,M027BTR003,CITY OF COLTON,12056109,01,2026-08-05,M429214,3319.25,02,REVENUE
2026-08-04,M027BTR003,CITY OF COLUMBIA,12056116,,2026-08-05,M429214,76.3,02,REVENUE
2026-08-04,M027BTR003,CITY OF CONDE,12056156,,2026-08-05,M429214,347.53,02,REVENUE
2026-08-04,M027BTR003,CITY OF CORSICA,12055961,,2026-08-05,M429214,2658.71,02,REVENUE
2026-08-04,M027BTR003,CITY OF CROOKS,12036037,01,2026-08-05,M429214,4702.61,02,REVENUE
2026-08-04,M027BTR003,CITY OF CUSTER,12054435,,2026-08-05,M429214,26043.61,02,REVENUE
2026-08-04,M027BTR003,CITY OF DE SMET,12054460,,2026-08-05,M429214,4840.65,02,REVENUE
2026-07-24,02932708,CITY OF DEADWOOD,12054391,01,2026-08-05,427418,400.0,02,REVENUE
2026-08-04,M027BTR003,CITY OF DEADWOOD,12054391,02,2026-08-05,M429214,32438.34,02,REVENUE
2026-07-07,1310649010726,CITY OF DEADWOOD,12054391,,2026-08-05,419026,142.84,11,TRANSPORTATION
2026-08-04,M027BTR003,CITY OF DELMONT,12031181,,2026-08-05,M429214,981.91,02,REVENUE
2026-08-04,M027BTR003,CITY OF DOLAND,12054466,,2026-08-05,M429214,702.53,02,REVENUE
2026-07-22,2122-102-06,CITY OF DUPREE,12054477,,2026-08-05,420340,90262.7,010,GOVERNOR'S OFFICE
2026-08-04,M027BTR003,CITY OF DUPREE,12054477,,2026-08-05,M429214,2299.4,02,REVENUE
2026-08-04,M027BTR003,CITY OF EAGLE BUTTE,12055893,,2026-08-05,M429214,5821.74,02,REVENUE
2026-07-03,082700197-JUN,CITY OF EAGLE BUTTE,12055893,,2026-08-05,418922,143.25,08,SOCIAL SERVICES
2026-08-04,M027BTR003,CITY OF EDEN,12033229,,2026-08-05,M429214,344.26,02,REVENUE
2026-08-04,M027BTR003,CITY OF EDGEMONT,12054480,,2026-08-05,M429214,7593.18,02,REVENUE
2026-08-04,M027BTR003,CITY OF ELK POINT,12054518,,2026-08-05,M429214,32470.82,02,REVENUE
2026-08-04,M027BTR003,CITY OF ELKTON,12054493,,2026-08-05,M429214,9054.03,02,REVENUE
2026-07-20,2025G-DW-102 #6,CITY OF ELKTON,12054493,,2026-08-05,419441,12925.2,03,AGRICULTURE & NAT. RESOURCES
2026-07-20,2025G-WQ-103 #6,CITY OF ELKTON,12054493,,2026-08-05,419442,35028.4,03,AGRICULTURE & NAT. RESOURCES
2026-08-04,M027BTR003,CITY OF EUREKA,12054511,,2026-08-05,M429214,4728.07,02,REVENUE
2026-08-04,M027BTR003,CITY OF FAITH,12054521,01,2026-08-05,M429214,1422.46,02,REVENUE
2026-06-25,RC-0626,CITY OF FAITH,12054521,01,2026-08-05,419696,73.0,06,"GAME, FISH AND PARKS"
2026-08-04,M027BTR003,CITY OF FAULKTON,12054531,,2026-08-05,M429214,1694.81,02,REVENUE
2026-08-04,M027BTR003,CITY OF FRANKFORT,12055923,01,2026-08-05,M429214,180.5,02,REVENUE
2026-08-04,M027BTR003,CITY OF FREEMAN,12054562,,2026-08-05,M429214,5997.71,02,REVENUE
2026-08-04,M027BTR003,CITY OF GARRETSON,12054572,01,2026-08-05,M429214,3393.57,02,REVENUE
2026-08-04,M027BTR003,CITY OF GEDDES,12054579,,2026-08-05,M429214,154.32,02,REVENUE
2026-08-04,M027BTR003,CITY OF GREGORY,12054596,,2026-08-05,M429214,8170.19,02,REVENUE
2026-07-18,I7XM-01M,CITY OF GREGORY,12054596,,2026-08-05,426600,2175.0,11,TRANSPORTATION
2026-08-04,M027BTR003,CITY OF GROTON,12054599,,2026-08-05,M429214,2122.5,02,REVENUE
2026-08-04,M027BTR003,CITY OF HARRISBURG,12031149,,2026-08-05,M429214,32479.41,02,REVENUE
2026-08-04,M027BTR003,CITY OF HARTFORD,12054608,,2026-08-05,M429214,18022.35,02,REVENUE
2026-08-04,M027BTR003,CITY OF HERREID,12055916,,2026-08-05,M429214,1925.04,02,REVENUE
2026-08-04,M027BTR003,CITY OF HIGHMORE,12054630,02,2026-08-05,M429214,1999.49,02,REVENUE
2026-08-04,M027BTR003,CITY OF HOSMER,12054645,,2026-08-05,M429214,105.55,02,REVENUE
2026-08-04,M027BTR003,CITY OF HOVEN,12055949,,2026-08-05,M429214,2938.06,02,REVENUE
2026-08-04,M027BTR003,CITY OF HOWARD,12054657,01,2026-08-05,M429214,3976.49,02,REVENUE
2026-08-04,M027BTR003,CITY OF HUDSON,12054670,,2026-08-05,M429214,5083.68,02,REVENUE
2026-08-04,M027BTR003,CITY OF HURLEY,12055906,,2026-08-05,M429214,2304.81,02,REVENUE
2026-08-04,M027BTR003,CITY OF IRENE,12054699,,2026-08-05,M429214,1612.09,02,REVENUE
2026-08-04,M027BTR003,CITY OF IROQUOIS,12054706,,2026-08-05,M429214,1075.95,02,REVENUE
2026-08-04,M027BTR003,CITY OF KADOKA,12054719,,2026-08-05,M429214,2002.23,02,REVENUE
2026-07-15,8100300726,CITY OF KADOKA,12054719,,2026-08-05,421565,110.1,11,TRANSPORTATION
2026-07-15,810056726,CITY OF KADOKA,12054719,,2026-08-05,421564,99.1,11,TRANSPORTATION
2026-07-15,810-01-4-071526,CITY OF KADOKA,12054719,,2026-08-05,419996,99.1,14,PUBLIC SAFETY
2026-08-04,M027BTR003,CITY OF KIMBALL,12054737,,2026-08-05,M429214,13204.77,02,REVENUE
2026-08-04,M027BTR003,CITY OF LABOLT,12038116,,2026-08-05,M429214,35.74,02,REVENUE
2026-08-04,M027BTR003,CITY OF LAKE ANDES,12054740,,2026-08-05,M429214,3988.74,02,REVENUE
2026-08-04,M027BTR003,CITY OF LAKE NORDEN,12054754,,2026-08-05,M429214,6508.78,02,REVENUE
2026-08-04,M027BTR003,CITY OF LAKE PRESTON,12054761,01,2026-08-05,M429214,1445.82,02,REVENUE
2026-08-04,M027BTR003,CITY OF LEAD,12054774,,2026-08-05,M429214,18874.59,02,REVENUE
2026-08-04,M027BTR003,CITY OF LEMMON,12054780,,2026-08-05,M429214,6405.7,02,REVENUE
2026-07-08,07082026,CITY OF LEMMON,12054780,,2026-08-05,418836,212.0,06,"GAME, FISH AND PARKS"
2026-08-04,M027BTR003,CITY OF MADISON,12054806,,2026-08-05,M429214,37143.39,02,REVENUE
2026-08-04,M027BTR003,CITY OF MARION,12054820,,2026-08-05,M429214,6455.86,02,REVENUE
2026-08-04,M027BTR003,CITY OF MARTIN,12054824,,2026-08-05,M429214,12160.85,02,REVENUE
2026-08-04,M027BTR003,CITY OF MCINTOSH,12054794,01,2026-08-05,M429214,79.57,02,REVENUE
2026-08-04,M027BTR003,CITY OF MCLAUGHLIN,12054803,,2026-08-05,M429214,634.69,02,REVENUE
2026-08-04,M027BTR003,CITY OF MELLETTE,12036558,,2026-08-05,M429214,179.81,02,REVENUE
2026-08-04,M027BTR003,CITY OF MENNO,12054834,,2026-08-05,M429214,4993.73,02,REVENUE
2026-08-04,M027BTR003,CITY OF MILBANK,12054844,02,2026-08-05,M429214,22096.6,02,REVENUE
2026-08-04,M027BTR003,CITY OF MILLER,12054852,,2026-08-05,M429214,9880.1,02,REVENUE
2026-08-04,M027BTR003,CITY OF MISSION,12056005,,2026-08-05,M429214,2580.53,02,REVENUE
2026-08-04,M027BTR003,CITY OF MITCHELL,12054862,02,2026-08-05,M429214,206231.7,02,REVENUE
2026-07-13,082700213-JUN,CITY OF MITCHELL,12054862,02,2026-08-05,420699,113.37,08,SOCIAL SERVICES
2026-07-31,8122540626,CITY OF MITCHELL,12054862,03,2026-08-05,427860,49524.94,11,TRANSPORTATION
2026-07-13,082700213-JUN,CITY OF MITCHELL,12054862,02,2026-08-05,420699,21.47,18,CORRECTIONS
2026-07-13,082700213-JUN,CITY OF MITCHELL,12054862,02,2026-08-05,420699,20.21,19,HUMAN SERVICES
2026-08-04,M027BTR003,CITY OF NEW UNDERWOOD,12056029,,2026-08-05,M429214,1420.66,02,REVENUE
2026-08-04,M027BTR003,CITY OF NEW WITTEN,12033166,,2026-08-05,M429214,108.93,02,REVENUE
2026-08-04,M027BTR003,CITY OF NEWELL,12054910,,2026-08-05,M429214,2625.54,02,REVENUE
2026-08-04,M027BTR003,CITY OF OLDHAM,12054920,,2026-08-05,M429214,346.76,02,REVENUE
2026-08-04,M027BTR003,CITY OF OLIVET,12037890,,2026-08-05,M429214,81.32,02,REVENUE
2026-08-04,M027BTR003,CITY OF ONIDA,12054930,,2026-08-05,M429214,1892.42,02,REVENUE
2026-08-04,M027BTR003,CITY OF PARKER,12054939,,2026-08-05,M429214,11558.46,02,REVENUE
2026-08-04,M027BTR003,CITY OF PARKSTON,12054951,,2026-08-05,M429214,17308.38,02,REVENUE
2026-08-04,M027BTR003,CITY OF PHILIP,12054958,01,2026-08-05,M429214,6326.61,02,REVENUE
2026-07-31,11AC004319-6,CITY OF PHILIP,12054958,01,2026-08-05,426585,27441.3,11,TRANSPORTATION
2026-07-31,11AC004320-6,CITY OF PHILIP,12054958,01,2026-08-05,426584,12367.22,11,TRANSPORTATION
2026-08-04,M027BTR003,CITY OF PIERRE,12054968,,2026-08-05,M429214,76948.78,02,REVENUE
2026-07-03,0037000036,CITY OF PIERRE,12054968,,2026-08-05,420405,378.66,03,AGRICULTURE & NAT. RESOURCES
2026-07-03,0037000037,CITY OF PIERRE,12054968,,2026-08-05,420404,176.88,03,AGRICULTURE & NAT. RESOURCES
2026-07-03,349152602 JUNE,CITY OF PIERRE,12054968,01,2026-08-05,417121,308.04,10,LABOR AND REGULATION
2026-07-03,483001302 JUN26,CITY OF PIERRE,12054968,01,2026-08-05,417116,358.7,10,LABOR AND REGULATION
2026-08-04,M027BTR003,CITY OF PLANKINTON,12054976,01,2026-08-05,M429214,4726.18,02,REVENUE
2026-08-04,M027BTR003,CITY OF PLATTE,12054989,,2026-08-05,M429214,22088.89,02,REVENUE
2026-08-04,M027BTR003,CITY OF REDFIELD,12055016,02,2026-08-05,M429214,3042.16,02,REVENUE
2026-08-04,M027BTR003,CITY OF ROSCOE,12055023,,2026-08-05,M429214,4940.41,02,REVENUE
2026-08-04,M027BTR003,CITY OF SALEM,12055034,02,2026-08-05,M429214,5482.08,02,REVENUE
2026-08-04,M027BTR003,CITY OF SCOTLAND,12055041,01,2026-08-05,M429214,7652.76,02,REVENUE
2026-08-04,M027BTR003,CITY OF SELBY,12055047,,2026-08-05,M429214,9143.98,02,REVENUE
2026-08-04,M027BTR003,CITY OF SIOUX FALLS,12055054,07,2026-08-05,M429214,1694626.61,02,REVENUE
2026-07-14,0626CON271105,CITY OF SIOUX FALLS,12055054,13,2026-08-05,419868,7541.93,09,HEALTH
2026-07-17,19945,CITY OF SIOUX FALLS,12055054,13,2026-08-05,418244,586.55,18,CORRECTIONS
2026-08-04,M027BTR003,CITY OF SISSETON,12055065,01,2026-08-05,M429214,15391.95,02,REVENUE
2026-08-04,M027BTR003,CITY OF SPEARFISH,12055082,,2026-08-05,M429214,83238.26,02,REVENUE
2026-05-14,WF2660075,CITY OF SPEARFISH,12055082,,2026-08-05,419944,22657.0,14,PUBLIC SAFETY
2026-08-04,M027BTR003,CITY OF SPRINGFIELD,12055093,,2026-08-05,M429214,4271.69,02,REVENUE
2026-08-04,M027BTR003,CITY OF ST LAWRENCE,12299644,01,2026-08-05,M429214,447.05,02,REVENUE
2026-08-04,M027BTR003,CITY OF STRATFORD,12037664,,2026-08-05,M429214,1841.46,02,REVENUE
2026-06-30,162170331,CITY OF STURGIS,12055103,,2026-08-05,418144,282.9,16,MILITARY
2026-08-04,M027BTR003,CITY OF SUMMERSET,12113387,,2026-08-05,M429214,7860.3,02,REVENUE
2026-08-04,M027BTR003,CITY OF SUMMIT,12055114,,2026-08-05,M429214,566.97,02,REVENUE
2026-08-04,M027BTR003,CITY OF TEA,12035790,,2026-08-05,M429214,25260.99,02,REVENUE
2026-08-04,M027BTR003,CITY OF TIMBER LAKE,12055120,,2026-08-05,M429214,5565.93,02,REVENUE
2026-07-15,2022G-ARP-203 #5,CITY OF TIMBER LAKE,12055120,,2026-08-05,418518,742156.63,03,AGRICULTURE & NAT. RESOURCES
2026-08-04,M027BTR003,CITY OF TORONTO,12055127,,2026-08-05,M429214,661.18,02,REVENUE
2026-08-04,M027BTR003,CITY OF TRENT,12056042,,2026-08-05,M429214,4541.89,02,REVENUE
2026-08-04,M027BTR003,CITY OF TRIPP,12055130,,2026-08-05,M429214,2437.1,02,REVENUE
2026-08-04,M027BTR003,CITY OF TYNDALL,12055134,,2026-08-05,M429214,3845.18,02,REVENUE
2026-08-04,M027BTR003,CITY OF VALLEY SPRINGS,12055147,,2026-08-05,M429214,4172.61,02,REVENUE
2026-08-04,M027BTR003,CITY OF VEBLEN,12055153,,2026-08-05,M429214,1289.41,02,REVENUE
2026-08-04,M027BTR003,CITY OF VERMILLION,12055156,,2026-08-05,M429214,40022.31,02,REVENUE
2026-07-15,1509480005 JUL26,CITY OF VERMILLION,12055156,,2026-08-05,417108,230.02,10,LABOR AND REGULATION
2026-08-04,M027BTR003,CITY OF VIBORG,12055166,,2026-08-05,M429214,6713.9,02,REVENUE
2026-08-04,M027BTR003,CITY OF VOLGA,12055170,,2026-08-05,M429214,8783.67,02,REVENUE
2026-08-04,M027BTR003,CITY OF WAKONDA,12055180,,2026-08-05,M429214,1084.56,02,REVENUE
2026-08-04,M027BTR003,CITY OF WATERTOWN,12055187,,2026-08-05,M429214,159246.21,02,REVENUE
2026-07-31,11AC005847-2,CITY OF WATERTOWN,12055187,,2026-08-05,426583,1201540.5,11,TRANSPORTATION
2026-08-04,M027BTR003,CITY OF WAUBAY,12055193,01,2026-08-05,M429214,962.7,02,REVENUE
2026-08-04,M027BTR003,CITY OF WEBSTER,12055200,,2026-08-05,M429214,22146.4,02,REVENUE
2026-08-04,M027BTR003,CITY OF WESSINGTON,12055216,,2026-08-05,M429214,999.63,02,REVENUE
2026-08-04,M027BTR003,CITY OF WESTPORT,12036895,,2026-08-05,M429214,84.52,02,REVENUE
2026-08-04,M027BTR003,CITY OF WHITE,12055229,01,2026-08-05,M429214,680.57,02,REVENUE
2026-07-22,2025G-104 #2,CITY OF WHITE,12055229,01,2026-08-05,421421,83180.89,03,AGRICULTURE & NAT. RESOURCES
2026-07-22,2026G-109 #2,CITY OF WHITE,12055229,01,2026-08-05,421420,40815.26,03,AGRICULTURE & NAT. RESOURCES
2026-08-04,M027BTR003,CITY OF WHITE LAKE,12055235,,2026-08-05,M429214,2000.46,02,REVENUE
2026-08-04,M027BTR003,CITY OF WHITE RIVER,12055245,,2026-08-05,M429214,445.99,02,REVENUE
2026-08-04,M027BTR003,CITY OF WHITEWOOD,12055252,,2026-08-05,M429214,2791.8,02,REVENUE
2026-08-04,M027BTR003,CITY OF WILLOW LAKE,12055256,,2026-08-05,M429214,1690.66,02,REVENUE
2026-08-04,M027BTR003,CITY OF WILMOT,12055260,,2026-08-05,M429214,641.71,02,REVENUE
2026-08-04,M027BTR003,CITY OF WINNER,12055263,,2026-08-05,M429214,9317.42,02,REVENUE
2026-07-20,AUG2026RENT,CITY OF WINNER,12055263,,2026-08-05,420128,577.5,19,HUMAN SERVICES
2026-08-04,M027BTR003,CITY OF WOOD,12031366,,2026-08-05,M429214,33.76,02,REVENUE
2026-08-04,M027BTR003,CITY OF WORTHING,12037945,,2026-08-05,M429214,2061.87,02,REVENUE
2026-06-04,70196,CLAIMS ASSOCIATES INC,12048878,,2026-08-05,420484,1218.47,06,"GAME, FISH AND PARKS"
2026-07-09,RC-0726,CLARITY TELECOM LLC,12479166,,2026-08-05,419775,90.7,06,"GAME, FISH AND PARKS"
2026-06-25,CS-26-238,CLARITY TELECOM LLC,12479166,03,2026-08-05,419503,1572.93,16,MILITARY
2026-07-03,277207032026,CLARITY TELECOM LLC,12479166,03,2026-08-05,421307,907.23,27,UNIFIED JUDICIAL SYSTEMS
2026-07-31,11AC000919-1,CLARK COUNTY AUDITOR,12054405,12,2026-08-05,426586,81950.48,11,TRANSPORTATION
2026-07-01,30568,CLARK HARDWARE INC,12669157,,2026-08-05,419530,5.99,11,TRANSPORTATION
2026-07-14,30827,CLARK HARDWARE INC,12669157,,2026-08-05,419531,38.17,11,TRANSPORTATION
2026-07-08,0626CON261318,CLAY COUNTY AUDITOR,12055163,06,2026-08-05,418959,5352.23,09,HEALTH
2026-08-04,M067JT038,CLAY COUNTY PARK ASSOC,12032143,,2026-08-05,M428569,8241.1,06,"GAME, FISH AND PARKS"
2026-07-08,2026-MAY-14,CLAY COUNTY TREASURER,12055163,,2026-08-05,419979,4089.15,14,PUBLIC SAFETY
2026-06-30,LC7STMTJUN,CLAY-UNION ELECTRIC CORP,12028601,01,2026-08-05,418788,59.38,06,"GAME, FISH AND PARKS"
2026-07-21,CAREJUN26,"CLAYTON, JOSEPH",12743444,,2026-08-05,421168,675.0,19,HUMAN SERVICES
2026-04-17,DCM165571425,CLEAR MINDED COUNSELING LLC,12667384,,2026-08-05,421102,13.06,19,HUMAN SERVICES
2026-06-02,DCM170898055,CLEAR MINDED COUNSELING LLC,12667384,,2026-08-05,421106,27.56,19,HUMAN SERVICES
2026-06-17,277906172026,CLEGG COUNSELING LLC,12700273,,2026-08-05,420233,176.92,27,UNIFIED JUDICIAL SYSTEMS
2026-07-09,21869,CLIMATE SYSTEMS INC,12039044,,2026-08-05,419488,3730.0,16,MILITARY
2026-07-06,448715,CLW INC,12329257,,2026-08-05,419757,22.39,06,"GAME, FISH AND PARKS"
2026-07-13,156364,COAST TO COAST CALIBRATIONS,12021934,,2026-08-05,418422,297.95,29,ATTORNEY GENERAL
2026-03-25,5404988,COCA COLA BOTTLNG HIGH COUNTRY,12030634,,2026-08-05,418640,924.0,14,PUBLIC SAFETY
2026-03-26,643446,COCA COLA BOTTLNG HIGH COUNTRY,12030634,,2026-08-05,418641,924.0,14,PUBLIC SAFETY
2026-07-14,659022,COCA COLA BOTTLNG HIGH COUNTRY,12030634,,2026-08-05,418639,924.0,14,PUBLIC SAFETY
2026-08-04,26-1000-038 0839,CODEWISE TECHNOLOGIES LLC,12658559,,2026-08-05,428586,150.0,10,LABOR AND REGULATION
2026-07-05,6380726,CODINGTON-CLARK ELECTRIC CO-OP,12028607,,2026-08-05,419522,384.5,11,TRANSPORTATION
2026-07-14,INV670,CODY BARKER,12039145,,2026-08-05,421617,372.35,11,TRANSPORTATION
2026-07-14,INV671,CODY BARKER,12039145,,2026-08-05,421620A,372.35,11,TRANSPORTATION
2026-06-05,10729896,COLE PAPERS INC,12027125,,2026-08-05,420362,361.33,03,AGRICULTURE & NAT. RESOURCES
2026-06-17,10731193,COLE PAPERS INC,12027125,,2026-08-05,420361,47.67,03,AGRICULTURE & NAT. RESOURCES
2026-07-08,10739187,COLE PAPERS INC,12027125,,2026-08-05,420360,820.34,03,AGRICULTURE & NAT. RESOURCES
2026-07-08,10739194,COLE PAPERS INC,12027125,,2026-08-05,420359,229.14,03,AGRICULTURE & NAT. RESOURCES
2026-07-15,10744268,COLE PAPERS INC,12027125,,2026-08-05,420358,32.97,03,AGRICULTURE & NAT. RESOURCES
2026-07-09,10740799,COLE PAPERS INC,12027125,,2026-08-05,420479,698.34,06,"GAME, FISH AND PARKS"
2026-07-06,10740582,COLE PAPERS INC,12027125,,2026-08-05,417786,3456.4,08,SOCIAL SERVICES
2026-07-14,10743708,COLE PAPERS INC,12027125,,2026-08-05,419877,1061.74,10,LABOR AND REGULATION
2026-07-10,10740916,COLE PAPERS INC,12027125,,2026-08-05,421450,2560.24,11,TRANSPORTATION
2026-07-14,10741802,COLE PAPERS INC,12027125,,2026-08-05,418001,3392.18,11,TRANSPORTATION
2026-07-15,10742693,COLE PAPERS INC,12027125,,2026-08-05,420111,1906.94,19,HUMAN SERVICES
2026-07-09,681431,COLES PETROLEUM PRODUCTS INC,12037479,,2026-08-05,421473,7142.07,11,TRANSPORTATION
2026-07-08,23819,COLEX FINISHING INC,12743904,,2026-08-05,418169+,656.74,18,CORRECTIONS
2026-07-07,2607-103523,COLMAN BUILDING CENTER INC,12711413,,2026-08-05,419458,142.32,06,"GAME, FISH AND PARKS"
2026-07-08,2607-102837,COLMAN BUILDING CENTER INC,12711413,,2026-08-05,419461,2378.68,06,"GAME, FISH AND PARKS"
2026-07-08,2607-102911,COLMAN BUILDING CENTER INC,12711413,,2026-08-05,418800,561.75,06,"GAME, FISH AND PARKS"
2026-07-08,2607-102914,COLMAN BUILDING CENTER INC,12711413,,2026-08-05,419457,6093.85,06,"GAME, FISH AND PARKS"
2026-07-10,2607-103524,COLMAN BUILDING CENTER INC,12711413,,2026-08-05,419459,1701.06,06,"GAME, FISH AND PARKS"
2026-07-16,2026-APR-10,COMMUNITIES AGAINST VIOLENCE,12041782,,2026-08-05,418601,1097.04,14,PUBLIC SAFETY
2026-07-16,2026-MAR-10,COMMUNITIES AGAINST VIOLENCE,12041782,,2026-08-05,418600,1419.93,14,PUBLIC SAFETY
2026-07-02,27SC08B337-JUN,COMMUNITY COUNSELING SERVICES,12030859,,2026-08-05,419844,21379.48,08,SOCIAL SERVICES
2026-07-09,27SC08B303-JUN,COMMUNITY COUNSELING SERVICES,12030859,,2026-08-05,418930,7187.66,08,SOCIAL SERVICES
2026-07-22,27SC08B303260722,COMMUNITY COUNSELING SERVICES,12030859,,2026-08-05,420750,28126.08,08,SOCIAL SERVICES
2026-07-22,27SC08C309260722,COMMUNITY COUNSELING SERVICES,12030859,,2026-08-05,420721,3580.15,08,SOCIAL SERVICES
2026-06-30,DCM174491460,COMMUNITY COUNSELING SERVICES,12030859,,2026-08-05,421133,13.06,19,HUMAN SERVICES
2026-07-01,DCM174619245,COMMUNITY COUNSELING SERVICES,12030859,,2026-08-05,421139,13.06,19,HUMAN SERVICES
2026-07-17,VRM260717408960,COMMUNITY COUNSELING SERVICES,12030859,,2026-08-05,418312,35.0,19,HUMAN SERVICES
2026-06-18,277906182026,COMMUNITY COUNSELING SERVICES,12030859,,2026-08-05,420236,1525.35,27,UNIFIED JUDICIAL SYSTEMS
2026-07-29,053126CON260043,COMMUNITY HEALTHCARE ASSOC,12017614,,2026-08-05,426054,7436.48,09,HEALTH
2026-07-31,8122440426C,COMMUNITY TRANSIT OF WATERTOWN,12610343,,2026-08-05,427862,12144.45,11,TRANSPORTATION
2026-07-02,VR 268,COMMUNITY TRANSIT OF WATERTOWN,12610343,,2026-08-05,419145,100.0,19,HUMAN SERVICES
2026-07-02,VR 269,COMMUNITY TRANSIT OF WATERTOWN,12610343,,2026-08-05,419146,200.0,19,HUMAN SERVICES
2026-07-13,VR 270,COMMUNITY TRANSIT OF WATERTOWN,12610343,,2026-08-05,419147,250.0,19,HUMAN SERVICES
2026-07-14,VR 271,COMMUNITY TRANSIT OF WATERTOWN,12610343,,2026-08-05,419144,160.0,19,HUMAN SERVICES
2026-06-30,06302026STMNTFTP,CONE AG-SERVICE INC,12034674,,2026-08-05,420457,108.0,06,"GAME, FISH AND PARKS"
2026-07-01,37773,CONSOLIDATED READY MIX INC,12009464,01,2026-08-05,419073,762.5,11,TRANSPORTATION
2026-07-20,215014284,CORKYS AUTO SUPPLY INC,12669929,,2026-08-05,421589,20.97,11,TRANSPORTATION
2026-07-21,VRM260722404100,CORNERSTONES CAREER LRNG CTR,12046500,,2026-08-05,421236,113.29,19,HUMAN SERVICES
2026-07-01,337248,CORPORATE TRANSLATION SERVICES,12322207,,2026-08-05,418964,9245.51,09,HEALTH
2026-07-20,#BLSI260717-123,CORPORATE TRANSLATION SERVICES,12322207,,2026-08-05,420500,86.26,09,HEALTH
2026-07-30,1,COUNCIL OF STATE GOVERNMENTS,12018387,03,2026-08-05,426227,40000.0,18,CORRECTIONS
2026-07-08,RX7077286,COUNTY DRUG INC,12031026,,2026-08-05,417801,130.51,08,SOCIAL SERVICES
2026-06-22,DCM173013627,COUNTY OF BROWN,12755027,,2026-08-05,419350,13.06,19,HUMAN SERVICES
2026-07-14,155787,COURTESY PLUMBING INC,12241112,,2026-08-05,418813,13.5,06,"GAME, FISH AND PARKS"
2026-06-30,188902,CREATIVE PRINTING INC,12046602,,2026-08-05,418527,8793.81,03,AGRICULTURE & NAT. RESOURCES
2026-07-07,S514172054.001,CRESCENT ELECTRIC SUPPLY CO,12024474,,2026-08-05,418097,1800.0,16,MILITARY
2026-08-04,M027BTR003,CROW CREEK SIOUX TRIBE,12030033,06,2026-08-05,M429214,92941.0,02,REVENUE
2026-07-20,1678,CT CHEMICALS LLC,12702599,,2026-08-05,420865,137.9,11,TRANSPORTATION
2026-07-06,J6-260722403,CUMMINS INC,12556662,01,2026-08-05,419477,296.75,16,MILITARY
2026-07-16,DSR4903 PW15,CUSTER COUNTY AUDITOR,12054441,02,2026-08-05,419960,5017.65,14,PUBLIC SAFETY
2026-07-13,32475,D&D JOHNSON LUMBER INC,12222348,,2026-08-05,418862,8.99,06,"GAME, FISH AND PARKS"
2026-06-03,#77 (REV. 0),DAKOTA CHILDRENS CLINIC,12755410,,2026-08-05,418904,600.0,08,SOCIAL SERVICES
2026-06-29,27SC08B338-JUN,DAKOTA COUNSELING INSTITUTE,12032458,01,2026-08-05,418936,3563.24,08,SOCIAL SERVICES
2026-07-13,27SC08B304-JUN,DAKOTA COUNSELING INSTITUTE,12032458,01,2026-08-05,418931,4494.0,08,SOCIAL SERVICES
2026-07-14,27SC08B439-JUN,DAKOTA COUNSELING INSTITUTE,12032458,01,2026-08-05,419843,72792.3,08,SOCIAL SERVICES
2026-07-01,DCM172420058,DAKOTA DERMATOLOGY LTD,12124362,,2026-08-05,421114,13.06,19,HUMAN SERVICES
2026-06-30,7444060626,DAKOTA ENERGY COOPERATIVE INC,12046929,01,2026-08-05,419523,99.35,11,TRANSPORTATION
2026-06-30,7444070626,DAKOTA ENERGY COOPERATIVE INC,12046929,01,2026-08-05,419524,95.72,11,TRANSPORTATION
2026-08-05,M027MFR009A,DAKOTA ETHANOL LLC,12051291,,2026-08-05,M429215,56683.5,02,REVENUE
2026-07-01,340393,DAKOTA FEED & SEED LLC,12724430,,2026-08-05,419734A,68.5,06,"GAME, FISH AND PARKS"
2026-07-07,7482555,DAKOTA FLUID POWER INC,12044237,,2026-08-05,418053,83.32,11,TRANSPORTATION
2026-07-13,7484680,DAKOTA FLUID POWER INC,12044237,,2026-08-05,421608,975.24,11,TRANSPORTATION
2026-07-13,7484681,DAKOTA FLUID POWER INC,12044237,,2026-08-05,421609,853.69,11,TRANSPORTATION
2026-07-20,G0071526,DAKOTA LODGE LLC,12140291,,2026-08-05,418466,110.0,010,GOVERNOR'S OFFICE
2026-07-06,68070626,DAKOTA LODGE LLC,12140291,,2026-08-05,420377,110.0,03,AGRICULTURE & NAT. RESOURCES
2026-07-14,2602NH,DAKOTA LODGE LLC,12140291,,2026-08-05,419465,110.0,06,"GAME, FISH AND PARKS"
2026-07-14,2602NJ,DAKOTA LODGE LLC,12140291,,2026-08-05,419463,110.0,06,"GAME, FISH AND PARKS"
2026-07-14,2602NK,DAKOTA LODGE LLC,12140291,,2026-08-05,419466,110.0,06,"GAME, FISH AND PARKS"
2026-07-01,2602FJ,DAKOTA LODGE LLC,12140291,,2026-08-05,418658,220.0,14,PUBLIC SAFETY
2026-07-06,01070626,DAKOTA LODGE LLC,12140291,,2026-08-05,420263,660.0,27,UNIFIED JUDICIAL SYSTEMS
2026-07-14,240510,DAKOTA POWER EQUIPMENT CO,12009038,01,2026-08-05,419669,219.8,06,"GAME, FISH AND PARKS"
2026-07-06,1162414,DAKOTA TRANSMISSION INC,12049490,,2026-08-05,419050,14397.3,11,TRANSPORTATION
2026-08-04,M027BTR003,DALLAS TOWN OF,12056060,,2026-08-05,M429214,438.16,02,REVENUE
2026-07-13,86640EE017350,DAN & DEV LLC,12592112,,2026-08-05,418494,110.0,03,AGRICULTURE & NAT. RESOURCES
2026-07-08,3001056030B,DANIEL J FIELDS,12733215,,2026-08-05,420697,54.9,08,SOCIAL SERVICES
2026-07-08,357449010A,DANIEL J FIELDS,12733215,,2026-08-05,420698,61.2,08,SOCIAL SERVICES
2026-08-04,M027BTR003,DANTE TOWN OF,12031529,,2026-08-05,M429214,143.51,02,REVENUE
2026-06-26,0049847,DAVID R SMITH,12039071,,2026-08-05,418617,119.0,14,PUBLIC SAFETY
2026-06-30,JJDPA-RED2026-06,DAVISON COUNTY STATES ATTORNEY,12054865,15,2026-08-05,418201,1000.0,18,CORRECTIONS
2026-07-16,2024G-404 #6,DAVISON RURAL WATER SYSTEM INC,12038859,,2026-08-05,418510,10762.06,03,AGRICULTURE & NAT. RESOURCES
2026-07-21,68900726,DAVISON RURAL WATER SYSTEM INC,12038859,,2026-08-05,421488,82.15,11,TRANSPORTATION
2026-06-12,SF10188334861,DAWLEY FARM HOSPITALITY LLC,12631619,,2026-08-05,418754,110.0,012,BHRA ADMINISTRATION
2026-07-10,000247/2,DAWLEY FARM HOSPITALITY LLC,12631619,,2026-08-05,418907,220.0,08,SOCIAL SERVICES
2026-07-16,000278,DAWLEY FARM HOSPITALITY LLC,12631619,,2026-08-05,420694,110.0,08,SOCIAL SERVICES
2026-07-16,000279,DAWLEY FARM HOSPITALITY LLC,12631619,,2026-08-05,420692,110.0,08,SOCIAL SERVICES
2026-07-16,000280,DAWLEY FARM HOSPITALITY LLC,12631619,,2026-08-05,420695,220.0,08,SOCIAL SERVICES
2026-07-16,000281,DAWLEY FARM HOSPITALITY LLC,12631619,,2026-08-05,420693,110.0,08,SOCIAL SERVICES
2026-07-15,23581187,DAWLEY FARM HOSPITALITY LLC,12631619,,2026-08-05,420033,110.0,18,CORRECTIONS
2026-07-15,23581224,DAWLEY FARM HOSPITALITY LLC,12631619,,2026-08-05,420034,110.0,18,CORRECTIONS
2026-07-15,23581316,DAWLEY FARM HOSPITALITY LLC,12631619,,2026-08-05,420035,110.0,18,CORRECTIONS
2026-07-15,071526,DAYTON JENSEN,12604155,,2026-08-05,421535,150.0,14,PUBLIC SAFETY
2026-06-01,5833,"DEGRAW, JANET",12488374,,2026-08-05,420056,129.0,18,CORRECTIONS
2026-07-17,10883799080,DELL MARKETING LP,12118714,,2026-08-05,418464,510.0,010,GOVERNOR'S OFFICE
2026-07-16,10883606997,DELL MARKETING LP,12118714,,2026-08-05,420646,165.0,013,BUREAU OF INFORMATION & TECH
2026-07-01,10881628751,DELL MARKETING LP,12118714,,2026-08-05,420292,41975.06,281,LEGISLATIVE RESEARCH COUNCIL
2026-07-20,10884011489,DELL MARKETING LP,12118714,,2026-08-05,419539,123.0,29,ATTORNEY GENERAL
2026-08-04,M027BTR003,DELL RAPIDS CITY OF,12054451,01,2026-08-05,M429214,17080.15,02,REVENUE
2026-06-30,063026,DEPARTMENT OF CORRECTIONS,STATE,64,2026-08-05,420018,13636.28,18,CORRECTIONS
2026-07-01,51887,DEPENDABLE SANITATION INC,12035576,,2026-08-05,418844,108.0,06,"GAME, FISH AND PARKS"
2026-07-16,51916,DEPENDABLE SANITATION INC,12035576,,2026-08-05,420700,14.37,08,SOCIAL SERVICES
2026-07-01,51816,DEPENDABLE SANITATION INC,12035576,,2026-08-05,418050,55.0,11,TRANSPORTATION
2026-07-01,51868,DEPENDABLE SANITATION INC,12035576,,2026-08-05,418051,71.0,11,TRANSPORTATION
2026-07-16,51916,DEPENDABLE SANITATION INC,12035576,,2026-08-05,420700,3.76,18,CORRECTIONS
2026-07-16,51916,DEPENDABLE SANITATION INC,12035576,,2026-08-05,420700,1.87,19,HUMAN SERVICES
2026-06-01,DA25079-05,DESIGNARC GROUP LLC,12463806,,2026-08-05,418539,500.0,03,AGRICULTURE & NAT. RESOURCES
2026-07-01,DA25079-06,DESIGNARC GROUP LLC,12463806,,2026-08-05,418538,2250.0,03,AGRICULTURE & NAT. RESOURCES
2026-04-15,DCM164135868,DESIRAE L VOBR,12755002,,2026-08-05,421100,13.06,19,HUMAN SERVICES
2026-07-13,2,DETEKION SECURITY SYSTEMS INC,12600876,,2026-08-05,420020,178000.0,18,CORRECTIONS
2026-07-13,8106810,DEY APPLIANCE SERVICE,12021113,,2026-08-05,419821,209.7,08,SOCIAL SERVICES
2026-07-10,92147EE037536,DIAMOND HOSPITALITY LLC,12489086,,2026-08-05,420371,162.0,03,AGRICULTURE & NAT. RESOURCES
2026-06-24,BHAC-DM/6-26,DISABILITY RIGHTS SOUTH DAKOTA,12034706,,2026-08-05,418942,573.8,08,SOCIAL SERVICES
2026-06-30,063026,DISCOUNT FUEL INC,12046161,,2026-08-05,419976,45.0,14,PUBLIC SAFETY
2026-07-10,P27152,DITCH WITCH OF WEST TEXAS INC,12660400,,2026-08-05,421455,235.62,11,TRANSPORTATION
2026-08-04,200CON270119,DM MANAGEMENT LLC,12749418,,2026-08-05,428583,20833.33,09,HEALTH
2026-07-20,R27-14,"DODGE, ECHO J",12585271,,2026-08-05,421149,600.0,19,HUMAN SERVICES
2026-07-30,CH2026-07,"DOLAS, VANJA",12755981,,2026-08-05,428421,1475.0,18,CORRECTIONS
2026-07-15,123,"DONNELLY, MARK",12742784,,2026-08-05,418517,482.04,03,AGRICULTURE & NAT. RESOURCES
2026-07-10,APR-JUNE,DONS SINCLAIR,12596094,,2026-08-05,418590A,487.33,14,PUBLIC SAFETY
2026-07-06,72058,DOOLEY ENTERPRISES INC,12616694,,2026-08-05,420575,3987.28,29,ATTORNEY GENERAL
2026-07-15,11214,DORFMAN MUSEUM FIGURES INC,12754798,,2026-08-05,418156,3455.0,16,MILITARY
2026-06-27,1024,"DRAMSTAD, MICHAEL L",12288884,,2026-08-05,418542,1750.0,03,AGRICULTURE & NAT. RESOURCES
2026-07-21,1209199,DUDLEY LAUNDRY CO,12057489,,2026-08-05,421583,89.82,11,TRANSPORTATION
2026-07-20,1208741,DUDLEY LAUNDRY CO,12057489,,2026-08-05,419992,50.57,14,PUBLIC SAFETY
2026-07-01,162170244,DUDLEY LAUNDRY CO,12057489,,2026-08-05,418086,145.89,16,MILITARY
2026-07-01,DCM174358666,DUNES ANESTHESIA PC,12201876,,2026-08-05,421128,28.06,19,HUMAN SERVICES
2026-07-09,3203410,DUST-TEX SERVICE INC,12194908,,2026-08-05,418168,300.0,18,CORRECTIONS
2026-06-30,DCM173953971,DYNAMIC SPINE & NEUROPATHY,12636435,,2026-08-05,421121,13.06,19,HUMAN SERVICES
2026-07-16,27SC08B305-JUN,EAST CENTRAL MH CD CENTER,12031316,,2026-08-05,419849,4461.08,08,SOCIAL SERVICES
2026-07-22,27SC08B305260722,EAST CENTRAL MH CD CENTER,12031316,,2026-08-05,420751,11176.23,08,SOCIAL SERVICES
2026-07-22,27SC08C312260722,EAST CENTRAL MH CD CENTER,12031316,,2026-08-05,420729,1020.52,08,SOCIAL SERVICES
2026-07-06,6-2026,EAST CENTRAL MH CD CENTER,12031316,,2026-08-05,420243,1667.26,27,UNIFIED JUDICIAL SYSTEMS
2026-06-29,VRM260721407072,EAST DAKOTA EDUCATIONAL COOP,12003510,,2026-08-05,420153,1149.56,19,HUMAN SERVICES
2026-06-29,VRM260721407085,EAST DAKOTA EDUCATIONAL COOP,12003510,,2026-08-05,420154,1149.56,19,HUMAN SERVICES
2026-06-29,VRM260722407072,EAST DAKOTA EDUCATIONAL COOP,12003510,,2026-08-05,421185,1149.56,19,HUMAN SERVICES
2026-06-29,VRM260722407085,EAST DAKOTA EDUCATIONAL COOP,12003510,,2026-08-05,421186,1149.56,19,HUMAN SERVICES
2026-06-29,VRM260722407086,EAST DAKOTA EDUCATIONAL COOP,12003510,,2026-08-05,421224,1149.56,19,HUMAN SERVICES
2026-06-29,VRM260722407087,EAST DAKOTA EDUCATIONAL COOP,12003510,,2026-08-05,421225,1149.56,19,HUMAN SERVICES
2026-06-29,VRM260722407088,EAST DAKOTA EDUCATIONAL COOP,12003510,,2026-08-05,421226,1149.56,19,HUMAN SERVICES
2026-06-29,VRM260722407089,EAST DAKOTA EDUCATIONAL COOP,12003510,,2026-08-05,421227,1149.56,19,HUMAN SERVICES
2026-06-29,VRM260722407092,EAST DAKOTA EDUCATIONAL COOP,12003510,,2026-08-05,421228,1149.56,19,HUMAN SERVICES
2026-06-29,VRM260722407094,EAST DAKOTA EDUCATIONAL COOP,12003510,,2026-08-05,421229,1149.56,19,HUMAN SERVICES
2026-06-29,VRM260722407095,EAST DAKOTA EDUCATIONAL COOP,12003510,,2026-08-05,421230,1149.56,19,HUMAN SERVICES
2026-07-01,VRM260722407559,EAST DAKOTA EDUCATIONAL COOP,12003510,,2026-08-05,421253,62.94,19,HUMAN SERVICES
2026-07-01,VRM260722409027,EAST DAKOTA EDUCATIONAL COOP,12003510,,2026-08-05,421242,489.23,19,HUMAN SERVICES
2026-07-16,071626-201,EAST EIGHT LLC,12513249,,2026-08-05,420499,220.0,09,HEALTH
2026-08-03,M03700001,EAST RIVER VETERINARY CLINIC,12615484,,2026-08-05,M427827,3822.84,03,AGRICULTURE & NAT. RESOURCES
2026-07-10,00208,EASTERN ED TELEVISION NETWORK,12003115,,2026-08-05,420640,6615.0,013,BUREAU OF INFORMATION & TECH
2026-07-07,30401,EASTSIDE EQUIPMENT LLC,12621449,,2026-08-05,419711,294.08,06,"GAME, FISH AND PARKS"
2026-08-04,M067JT037,"ECKRICH, PAUL",12756264,,2026-08-05,M427830,20000.0,06,"GAME, FISH AND PARKS"
2026-07-07,X20118123701,EDDIES TRUCK CENTER INC,12365069,,2026-08-05,419043,44.55,11,TRANSPORTATION
2026-07-07,X20118124701,EDDIES TRUCK CENTER INC,12365069,,2026-08-05,419042,22.6,11,TRANSPORTATION
2026-07-07,X20118127901,EDDIES TRUCK CENTER INC,12365069,,2026-08-05,419041,8.94,11,TRANSPORTATION
2026-07-14,X20118153101,EDDIES TRUCK CENTER INC,12365069,,2026-08-05,418073,217.48,11,TRANSPORTATION
2026-07-14,X20118156301,EDDIES TRUCK CENTER INC,12365069,,2026-08-05,418072,275.4,11,TRANSPORTATION
2026-07-16,X20118166101,EDDIES TRUCK CENTER INC,12365069,,2026-08-05,420864,48.59,11,TRANSPORTATION
2026-06-22,SC12726C-265-F,EDMETRIC LLC,12677272,,2026-08-05,426222,20000.0,12,EDUCATION
2026-08-04,M027BTR003,EGAN CITY,12054483,,2026-08-05,M429214,1435.51,02,REVENUE
2026-07-02,260132*,EJ2 LLC,12749796,,2026-08-05,421004,111.15,18,CORRECTIONS
2026-06-25,203608,EKERN HOME EQUIPMENT CO,12037582,,2026-08-05,421607,118.5,11,TRANSPORTATION
2026-07-02,I19452,ELECTAIR INC,12008107,,2026-08-05,421474,244.52,11,TRANSPORTATION
2026-08-03,23487,ELEVATE RAPID CITY,12028567,,2026-08-05,427417,635.42,010,GOVERNOR'S OFFICE
2026-07-20,R27-8,"EMBREE, DEBBIE A",12744975,,2026-08-05,421143,200.0,19,HUMAN SERVICES
2026-08-04,M027BTR003,EMERY CITY OF,12054499,,2026-08-05,M429214,1162.4,02,REVENUE
2026-07-10,70041,EMF HOSPITALITY LLC,12717746,,2026-08-05,420502A,220.0,09,HEALTH
2026-07-10,73027,EMF HOSPITALITY LLC,12717746,,2026-08-05,420502,110.0,09,HEALTH
2026-07-15,260737,EMW SOLUTION LLC,12686173,,2026-08-05,420858,1753.05,11,TRANSPORTATION
2026-07-15,260751,EMW SOLUTION LLC,12686173,,2026-08-05,420864A,45.0,11,TRANSPORTATION
2026-07-12,34692,ENGELSTAD ELECTRIC CO,12031687,,2026-08-05,420482,193.88,06,"GAME, FISH AND PARKS"
2026-07-02,63455-18F,ENGINEERS-ARCHITECTS PC,12250626,,2026-08-05,420638,1000.0,012,BHRA ADMINISTRATION
2026-07-13,07261382519,EOCENE ENVIRONMENTAL GROUP INC,12725455,,2026-08-05,418165,2222.95,16,MILITARY
2026-07-20,R27-3,"ERICKSON, JOZLYN N",12750950,,2026-08-05,420136,150.0,19,HUMAN SERVICES
2026-06-23,1003880,ESCHENBACH OPTIK AMERICA INC,12003431,,2026-08-05,419247,167.9,19,HUMAN SERVICES
2026-06-29,1004483,ESCHENBACH OPTIK AMERICA INC,12003431,,2026-08-05,419248,63.9,19,HUMAN SERVICES
2026-08-04,M027BTR003,ESTELLINE CITY OF,12054508,,2026-08-05,M429214,5637.87,02,REVENUE
2026-07-01,DCM172505923,EYECARE CTR OF MADISON PROF LC,12393142,,2026-08-05,421115,13.06,19,HUMAN SERVICES
2026-08-04,M027BTR003,FAIRVIEW-TOWN OF,12037951,,2026-08-05,M429214,18.76,02,REVENUE
2026-07-20,2026-06,FALL RIVER HEALTH SERVICES,12050399,,2026-08-05,427428,2300.0,17,VETERANS' AFFAIRS
2026-07-21,A202606,FALL RIVER HEALTH SERVICES,12050399,,2026-08-05,427426,4024.58,17,VETERANS' AFFAIRS
2026-07-21,P202606,FALL RIVER HEALTH SERVICES,12050399,,2026-08-05,427427,3594.96,17,VETERANS' AFFAIRS
2026-07-21,PC202606,FALL RIVER HEALTH SERVICES,12050399,,2026-08-05,426576,11026.68,17,VETERANS' AFFAIRS
2026-07-10,SDYAN201889,FASTENAL COMPANY,12021515,,2026-08-05,419823,21.36,08,SOCIAL SERVICES
2026-07-01,DCM174057460,FATHER FLANAGANS BOYS HOME,12057640,,2026-08-05,421123,24.5,19,HUMAN SERVICES
2026-07-20,R27-18,"FATHKE, JANICE C",12295299,,2026-08-05,421153,600.0,19,HUMAN SERVICES
2026-06-09,DCM172120680,FAULKTON AREA MEDICAL CENTER,12017534,,2026-08-05,421111,13.06,19,HUMAN SERVICES
2026-06-10,DCM172003319,FAULKTON AREA MEDICAL CENTER,12017534,,2026-08-05,421110,35.0,19,HUMAN SERVICES
2026-07-01,9-362-44031,FEDEX,12117623,01,2026-08-05,420403,69.36,03,AGRICULTURE & NAT. RESOURCES
2026-07-01,9-362-16410,FEDEX,12117623,01,2026-08-05,419002,512.26,09,HEALTH
2026-07-08,9-370-89433,FEDEX,12117623,01,2026-08-05,418206,15.27,18,CORRECTIONS
2026-07-23,01707016,FIRST DISTRICT ASSN OF LOCAL,12033023,,2026-08-05,421408,20000.0,010,GOVERNOR'S OFFICE
2026-07-16,2027090,FIRST DISTRICT ASSN OF LOCAL,12033023,,2026-08-05,418501,4300.0,03,AGRICULTURE & NAT. RESOURCES
2026-04-28,0800031382,FISCHER FURNITURE INC,12033792,01,2026-08-05,417805,1299.95,08,SOCIAL SERVICES
2026-04-28,0800031384,FISCHER FURNITURE INC,12033792,01,2026-08-05,417806,1049.96,08,SOCIAL SERVICES
2026-04-22,798516,FISH LLC,12516893,,2026-08-05,419105,3750.0,14,PUBLIC SAFETY
2026-04-10,69110,"FISHER, DAVID",12077874,,2026-08-05,420762,104.3,08,SOCIAL SERVICES
2026-07-13,C300L129,"FLAMM, RICHARD E",12436840,,2026-08-05,420251,497.85,27,UNIFIED JUDICIAL SYSTEMS
2026-08-04,M027BTR003,FLANDREAU-CITY OF,12054542,02,2026-08-05,M429214,22395.65,02,REVENUE
2026-07-20,R27-11,"FOBB, ADRIANNA L",12702673,,2026-08-05,421146,600.0,19,HUMAN SERVICES
2026-04-17,DCM163185116,FOGEL CLINICS LLC,12359002,,2026-08-05,419340,13.06,19,HUMAN SERVICES
2026-06-15,14745659,FONTENELLE FOREST,12753913,,2026-08-05,418872,519.3,06,"GAME, FISH AND PARKS"
2026-04-22,0422202612,FOOD EXPORT ASSN OF THE MIDWES,12017191,,2026-08-05,418557,7000.0,03,AGRICULTURE & NAT. RESOURCES
2026-07-16,41918,FOOTSTEPS COUNSELING LLC,12557964,,2026-08-05,419243,35.0,19,HUMAN SERVICES
2026-04-22,DCM165749981,FOR LIFE THERAPY,12612091,,2026-08-05,419345,35.0,19,HUMAN SERVICES
2026-05-11,DCM167192086,FOR LIFE THERAPY,12612091,,2026-08-05,419348,21.06,19,HUMAN SERVICES
2026-08-04,M027BTR003,FORT PIERRE CITY OF,12054551,,2026-08-05,M429214,17259.31,02,REVENUE
2026-07-20,257RC0010,FORT PIERRE CITY OF,12054551,,2026-08-05,419023,395.74,25,RETIREMENT SYSTEM
2026-06-10,NEW-4233963-0,"FRANKLIN, AGNES",12755390,,2026-08-05,419816,270.37,08,SOCIAL SERVICES
2026-08-04,M027BTR003,FREDERICK-TOWN OF,12054559,,2026-08-05,M429214,127.75,02,REVENUE
2026-07-29,15245CON270608,FRESH PRODUCE LLC,12650583,A0,2026-08-05,426056,5000.0,09,HEALTH
2026-07-14,0055753,FRIMAN OIL & GAS INC,12045142,,2026-08-05,418554,24.0,03,AGRICULTURE & NAT. RESOURCES
2026-07-20,0037000039,FRIMAN OIL & GAS INC,12045142,,2026-08-05,420397,3.88,03,AGRICULTURE & NAT. RESOURCES
2026-06-17,283354,FRONTIER LODGING OF SPEARFISH,12008668,,2026-08-05,418489,142.0,03,AGRICULTURE & NAT. RESOURCES
2026-06-25,283655,FRONTIER LODGING OF SPEARFISH,12008668,,2026-08-05,418490,284.0,03,AGRICULTURE & NAT. RESOURCES
2026-07-13,07132026-R,FS MIDWEST RESTAURANT VENTURES,12316039,,2026-08-05,414482A,300.0,09,HEALTH
2026-07-18,INV1017448,FUSION MEDICAL STAFFING LLC,12533194,,2026-08-05,427423,3347.5,17,VETERANS' AFFAIRS
2026-07-09,277086,G & H DISTRIBUTING OF RC INC,12047216,,2026-08-05,420863,122.68,11,TRANSPORTATION
2026-06-23,00276671,G & H DISTRIBUTING OF RC INC,12047216,,2026-08-05,418644,512.78,14,PUBLIC SAFETY
2026-06-23,27SC081032-JUN,GAIA PRAECIPIO BUYER INC,12736929,,2026-08-05,428574,9000.0,08,SOCIAL SERVICES
2026-07-20,R27-27,"GAINES, RENEE",12615011,,2026-08-05,421164,200.0,19,HUMAN SERVICES
2026-07-11,DCC11823687,GALEN VAN KLEY PHD,12518072,,2026-08-05,419291,379.49,19,HUMAN SERVICES
2026-07-13,DCC11821917,GALEN VAN KLEY PHD,12518072,,2026-08-05,419375,663.18,19,HUMAN SERVICES
2026-07-15,DCC11891574,GALEN VAN KLEY PHD,12518072,,2026-08-05,419376,663.18,19,HUMAN SERVICES
2026-07-17,DCC11854171,GALEN VAN KLEY PHD,12518072,,2026-08-05,421097,946.87,19,HUMAN SERVICES
2026-07-08,78429,GALLEY INVESTMENT GROUP INC,12136089,,2026-08-05,418570,110.0,03,AGRICULTURE & NAT. RESOURCES
2026-07-08,78430,GALLEY INVESTMENT GROUP INC,12136089,,2026-08-05,418567,110.0,03,AGRICULTURE & NAT. RESOURCES
2026-07-08,78431,GALLEY INVESTMENT GROUP INC,12136089,,2026-08-05,418565,110.0,03,AGRICULTURE & NAT. RESOURCES
2026-07-08,78432,GALLEY INVESTMENT GROUP INC,12136089,,2026-08-05,418566,110.0,03,AGRICULTURE & NAT. RESOURCES
2026-05-06,050626-103,GALLEY INVESTMENT GROUP INC,12136089,,2026-08-05,420496,107.0,09,HEALTH
2026-05-06,050626-104,GALLEY INVESTMENT GROUP INC,12136089,,2026-08-05,420497,107.0,09,HEALTH
2026-07-01,035525680,GALLS PARENT HOLDINGS LLC,12690356,,2026-08-05,421007,31.72,18,CORRECTIONS
2026-08-04,M027BTR003,GARY CITY OF,12054575,,2026-08-05,M429214,1858.13,02,REVENUE
2026-06-18,10724,GARY ZELLS AUTO GLASS INC,12050847,,2026-08-05,418537,227.69,03,AGRICULTURE & NAT. RESOURCES
2026-07-16,10896,GARY ZELLS AUTO GLASS INC,12050847,,2026-08-05,421534,250.0,14,PUBLIC SAFETY
2026-08-03,M03700001,GEIS ANIMAL HEALTH,12724451,,2026-08-05,M427827,1006.56,03,AGRICULTURE & NAT. RESOURCES
2026-07-15,10010708207,GEN DIGITAL INC,12119981,,2026-08-05,419968,64.9,14,PUBLIC SAFETY
2026-06-10,2038177,GENERAL HORIZONS,12124625,02,2026-08-05,420475,317.1,06,"GAME, FISH AND PARKS"
2026-06-24,2038177-1,GENERAL HORIZONS,12124625,02,2026-08-05,420476,91.06,06,"GAME, FISH AND PARKS"
2026-07-01,2039574,GENERAL HORIZONS,12124625,02,2026-08-05,420995,4445.14,18,CORRECTIONS
2026-07-20,2039883-1,GENERAL HORIZONS,12124625,02,2026-08-05,420996,742.56,18,CORRECTIONS
2026-07-27,0089643,GEOTEK ENGINEERING & TESTING,12041703,,2026-08-05,426540,7119.0,03,AGRICULTURE & NAT. RESOURCES
2026-08-05,M027MFR009A,GERSTNER OIL CO INC,12036643,,2026-08-05,M429215,20694.22,02,REVENUE
2026-08-04,M027BTR003,GETTYSBURG - CITY OF,12054582,,2026-08-05,M429214,6279.9,02,REVENUE
2026-07-14,145341,GF BUCHE CO,12028543,11,2026-08-05,419709,229.98,06,"GAME, FISH AND PARKS"
2026-07-20,145387,GF BUCHE CO,12028543,11,2026-08-05,419708,134.96,06,"GAME, FISH AND PARKS"
2026-07-13,145335/2,GF BUCHE CO,12028543,10,2026-08-05,420811,10.99,11,TRANSPORTATION
2026-07-15,145358/2,GF BUCHE CO,12028543,10,2026-08-05,418032,115.77,11,TRANSPORTATION
2026-07-09,STMT#5966,GLOBAL SERVICE CENTERS INC,12053607,,2026-08-05,418423,93.73,29,ATTORNEY GENERAL
2026-07-16,000000116965693,GLOBALSTAR USA LLC,12183107,,2026-08-05,418205,105.16,18,CORRECTIONS
2026-07-01,24669,GO PRO SEPTIC LLC,12545206,,2026-08-05,419686,875.0,06,"GAME, FISH AND PARKS"
2026-07-15,DCC12036643,GOEHRING ENTERPRISES INC,12040804,,2026-08-05,419332,75.0,19,HUMAN SERVICES
2026-07-16,DCC11984957,GOEHRING ENTERPRISES INC,12040804,,2026-08-05,419328,663.18,19,HUMAN SERVICES
2026-08-01,138,"GOETZ, CARLI L",12703693,,2026-08-05,427847,1175.0,11,TRANSPORTATION
2026-07-01,14836894,GOLDEN WEST COMPANIES,12030103,03,2026-08-05,419750,133.91,06,"GAME, FISH AND PARKS"
2026-07-01,14846402,GOLDEN WEST COMPANIES,12030103,03,2026-08-05,419749,66.96,06,"GAME, FISH AND PARKS"
2026-06-30,23938,GOODWILL OF THE GREAT PLAINS,12024600,,2026-08-05,418274,1080.6,19,HUMAN SERVICES
2026-06-30,23947,GOODWILL OF THE GREAT PLAINS,12024600,,2026-08-05,418249,2605.55,19,HUMAN SERVICES
2026-06-30,23949,GOODWILL OF THE GREAT PLAINS,12024600,,2026-08-05,418275,1563.33,19,HUMAN SERVICES
2026-06-30,23950,GOODWILL OF THE GREAT PLAINS,12024600,,2026-08-05,418276,521.11,19,HUMAN SERVICES
2026-07-17,404201150,GRAHAM TIRE CO OF MITCHELL,12619327,,2026-08-05,420006,132.95,14,PUBLIC SAFETY
2026-07-06,1919282302,GRAHAM TIRE CO OF YANKTON,12642782,,2026-08-05,420005,689.96,14,PUBLIC SAFETY
2026-07-07,1919282373,GRAHAM TIRE CO OF YANKTON,12642782,,2026-08-05,420004,649.96,14,PUBLIC SAFETY
2026-07-15,TRANS#1019041,GRAND CENTRAL,12010479,,2026-08-05,418831,20.0,06,"GAME, FISH AND PARKS"
2026-07-09,070926HEALTH,GRANT COUNTY TREASURER,12054848,07,2026-08-05,419001,88.25,09,HEALTH
2026-06-30,277306302026,GRANT COUNTY TREASURER,12054848,07,2026-08-05,420237,240.35,27,UNIFIED JUDICIAL SYSTEMS
2026-07-20,SBVI-00030,"GRATE, LEANN",12496648,,2026-08-05,421250,134.92,19,HUMAN SERVICES
2026-06-25,1013933,GRAY MANUFACTURING COMPANY INC,12026390,,2026-08-05,419038,1842.0,11,TRANSPORTATION
2026-06-30,4238169-7,GRAY MEDIA GROUP INC,12604092,,2026-08-05,420465,800.0,06,"GAME, FISH AND PARKS"
2026-06-30,RC063026,GREAT PLAINS BROWN LLC,12289769,01,2026-08-05,419692A,15.45,06,"GAME, FISH AND PARKS"
2026-07-06,678534,GREAT WESTERN TIRE INC,12038151,,2026-08-05,419040,41.95,11,TRANSPORTATION
2026-07-09,GS678795,GREAT WESTERN TIRE INC,12038151,,2026-08-05,419039,672.17,11,TRANSPORTATION
2026-07-14,679023,GREAT WESTERN TIRE INC,12038151,,2026-08-05,418071,81.6,11,TRANSPORTATION
2026-07-14,GS679021,GREAT WESTERN TIRE INC,12038151,,2026-08-05,418070,337.4,11,TRANSPORTATION
2026-07-07,42441895,GREATAMERICA FINANCIAL SRV COP,12025514,01,2026-08-05,417092,137.29,012,BHRA ADMINISTRATION
2026-07-02,42400645,GREATAMERICA FINANCIAL SRV COP,12025514,01,2026-08-05,418560,94.21,03,AGRICULTURE & NAT. RESOURCES
2026-07-07,42441871,GREATAMERICA FINANCIAL SRV COP,12025514,01,2026-08-05,418561,86.8,03,AGRICULTURE & NAT. RESOURCES
2026-07-07,42448215,GREATAMERICA FINANCIAL SRV COP,12025514,01,2026-08-05,418531,683.38,03,AGRICULTURE & NAT. RESOURCES
2026-07-07,42441871,GREATAMERICA FINANCIAL SRV COP,12025514,01,2026-08-05,418561,89.56,03,AGRICULTURE & NAT. RESOURCES
2026-07-07,42441801,GREATAMERICA FINANCIAL SRV COP,12025514,01,2026-08-05,420758,1916.83,08,SOCIAL SERVICES
2026-07-07,42441824,GREATAMERICA FINANCIAL SRV COP,12025514,01,2026-08-05,419857,169.02,08,SOCIAL SERVICES
2026-07-07,42441846,GREATAMERICA FINANCIAL SRV COP,12025514,01,2026-08-05,417789,135.35,08,SOCIAL SERVICES
2026-07-07,42441853,GREATAMERICA FINANCIAL SRV COP,12025514,01,2026-08-05,419853,221.31,08,SOCIAL SERVICES
2026-07-07,42441854,GREATAMERICA FINANCIAL SRV COP,12025514,01,2026-08-05,420763,191.7,08,SOCIAL SERVICES
2026-07-07,42441879,GREATAMERICA FINANCIAL SRV COP,12025514,01,2026-08-05,419852,162.64,08,SOCIAL SERVICES
2026-07-07,42441894,GREATAMERICA FINANCIAL SRV COP,12025514,01,2026-08-05,419856,439.77,08,SOCIAL SERVICES
2026-07-07,42441929,GREATAMERICA FINANCIAL SRV COP,12025514,01,2026-08-05,419855,562.59,08,SOCIAL SERVICES
2026-07-07,42441955,GREATAMERICA FINANCIAL SRV COP,12025514,01,2026-08-05,419854,137.8,08,SOCIAL SERVICES
2026-07-12,42504663,GREATAMERICA FINANCIAL SRV COP,12025514,01,2026-08-05,419851,1929.27,08,SOCIAL SERVICES
2026-07-07,42441894,GREATAMERICA FINANCIAL SRV COP,12025514,01,2026-08-05,419856,20.94,10,LABOR AND REGULATION
2026-07-07,42441894,GREATAMERICA FINANCIAL SRV COP,12025514,01,2026-08-05,419856,20.94,14,PUBLIC SAFETY
2026-07-07,42441900,GREATAMERICA FINANCIAL SRV COP,12025514,01,2026-08-05,419967,193.95,14,PUBLIC SAFETY
2026-07-07,42441950,GREATAMERICA FINANCIAL SRV COP,12025514,01,2026-08-05,421541,118.54,14,PUBLIC SAFETY
2026-07-07,42441970,GREATAMERICA FINANCIAL SRV COP,12025514,01,2026-08-05,418631,533.08,14,PUBLIC SAFETY
2026-07-07,42435297,GREATAMERICA FINANCIAL SRV COP,12025514,01,2026-08-05,418160,203.43,16,MILITARY
2026-07-07,42441893,GREATAMERICA FINANCIAL SRV COP,12025514,01,2026-08-05,419127,172.65,18,CORRECTIONS
2026-07-07,42441929,GREATAMERICA FINANCIAL SRV COP,12025514,01,2026-08-05,419855,112.53,19,HUMAN SERVICES
2026-07-12,42504663,GREATAMERICA FINANCIAL SRV COP,12025514,01,2026-08-05,419851,85.33,19,HUMAN SERVICES
2026-07-20,42416990,GREATAMERICA FINANCIAL SRV COP,12025514,01,2026-08-05,420293,173.58,31,SECRETARY OF STATE
2026-07-20,42441945,GREATAMERICA FINANCIAL SRV COP,12025514,01,2026-08-05,420295,180.82,31,SECRETARY OF STATE
2026-07-07,42441802,GREATAMERICA FINANCIAL SVC COR,12025514,,2026-08-05,418986,73.15,09,HEALTH
2026-07-07,42441819,GREATAMERICA FINANCIAL SVC COR,12025514,,2026-08-05,418984,77.2,09,HEALTH
2026-07-07,42441832,GREATAMERICA FINANCIAL SVC COR,12025514,,2026-08-05,418983,69.79,09,HEALTH
2026-07-07,42441898,GREATAMERICA FINANCIAL SVC COR,12025514,,2026-08-05,418991,268.24,09,HEALTH
2026-07-07,42441899,GREATAMERICA FINANCIAL SVC COR,12025514,,2026-08-05,418990,74.15,09,HEALTH
2026-07-07,42441907,GREATAMERICA FINANCIAL SVC COR,12025514,,2026-08-05,418982,213.07,09,HEALTH
2026-07-07,42441909,GREATAMERICA FINANCIAL SVC COR,12025514,,2026-08-05,418987,103.84,09,HEALTH
2026-07-07,42441910,GREATAMERICA FINANCIAL SVC COR,12025514,,2026-08-05,418981,119.5,09,HEALTH
2026-07-07,42441911,GREATAMERICA FINANCIAL SVC COR,12025514,,2026-08-05,418988,133.44,09,HEALTH
2026-07-07,42441912,GREATAMERICA FINANCIAL SVC COR,12025514,,2026-08-05,418980,119.25,09,HEALTH
2026-07-07,42441913,GREATAMERICA FINANCIAL SVC COR,12025514,,2026-08-05,418979,104.9,09,HEALTH
2026-07-07,42441914,GREATAMERICA FINANCIAL SVC COR,12025514,,2026-08-05,418989,229.24,09,HEALTH
2026-07-07,42441915,GREATAMERICA FINANCIAL SVC COR,12025514,,2026-08-05,418978,182.21,09,HEALTH
2026-07-07,42441917,GREATAMERICA FINANCIAL SVC COR,12025514,,2026-08-05,418985,64.48,09,HEALTH
2026-07-14,DCC11969129,GREG SWENSON PHD INC,12006649,,2026-08-05,419377,663.18,19,HUMAN SERVICES
2026-07-15,DCC11983179,GREG SWENSON PHD INC,12006649,,2026-08-05,419326,663.18,19,HUMAN SERVICES
2026-07-17,DSR4440 PW1475.3,GREGORY COUNTY AUDITOR,12054356,01,2026-08-05,419964,428741.4,14,PUBLIC SAFETY
2026-07-17,DSR4469 PW340.1,GREGORY COUNTY AUDITOR,12054356,01,2026-08-05,419974,9993.77,14,PUBLIC SAFETY
2026-07-20,2025-CSW-028 #5,GREGORY COUNTY CONSERV DISTR,12182580,,2026-08-05,419445,2080.0,03,AGRICULTURE & NAT. RESOURCES
2026-07-21,CAREJUN26,"GRONG, JOYCE M",12753436,,2026-08-05,421169,125.0,19,HUMAN SERVICES
2026-07-08,21111422,GROSSENBURG IMPLEMENT,12033459,02,2026-08-05,419036,327.73,11,TRANSPORTATION
2026-07-08,2111414,GROSSENBURG IMPLEMENT,12033459,02,2026-08-05,419037,424.74,11,TRANSPORTATION
2026-07-14,2114269,GROSSENBURG IMPLEMENT INC,12033459,01,2026-08-05,418832,192.2,06,"GAME, FISH AND PARKS"
2026-07-02,21673,GROTE SHEET METAL INC,12035252,,2026-08-05,420101,280.0,19,HUMAN SERVICES
2026-07-16,0626CON261301,GROWING UP TOGETHER,12043364,,2026-08-05,419867,13380.87,09,HEALTH
2026-06-26,26144,"GUEST, JIM",12040356,,2026-08-05,421486,350.0,11,TRANSPORTATION
2026-07-31,2027132,"GUSTAFSON, KEVIN B",12064345,,2026-08-05,427420,299.0,03,AGRICULTURE & NAT. RESOURCES
2026-07-10,2772071026,"GUZMAN, SANDRA V",12101952,,2026-08-05,421333,15.0,27,UNIFIED JUDICIAL SYSTEMS
2026-07-01,1901001028937,H & M RETAIL,12574409,,2026-08-05,418125,168.0,17,VETERANS' AFFAIRS
2026-07-10,INV-00778255,H HOLDING COMPANY INC,12588121,01,2026-08-05,421472,26573.88,11,TRANSPORTATION
2026-07-15,204320,HAMLIN BUILDING CENTER INC,12053789,,2026-08-05,418814,42.64,06,"GAME, FISH AND PARKS"
2026-07-10,277307102026,HAMLIN COUNTY TREASURER,12054615,02,2026-08-05,421303,29.17,27,UNIFIED JUDICIAL SYSTEMS
2026-07-25,04JJ-05,HAMM CONTRACTING LLC,12368997,,2026-08-05,426601,110914.45,11,TRANSPORTATION
2026-07-10,2024-BJAG-14 #2,HAND COUNTY SHERIFF,12054856,02,2026-08-05,419943,568.6,14,PUBLIC SAFETY
2026-07-17,19911,HANGER PROSTHETICS AND ORTHOTI,12012211,04,2026-08-05,418226,97.34,18,CORRECTIONS
2026-07-15,2200,HANSEN LOCKSMITHING INC,12025886,,2026-08-05,419825,60.0,08,SOCIAL SERVICES
2026-06-19,37429,HANSON BRIGGS SPECIALTY,12007750,,2026-08-05,418791,5093.31,06,"GAME, FISH AND PARKS"
2026-06-26,37441,HANSON BRIGGS SPECIALTY,12007750,,2026-08-05,418869,809.56,06,"GAME, FISH AND PARKS"
2026-07-10,38282,HANSON BRIGGS SPECIALTY,12007750,,2026-08-05,418792,1764.44,06,"GAME, FISH AND PARKS"
2026-07-17,2022G-ARP-140#10,HANSON RURAL WATER SYSTEMS INC,12036200,,2026-08-05,418508,445435.33,03,AGRICULTURE & NAT. RESOURCES
2026-06-24,BHAC-BH 6-26,"HARBERTS, BRYAN",12755043,,2026-08-05,418905,126.0,08,SOCIAL SERVICES
2026-07-08,801245008,HARDWARE DISTRIBUTORS LTD,12150116,,2026-08-05,420017,1794.45,18,CORRECTIONS
2026-07-01,775533,HARMS OIL COMPANY,12035024,04,2026-08-05,419055,18110.78,11,TRANSPORTATION
2026-07-01,779738,HARMS OIL COMPANY,12035024,04,2026-08-05,420861,36153.46,11,TRANSPORTATION
2026-07-15,8875,HARRY K NAPA,12041139,02,2026-08-05,421573,51.36,11,TRANSPORTATION
2026-07-20,9149,HARRY K NAPA,12041139,02,2026-08-05,421569,119.76,11,TRANSPORTATION
2026-07-10,T88378C,HARVEYS LOCK SHOP INC,12053905,,2026-08-05,418151,75.0,16,MILITARY
2026-06-30,1328-00004-0003,HAUGO BROADCASTING INC,12037714,01,2026-08-05,419774,400.0,06,"GAME, FISH AND PARKS"
2026-06-26,Z297-086,"HAUPTMAN, CHAUNCEY E",12612709,,2026-08-05,419545,20.0,29,ATTORNEY GENERAL
2026-08-04,M027BTR003,HAZEL TOWN OF,12031140,,2026-08-05,M429214,573.51,02,REVENUE
2026-07-02,9251019030,HD SUPPLY INC,12696124,01,2026-08-05,421008,2341.16,18,CORRECTIONS
2025-12-30,1200783792,HDR ENGINEERING INC,12058279,02,2026-08-05,427851,1544.22,11,TRANSPORTATION
2026-03-06,1200805772,HDR ENGINEERING INC,12058279,02,2026-08-05,427850,879.92,11,TRANSPORTATION
2026-07-08,1200841983,HDR ENGINEERING INC,12058279,02,2026-08-05,427853,64045.51,11,TRANSPORTATION
2026-07-13,1200844975,HDR ENGINEERING INC,12058279,02,2026-08-05,426589,9685.92,11,TRANSPORTATION
2026-07-08,CINV-01151209,HEALTHCARE SERVICES GROUP INC,12717546,,2026-08-05,421671,430.1,17,VETERANS' AFFAIRS
2026-07-08,CINV-01151210,HEALTHCARE SERVICES GROUP INC,12717546,,2026-08-05,421672,1679.43,17,VETERANS' AFFAIRS
2026-07-08,CINV-01151212,HEALTHCARE SERVICES GROUP INC,12717546,,2026-08-05,421670,1513.71,17,VETERANS' AFFAIRS
2026-07-08,CINV-01151213,HEALTHCARE SERVICES GROUP INC,12717546,,2026-08-05,421669,25.0,17,VETERANS' AFFAIRS
2026-07-08,CINV-01151216,HEALTHCARE SERVICES GROUP INC,12717546,,2026-08-05,421673,1604.96,17,VETERANS' AFFAIRS
2026-03-05,DCM159802114,HEALTHONE CLINIC SERVICES,12751769,,2026-08-05,419337,25.0,19,HUMAN SERVICES
2026-07-17,19931,HEART HOSPITAL OF SD LLC,12114384,01,2026-08-05,418227,67.16,18,CORRECTIONS
2026-07-17,19932,HEART HOSPITAL OF SD LLC,12114384,,2026-08-05,418213,2162.03,18,CORRECTIONS
2026-07-09,620,HEARTLAND TITLE COMPANIES SD,12662758,02,2026-08-05,419093,4800.0,11,TRANSPORTATION
2026-06-30,264009,HEARTLAND WASTE MANAGEMENT INC,12045608,,2026-08-05,418084,120.0,16,MILITARY
2026-08-03,035F-30,HEAVY CONSTRUCTORS INC,12038600,,2026-08-05,427870,159850.55,11,TRANSPORTATION
2026-07-09,CHFALL26B,"HEINZ, CHRISTOPHER",12743259,,2026-08-05,419235,6884.4,19,HUMAN SERVICES
2026-07-30,49624CON270050,HENKINSCHULTZ INC,12044186,,2026-08-05,426062,1000.0,09,HEALTH
2026-07-30,49702CON270050,HENKINSCHULTZ INC,12044186,,2026-08-05,426059,250.0,09,HEALTH
2026-07-30,49703CON270050,HENKINSCHULTZ INC,12044186,,2026-08-05,426060,900.0,09,HEALTH
2026-07-30,49704CON270050,HENKINSCHULTZ INC,12044186,,2026-08-05,426061,900.0,09,HEALTH
2026-07-30,49724CON270050,HENKINSCHULTZ INC,12044186,,2026-08-05,426063,750.0,09,HEALTH
2026-08-04,M067JT037,"HENNRICH, BRADLEY",12756273,,2026-08-05,M427830,7195.87,06,"GAME, FISH AND PARKS"
2026-08-04,M067JT037,"HENNRICH, JAMMIE S",12105411,,2026-08-05,M427830,5265.67,06,"GAME, FISH AND PARKS"
2026-07-14,59411347,HENRY SCHEIN INC,12004172,,2026-08-05,420976,2655.51,18,CORRECTIONS
2026-08-04,M027BTR003,HENRY TOWN OF,12034005,,2026-08-05,M429214,406.89,02,REVENUE
2026-06-12,WF2660168,HILL CITY FIRE PROTECTION DIST,12041885,,2026-08-05,419940,1906.59,14,PUBLIC SAFETY
2026-08-04,M027BTR003,HILL CITY-CITY OF,12054637,,2026-08-05,M429214,27051.08,02,REVENUE
2026-07-15,90211507,HILLYARD INC,12026905,,2026-08-05,418816,381.53,06,"GAME, FISH AND PARKS"
2026-08-04,M027BTR003,HITCHCOCK-TOWN OF,12054641,,2026-08-05,M429214,6.08,02,REVENUE
2025-09-29,238456,HMR BATTERIES,12135600,,2026-08-05,416873,-127.71,11,TRANSPORTATION
2025-10-06,238590,HMR BATTERIES,12135600,,2026-08-05,419057,-30.0,11,TRANSPORTATION
2026-02-02,121490,HMR BATTERIES,12135600,,2026-08-05,416873A,-12.59,11,TRANSPORTATION
2026-05-19,215383,HMR BATTERIES,12135600,,2026-08-05,419056,-133.16,11,TRANSPORTATION
2026-07-01,810146,HMR BATTERIES,12135600,,2026-08-05,419034,1198.44,11,TRANSPORTATION
2026-07-15,1901002032646,HMR BATTERIES,12135600,,2026-08-05,418069,112.2,11,TRANSPORTATION
2026-07-20,R27-4,"HOLIEN, GABRIEL",12755492,,2026-08-05,420137,176.0,19,HUMAN SERVICES
2026-06-01,5273055987,HONEYWELL INTERNATIONAL INC,12011501,05,2026-08-05,420061,6987.74,18,CORRECTIONS
2026-07-09,71199,HORWATH LAUNDRY MACHINERY CO,12483658,,2026-08-05,419826,2263.42,08,SOCIAL SERVICES
2026-08-04,M027BTR003,HOT SPRINGS CITY OF,12054651,02,2026-08-05,M429214,18010.88,02,REVENUE
2026-07-15,DR4903 PW17,HOT SPRINGS CITY OF,12054651,,2026-08-05,418653,63711.61,14,PUBLIC SAFETY
2026-05-27,293245,HOUSE OF GLASS INC,12030781,,2026-08-05,420108,1286.84,19,HUMAN SERVICES
2026-07-16,294172,HOUSE OF GLASS INC,12030781,,2026-08-05,420109,-495.98,19,HUMAN SERVICES
2026-07-17,23927,HOVEN AUTO REPAIR INC,12047551,,2026-08-05,418819,56.0,06,"GAME, FISH AND PARKS"
2026-07-20,VRM260722404016,"HOVEY NEUBERT, LAURA",12586746,,2026-08-05,421026,843.92,19,HUMAN SERVICES
2026-07-09,204582,HOWARD R GREEN COMPANY,12164334,,2026-08-05,427854,25261.84,11,TRANSPORTATION
2026-07-22,204934,HOWARD R GREEN COMPANY,12164334,,2026-08-05,427849,14956.18,11,TRANSPORTATION
2026-07-15,53038,HOWE INC,12038337,,2026-08-05,419496,3400.0,16,MILITARY
2026-06-30,52779,HOWE INC,12038337,,2026-08-05,420998,6377.59,18,CORRECTIONS
2026-07-14,52880,HOWE INC,12038337,,2026-08-05,418203,1270.38,18,CORRECTIONS
2026-07-15,53033,HOWE INC,12038337,,2026-08-05,418204,587.33,18,CORRECTIONS
2026-07-07,0516918,HP INC,12125515,11,2026-08-05,418558,727.98,03,AGRICULTURE & NAT. RESOURCES
2026-07-07,0516918,HP INC,12125515,11,2026-08-05,418558,222.57,03,AGRICULTURE & NAT. RESOURCES
2026-07-15,0516962,HP INC,12125515,11,2026-08-05,420298,59.21,321,INVESTMENT COUNCIL
2026-07-09,4556,HUB CITY DOWNTOWN LLC,12737709,01,2026-08-05,421544,110.0,14,PUBLIC SAFETY
2026-07-15,4603,HUB CITY DOWNTOWN LLC,12737709,01,2026-08-05,421543,220.0,14,PUBLIC SAFETY
2026-07-13,61526,HUBERS SEPTIC PUMPING LLC,12682666,,2026-08-05,418810,500.0,06,"GAME, FISH AND PARKS"
2026-08-04,M067JT037,"HUDDLESTON, ROCKY W",12066710,,2026-08-05,M427830,4488.0,06,"GAME, FISH AND PARKS"
2026-07-01,27SC08B414-JUN,HUMAN SERVICE AGENCY,12031085,,2026-08-05,419840,85962.08,08,SOCIAL SERVICES
2026-07-07,27SC08E344-JUN,HUMAN SERVICE AGENCY,12031085,,2026-08-05,417802,34.46,08,SOCIAL SERVICES
2026-07-17,27SC08B336-JUN,HUMAN SERVICE AGENCY,12031085,,2026-08-05,419842,14256.0,08,SOCIAL SERVICES
2026-07-22,27SC08B306260722,HUMAN SERVICE AGENCY,12031085,,2026-08-05,420752,988.28,08,SOCIAL SERVICES
2026-07-22,27SC08C314260722,HUMAN SERVICE AGENCY,12031085,,2026-08-05,420728,441.68,08,SOCIAL SERVICES
2026-05-25,VRM260722408303,HUMAN SERVICE AGENCY,12031085,,2026-08-05,421048,1230.89,19,HUMAN SERVICES
2026-06-25,VRM260722404663,HUMAN SERVICE AGENCY,12031085,,2026-08-05,421215,15.74,19,HUMAN SERVICES
2026-06-25,VRM260722404780,HUMAN SERVICE AGENCY,12031085,,2026-08-05,421217,15.74,19,HUMAN SERVICES
2026-06-25,VRM260722405304,HUMAN SERVICE AGENCY,12031085,,2026-08-05,421184,2613.31,19,HUMAN SERVICES
2026-06-25,VRM260722405698,HUMAN SERVICE AGENCY,12031085,,2026-08-05,421047,1287.81,19,HUMAN SERVICES
2026-06-25,VRM260722406094,HUMAN SERVICE AGENCY,12031085,,2026-08-05,421213,1404.43,19,HUMAN SERVICES
2026-06-25,VRM260722406388,HUMAN SERVICE AGENCY,12031085,,2026-08-05,421218,15.74,19,HUMAN SERVICES
2026-06-25,VRM260722406818,HUMAN SERVICE AGENCY,12031085,,2026-08-05,421044,1287.81,19,HUMAN SERVICES
2026-06-25,VRM260722407006,HUMAN SERVICE AGENCY,12031085,,2026-08-05,421046,1287.81,19,HUMAN SERVICES
2026-06-25,VRM260722407060,HUMAN SERVICE AGENCY,12031085,,2026-08-05,421049,566.46,19,HUMAN SERVICES
2026-06-25,VRM260722407465,HUMAN SERVICE AGENCY,12031085,,2026-08-05,421214,15.74,19,HUMAN SERVICES
2026-06-25,VRM260722407537,HUMAN SERVICE AGENCY,12031085,,2026-08-05,421216,15.74,19,HUMAN SERVICES
2026-06-25,VRM260722407844,HUMAN SERVICE AGENCY,12031085,,2026-08-05,421043,1404.43,19,HUMAN SERVICES
2026-06-25,VRM260722407846,HUMAN SERVICE AGENCY,12031085,,2026-08-05,421045,1230.89,19,HUMAN SERVICES
2026-06-25,VRM260722408339,HUMAN SERVICE AGENCY,12031085,,2026-08-05,421212,1230.89,19,HUMAN SERVICES
2026-07-06,VRM260717408260,HUMAN SERVICE AGENCY,12031085,,2026-08-05,418290,13.06,19,HUMAN SERVICES
2026-07-06,VRM260717408330,HUMAN SERVICE AGENCY,12031085,,2026-08-05,418291,22.06,19,HUMAN SERVICES
2026-07-06,VRM260717408438,HUMAN SERVICE AGENCY,12031085,,2026-08-05,418292,21.56,19,HUMAN SERVICES
2026-07-09,VRM260717408461,HUMAN SERVICE AGENCY,12031085,,2026-08-05,418304,13.56,19,HUMAN SERVICES
2026-07-09,VRM260717408462,HUMAN SERVICE AGENCY,12031085,,2026-08-05,418310,35.0,19,HUMAN SERVICES
2026-07-14,VRM260717408715,HUMAN SERVICE AGENCY,12031085,,2026-08-05,418303,35.0,19,HUMAN SERVICES
2026-07-16,VRM260717408811,HUMAN SERVICE AGENCY,12031085,,2026-08-05,418293,35.0,19,HUMAN SERVICES
2026-07-16,VRM260717408812,HUMAN SERVICE AGENCY,12031085,,2026-08-05,418294,35.0,19,HUMAN SERVICES
2026-07-21,VRM260722408889,HUMAN SERVICE AGENCY,12031085,,2026-08-05,421038,19.56,19,HUMAN SERVICES
2026-08-04,M027BTR003,HURON - CITY OF,12054683,,2026-08-05,M429214,87886.13,02,REVENUE
2026-07-07,109716,HURON - CITY OF,12054683,,2026-08-05,419528,14.7,11,TRANSPORTATION
2026-06-30,1556-2618,HURON AMBULANCE INC,12032373,,2026-08-05,418543,700.0,03,AGRICULTURE & NAT. RESOURCES
2026-06-30,SALES0000034674B,HURON AREA CTR FR INDEPENDENCE,12034008,,2026-08-05,419242,1665.45,19,HUMAN SERVICES
2026-06-30,SALES0000034675C,HURON AREA CTR FR INDEPENDENCE,12034008,,2026-08-05,418340,328.05,19,HUMAN SERVICES
2026-06-30,DCM174133450,HURON CLINIC FOUNDATION LTD,12056354,,2026-08-05,421125,35.0,19,HUMAN SERVICES
2026-06-30,SC12726C-502-F,HURON SCHOOL DISTRICT 2-2,12055310,,2026-08-05,426225,3126.24,12,EDUCATION
2026-08-03,M03700001,HURON VETERINARY HOSPITAL,12033055,,2026-08-05,M427827,1071.9,03,AGRICULTURE & NAT. RESOURCES
2026-07-22,012970003,HY-VEE INC,12024480,18,2026-08-05,421691,952.0,012,BHRA ADMINISTRATION
2025-07-30,48915435747,HY-VEE INC,12024480,18,2026-08-05,420690,98.39,08,SOCIAL SERVICES
2026-07-17,19916,HY-VEE INC,12024480,11,2026-08-05,418240,6510.19,18,CORRECTIONS
2026-07-10,265660-JUL26,HY-VEE INC,12024480,18,2026-08-05,420120,116.36,19,HUMAN SERVICES
2026-07-15,133607-98,I & S GROUP INC,12575550,,2026-08-05,419918,3358.18,12,EDUCATION
2026-07-17,19651,IAIABC,12122864,,2026-08-05,419018,1070.0,10,LABOR AND REGULATION
2026-07-15,24006300.00-17,IMEG CONSULTANTS CORP,12697627,,2026-08-05,426588,2751.43,11,TRANSPORTATION
2026-07-15,26002332.00-2,IMEG CONSULTANTS CORP,12697627,,2026-08-05,427856,26021.17,11,TRANSPORTATION
2026-05-06,I001GZ5054,IMPERIAL SUPPLIES HOLDINGS INC,12360071,,2026-08-05,418054,231.68,11,TRANSPORTATION
2026-07-10,I001HL9163,IMPERIAL SUPPLIES HOLDINGS INC,12360071,,2026-08-05,418002,137.8,11,TRANSPORTATION
2026-07-14,I001HM9235,IMPERIAL SUPPLIES HOLDINGS INC,12360071,,2026-08-05,418003,9.53,11,TRANSPORTATION
2026-07-14,I001HM9236,IMPERIAL SUPPLIES HOLDINGS INC,12360071,,2026-08-05,418004,19.56,11,TRANSPORTATION
2026-07-15,I001HN4289,IMPERIAL SUPPLIES HOLDINGS INC,12360071,,2026-08-05,421614,88.61,11,TRANSPORTATION
2026-07-07,VRM260722409029,IN SIGHT EYE CARE PROF PC,12587678,,2026-08-05,421254,300.0,19,HUMAN SERVICES
2026-07-17,27SC195681-JUN26,INDEPENDENT LIVING CHOICES,12039394,,2026-08-05,420093,61963.65,19,HUMAN SERVICES
2026-06-22,SC12724C-001-51,INFINITE CAMPUS INC,12022868,,2026-08-05,426224,325.0,12,EDUCATION
2026-07-20,25856,INFRASTRUCTURE DESIGN GROUP,12458343,,2026-08-05,427857,2444.12,11,TRANSPORTATION
2026-07-16,54113,INGRAM PEST SERVICE INC,12007061,,2026-08-05,420503,92.0,09,HEALTH
2026-07-20,IN5158638,INNOVATIVE OFFICE SOLUTIONS,12550348,,2026-08-05,418462,133.23,010,GOVERNOR'S OFFICE
2026-07-07,IN5152209,INNOVATIVE OFFICE SOLUTIONS,12550348,,2026-08-05,419654,159.19,011,BUREAU OF FINANCE & MANAGEMENT
2026-07-17,IN5159682,INNOVATIVE OFFICE SOLUTIONS,12550348,,2026-08-05,419655,158.81,011,BUREAU OF FINANCE & MANAGEMENT
2026-07-21,IN5161358,INNOVATIVE OFFICE SOLUTIONS,12550348,,2026-08-05,420654,71.04,011,BUREAU OF FINANCE & MANAGEMENT
2026-06-24,IN5145914,INNOVATIVE OFFICE SOLUTIONS,12550348,,2026-08-05,418752,99.56,012,BHRA ADMINISTRATION
2026-07-16,IN5158710,INNOVATIVE OFFICE SOLUTIONS,12550348,,2026-08-05,419435,113.83,02,REVENUE
2026-07-17,IN5159634,INNOVATIVE OFFICE SOLUTIONS,12550348,,2026-08-05,421412,133.18,02,REVENUE
2026-07-17,IN5160044,INNOVATIVE OFFICE SOLUTIONS,12550348,,2026-08-05,419436,142.73,02,REVENUE
2026-07-15,IN5156838,INNOVATIVE OFFICE SOLUTIONS,12550348,,2026-08-05,418734,265.84,04,TOURISM
2026-07-06,IN5151630,INNOVATIVE OFFICE SOLUTIONS,12550348,,2026-08-05,418812,85.68,06,"GAME, FISH AND PARKS"
2026-07-10,IN5154713,INNOVATIVE OFFICE SOLUTIONS,12550348,,2026-08-05,417787,258.93,08,SOCIAL SERVICES
2026-07-15,IN5157800,INNOVATIVE OFFICE SOLUTIONS,12550348,,2026-08-05,419874,72.52,10,LABOR AND REGULATION
2026-07-15,IN5158066,INNOVATIVE OFFICE SOLUTIONS,12550348,,2026-08-05,417126,224.9,10,LABOR AND REGULATION
2026-07-16,IN5158425,INNOVATIVE OFFICE SOLUTIONS,12550348,,2026-08-05,419873,44.89,10,LABOR AND REGULATION
2026-07-16,IN5158679,INNOVATIVE OFFICE SOLUTIONS,12550348,,2026-08-05,419876,109.57,10,LABOR AND REGULATION
2026-07-17,IN5159959,INNOVATIVE OFFICE SOLUTIONS,12550348,,2026-08-05,419875,1211.04,10,LABOR AND REGULATION
2026-07-16,IN5158509,INNOVATIVE OFFICE SOLUTIONS,12550348,,2026-08-05,421606,159.54,11,TRANSPORTATION
2026-07-10,IN5155125,INNOVATIVE OFFICE SOLUTIONS,12550348,,2026-08-05,419486,1907.24,16,MILITARY
2026-07-10,IN5155138,INNOVATIVE OFFICE SOLUTIONS,12550348,,2026-08-05,419487,951.16,16,MILITARY
2026-07-01,IN5149466,INNOVATIVE OFFICE SOLUTIONS,12550348,,2026-08-05,418127,190.84,17,VETERANS' AFFAIRS
2026-06-29,IN5148339,INNOVATIVE OFFICE SOLUTIONS,12550348,,2026-08-05,420992,2451.6,18,CORRECTIONS
2026-07-03,IN5151130,INNOVATIVE OFFICE SOLUTIONS,12550348,,2026-08-05,421020,134.67,18,CORRECTIONS
2026-07-07,IN5152487,INNOVATIVE OFFICE SOLUTIONS,12550348,,2026-08-05,421017,2139.69,18,CORRECTIONS
2026-07-07,IN5152526,INNOVATIVE OFFICE SOLUTIONS,12550348,,2026-08-05,421016,600.75,18,CORRECTIONS
2026-07-07,IN5152536,INNOVATIVE OFFICE SOLUTIONS,12550348,,2026-08-05,421019,129.3,18,CORRECTIONS
2026-07-07,IN5152539,INNOVATIVE OFFICE SOLUTIONS,12550348,,2026-08-05,421018,59.6,18,CORRECTIONS
2026-07-13,5156270,INNOVATIVE OFFICE SOLUTIONS,12550348,,2026-08-05,420016,796.52,18,CORRECTIONS
2026-07-21,IN5161546,INNOVATIVE OFFICE SOLUTIONS,12550348,,2026-08-05,420989,320.02,18,CORRECTIONS
2026-06-24,IN5145889,INNOVATIVE OFFICE SOLUTIONS,12550348,,2026-08-05,420240,186.24,27,UNIFIED JUDICIAL SYSTEMS
2026-06-30,IN5149182,INNOVATIVE OFFICE SOLUTIONS,12550348,,2026-08-05,421321,208.12,27,UNIFIED JUDICIAL SYSTEMS
2026-07-06,IN5151760,INNOVATIVE OFFICE SOLUTIONS,12550348,,2026-08-05,421319,334.64,27,UNIFIED JUDICIAL SYSTEMS
2026-07-08,IN5152981,INNOVATIVE OFFICE SOLUTIONS,12550348,,2026-08-05,421293,316.7,27,UNIFIED JUDICIAL SYSTEMS
2026-07-08,IN5153462,INNOVATIVE OFFICE SOLUTIONS,12550348,,2026-08-05,421322,2404.5,27,UNIFIED JUDICIAL SYSTEMS
2026-07-09,IN5154358,INNOVATIVE OFFICE SOLUTIONS,12550348,,2026-08-05,421320,406.3,27,UNIFIED JUDICIAL SYSTEMS
2026-07-10,IN5155123,INNOVATIVE OFFICE SOLUTIONS,12550348,,2026-08-05,420238,285.14,27,UNIFIED JUDICIAL SYSTEMS
2026-07-10,IN5155290,INNOVATIVE OFFICE SOLUTIONS,12550348,,2026-08-05,421318,76.75,27,UNIFIED JUDICIAL SYSTEMS
2026-07-13,IN5156168,INNOVATIVE OFFICE SOLUTIONS,12550348,,2026-08-05,421280,7.38,27,UNIFIED JUDICIAL SYSTEMS
2026-07-15,IN5157756,INNOVATIVE OFFICE SOLUTIONS,12550348,,2026-08-05,421304,944.96,27,UNIFIED JUDICIAL SYSTEMS
2026-07-15,IN5158130,INNOVATIVE OFFICE SOLUTIONS,12550348,,2026-08-05,421276,238.4,27,UNIFIED JUDICIAL SYSTEMS
2026-07-16,IN5158941,INNOVATIVE OFFICE SOLUTIONS,12550348,,2026-08-05,421265,5.05,27,UNIFIED JUDICIAL SYSTEMS
2026-07-16,IN5158999,INNOVATIVE OFFICE SOLUTIONS,12550348,,2026-08-05,421263,349.49,27,UNIFIED JUDICIAL SYSTEMS
2026-07-21,IN5161241,INNOVATIVE OFFICE SOLUTIONS,12550348,,2026-08-05,420231,134.67,27,UNIFIED JUDICIAL SYSTEMS
2026-07-31,1140,INSIGHT & INTEGRITY,12753822,,2026-08-05,428427,15000.0,29,ATTORNEY GENERAL
2026-07-08,35C,INSPIRING HOPE COUNSELING LLC,12706744,,2026-08-05,420246,178.0,27,UNIFIED JUDICIAL SYSTEMS
2026-07-08,36A,INSPIRING HOPE COUNSELING LLC,12706744,,2026-08-05,420244,4021.08,27,UNIFIED JUDICIAL SYSTEMS
2026-07-08,36B,INSPIRING HOPE COUNSELING LLC,12706744,,2026-08-05,420245,455.99,27,UNIFIED JUDICIAL SYSTEMS
2026-06-22,79928,INTEGRATED TECHNOLOGY & SECURI,12603126,,2026-08-05,418940,21.49,012,BHRA ADMINISTRATION
2026-06-22,79928,INTEGRATED TECHNOLOGY & SECURI,12603126,,2026-08-05,418940,97.29,013,BUREAU OF INFORMATION & TECH
2026-06-22,79928,INTEGRATED TECHNOLOGY & SECURI,12603126,,2026-08-05,418940,293.59,02,REVENUE
2026-06-22,79928,INTEGRATED TECHNOLOGY & SECURI,12603126,,2026-08-05,418940,47.8,028,LOTTERY
2026-06-22,79928,INTEGRATED TECHNOLOGY & SECURI,12603126,,2026-08-05,418940,259.12,03,AGRICULTURE & NAT. RESOURCES
2026-06-22,79928,INTEGRATED TECHNOLOGY & SECURI,12603126,,2026-08-05,418940,1717.62,08,SOCIAL SERVICES
2026-06-22,79928,INTEGRATED TECHNOLOGY & SECURI,12603126,,2026-08-05,418940,800.47,09,HEALTH
2026-07-06,79948,INTEGRATED TECHNOLOGY & SECURI,12603126,,2026-08-05,421021,2398.96,18,CORRECTIONS
2026-06-22,79928,INTEGRATED TECHNOLOGY & SECURI,12603126,,2026-08-05,418940,151.15,19,HUMAN SERVICES
2026-08-04,M027BTR003,INTERIOR TOWN OF,12054690,,2026-08-05,M429214,3524.43,02,REVENUE
2026-07-07,SI-IAP-1009585,INTERNATIONAL ASSN OF PLUMBING,12125994,01,2026-08-05,417111,84.0,10,LABOR AND REGULATION
2026-07-01,0540358,INTERNATIONAL BUSINESS MACHINE,12004442,13,2026-08-05,420642,1965.6,013,BUREAU OF INFORMATION & TECH
2026-07-01,12240001,INTERSTATE TELECOM,12041506,03,2026-08-05,419527,44.1,11,TRANSPORTATION
2026-07-01,12250997,INTERSTATE TELECOMMUNICATION,12041506,,2026-08-05,420247,135.54,27,UNIFIED JUDICIAL SYSTEMS
2026-08-04,M027BTR003,IPSWICH CITY OF,12054693,,2026-08-05,M429214,2699.35,02,REVENUE
2026-07-22,27SC08C350260722,IRECOVER US INC,12710296,,2026-08-05,420727,62301.54,08,SOCIAL SERVICES
2026-07-01,07012026,IROQUOIS SCHOOL DISTRICT 2-3,12055629,,2026-08-05,418534,1225.8,03,AGRICULTURE & NAT. RESOURCES
2026-07-23,POC2026-04-2,IRWIN INDUSTRIAL INSPECTION &,12750900,,2026-08-05,421406,15000.0,010,GOVERNOR'S OFFICE
2026-07-06,AR22813,IS RESTAURANT EQUIP SERVICES,12618443,,2026-08-05,419500,110.0,16,MILITARY
2026-07-15,AR22917,IS RESTAURANT EQUIP SERVICES,12618443,,2026-08-05,419500A,175.0,16,MILITARY
2026-07-09,22868,IS RESTAURANT EQUIP SERVICES,12618443,,2026-08-05,418167,144.0,18,CORRECTIONS
2026-06-26,043045,ISI LLC,12342347,,2026-08-05,421006,110.0,18,CORRECTIONS
2026-07-16,043096,ISI LLC,12342347,,2026-08-05,418267,1450.06,19,HUMAN SERVICES
2026-07-21,VRM260722408482,ISI LLC,12342347,,2026-08-05,421240,1416.33,19,HUMAN SERVICES
2026-07-08,043082,ISI LLC,12342347,,2026-08-05,421296,110.0,27,UNIFIED JUDICIAL SYSTEMS
2026-05-19,C261411268:01,ISTATE TRUCK INC,12291406,,2026-08-05,406019,-59.92,11,TRANSPORTATION
2026-06-29,R261080659:01,ISTATE TRUCK INC,12291406,,2026-08-05,419903,62957.71,11,TRANSPORTATION
2026-06-30,C261414176:01,ISTATE TRUCK INC,12291406,,2026-08-05,418056,-230.0,11,TRANSPORTATION
2026-07-01,C26141423701,ISTATE TRUCK INC,12291406,,2026-08-05,419035,1167.42,11,TRANSPORTATION
2026-07-10,C261414480:01,ISTATE TRUCK INC,12291406,,2026-08-05,418058,304.79,11,TRANSPORTATION
2026-07-10,C261414777:01,ISTATE TRUCK INC,12291406,,2026-08-05,418057,50.59,11,TRANSPORTATION
2026-07-13,C261414569:02,ISTATE TRUCK INC,12291406,,2026-08-05,421459,339.46,11,TRANSPORTATION
2026-07-13,C263007841:01,ISTATE TRUCK INC,12291406,,2026-08-05,420817,348.82,11,TRANSPORTATION
2026-07-16,C263007818:01,ISTATE TRUCK INC,12291406,,2026-08-05,420816,595.69,11,TRANSPORTATION
2026-06-01,082700225,J & J SUPPORT SERVICE LLC,12728189,,2026-08-05,420704,936.0,08,SOCIAL SERVICES
2026-06-08,010008,J&BW INVESTMENTS LLC,12539609,,2026-08-05,409794,27562.5,31,SECRETARY OF STATE
2026-07-08,0626CON261331,JACKSON COUNTY,12054726,,2026-08-05,418960,4244.56,09,HEALTH
2026-07-10,67205,JAG TEXTILE COMPANY,12311817,,2026-08-05,418173,44384.17,18,CORRECTIONS
2026-07-10,67206,JAG TEXTILE COMPANY,12311817,,2026-08-05,418174,6324.97,18,CORRECTIONS
2026-07-07,35658,JAMES A HEIL,12014077,,2026-08-05,419675,178.58,06,"GAME, FISH AND PARKS"
2026-07-13,35785,JAMES A HEIL,12014077,,2026-08-05,419782,30.4,06,"GAME, FISH AND PARKS"
2026-05-06,1250,JAMES VALLEY NURSERY INC,12041826,,2026-08-05,421470,154.0,11,TRANSPORTATION
2026-05-06,1259,JAMES VALLEY NURSERY INC,12041826,,2026-08-05,421471,308.8,11,TRANSPORTATION
2026-07-28,JAMES-JUL26,"JAMES, NATHAN E",12708740,,2026-08-05,426575,2505.64,17,VETERANS' AFFAIRS
2026-02-03,DSR4807 PW605MC,JAMESVILLE TOWNSHIP,12626275,,2026-08-05,419961,839.8,14,PUBLIC SAFETY
2026-06-30,06/30/2026,JAN MANOLIS FAMILY SAFE CENTER,12235205,,2026-08-05,421556,1092.43,29,ATTORNEY GENERAL
2026-06-26,27SC081806-JUN,JANUS SOFTWARE INC,12690314,,2026-08-05,426048,34659.6,08,SOCIAL SERVICES
2026-07-17,0000537108,JAYS COMPANY,12022897,,2026-08-05,420041,195.85,18,CORRECTIONS
2026-07-20,0000537273,JAYS COMPANY,12022897,,2026-08-05,420042,915.0,18,CORRECTIONS
2026-07-20,0000537274,JAYS COMPANY,12022897,,2026-08-05,420043,457.5,18,CORRECTIONS
2026-07-20,0000537276,JAYS COMPANY,12022897,,2026-08-05,420044,1640.89,18,CORRECTIONS
2026-06-30,SDSP626,JEFFERSON PARTNERS LP,12022796,,2026-08-05,420997,591.6,18,CORRECTIONS
2026-07-20,R27-13,"JEFFORDS, TODD JR",12754195,,2026-08-05,421148,495.0,19,HUMAN SERVICES
2026-07-09,22275,JENNER EQUIPMENT COMPANY,12032814,,2026-08-05,419742,955.92,06,"GAME, FISH AND PARKS"
2026-07-13,68792,JENNER EQUIPMENT COMPANY,12032814,,2026-08-05,419781,54.92,06,"GAME, FISH AND PARKS"
2026-07-14,68793,JENNER EQUIPMENT COMPANY,12032814,,2026-08-05,419780,252.59,06,"GAME, FISH AND PARKS"
2026-07-13,1000,JENSEN ROCK & SAND INC,12031491,01,2026-08-05,418818,149.69,06,"GAME, FISH AND PARKS"
2026-07-13,48210RM,JENSEN ROCK & SAND INC,12031491,01,2026-08-05,419074,984.25,11,TRANSPORTATION
2026-07-20,R27-5,"JENSEN, SOFIA",12754993,,2026-08-05,420138,56.0,19,HUMAN SERVICES
2026-06-29,175016,JEO CONSULTING GROUP INC,12164706,,2026-08-05,427852,5403.49,11,TRANSPORTATION
2026-07-08,3182,JOBU HOSPITALITY LLC,12607908,,2026-08-05,418914,220.0,08,SOCIAL SERVICES
2026-05-31,45031-10037,JODI VANDENBOSCH,12755413,,2026-08-05,418903,828.41,08,SOCIAL SERVICES
2026-07-08,11113-66838-0726,JOHN DEERE FINANCIAL,12018679,02,2026-08-05,420818,90.78,11,TRANSPORTATION
2026-06-26,960245,JOHN DEERE FINANCIAL,12018679,02,2026-08-05,418152,437.1,16,MILITARY
2026-07-14,DCC12010778,JOHN LASSEGARD MD FAMILY PHYS,12553720,,2026-08-05,421054,75.0,19,HUMAN SERVICES
2026-07-19,DCC12023468,JOHN LASSEGARD MD FAMILY PHYS,12553720,,2026-08-05,421055,641.55,19,HUMAN SERVICES
2026-07-19,DCC12023517,JOHN LASSEGARD MD FAMILY PHYS,12553720,,2026-08-05,421056,641.55,19,HUMAN SERVICES
2026-07-15,12181,JOHNSON BROTHERS EXCAVATION,12120346,,2026-08-05,418798,4013.56,06,"GAME, FISH AND PARKS"
2026-07-14,270878,JOHNSON SAND & GRAVEL INC,12753236,,2026-08-05,420357,1840.0,03,AGRICULTURE & NAT. RESOURCES
2026-08-04,M067JT037,"JOHNSON, GREGORY R",12756267,,2026-08-05,M427830,7524.0,06,"GAME, FISH AND PARKS"
2026-07-14,2027044,"JOHNSON, KELLY R",12551095,,2026-08-05,418523,58422.66,03,AGRICULTURE & NAT. RESOURCES
2026-07-20,125,"JOHNSON, KRISTEN N",12753487,,2026-08-05,419444,1784.91,03,AGRICULTURE & NAT. RESOURCES
2026-07-20,R27-22,"JOSTEN, DUSTIN MATTHEW",12588928,,2026-08-05,421159,100.0,19,HUMAN SERVICES
2026-06-30,72326-2,JOURNEY GROUP COMPANIES,12029062,,2026-08-05,421366,936836.72,30,SCHOOL & PUBLIC LANDS
2026-06-30,72326-3,JOURNEY GROUP COMPANIES,12029062,,2026-08-05,421365,1739839.61,30,SCHOOL & PUBLIC LANDS
2026-06-19,27SC193442-JUN26,JUMP TECHNOLOGY SERVICES LLC,12616417,,2026-08-05,420082,2706.0,19,HUMAN SERVICES
2026-07-21,156132,KADOKA OIL LLC,12046154,,2026-08-05,421577,5713.02,11,TRANSPORTATION
2026-07-20,R27-6,"KAI, REBECCA J",12684347,,2026-08-05,420139,600.0,19,HUMAN SERVICES
2026-07-14,082700221,"KATTERHAGEN, MARK C",12491011,,2026-08-05,419833,20.0,08,SOCIAL SERVICES
2026-07-08,34270838,KCI USA INC,12118634,,2026-08-05,417788,787.5,08,SOCIAL SERVICES
2026-07-09,695866,KD PEST SERVICE LLC,12736754,,2026-08-05,417063,178.0,012,BHRA ADMINISTRATION
2026-07-09,695867,KD PEST SERVICE LLC,12736754,,2026-08-05,419829,210.0,08,SOCIAL SERVICES
2026-07-09,695868,KD PEST SERVICE LLC,12736754,,2026-08-05,419830,599.0,08,SOCIAL SERVICES
2026-07-09,695869,KD PEST SERVICE LLC,12736754,,2026-08-05,419831,102.0,08,SOCIAL SERVICES
2026-07-16,695801,KD PEST SERVICE LLC,12736754,,2026-08-05,419832,270.0,08,SOCIAL SERVICES
2026-07-15,695872,KD PEST SERVICE LLC,12736754,,2026-08-05,418588,100.0,14,PUBLIC SAFETY
2026-07-15,54514,KELLY MIDWEST VENTURES LP,12141895,07,2026-08-05,418563,214.0,03,AGRICULTURE & NAT. RESOURCES
2026-07-15,57491,KELLY MIDWEST VENTURES LP,12141895,07,2026-08-05,418564,214.0,03,AGRICULTURE & NAT. RESOURCES
2026-07-09,429304,KELLY MIDWEST VENTURES LP,12141895,,2026-08-05,418569,224.0,03,AGRICULTURE & NAT. RESOURCES
2026-07-09,429314,KELLY MIDWEST VENTURES LP,12141895,,2026-08-05,418496,224.0,03,AGRICULTURE & NAT. RESOURCES
2026-06-04,5053,KELLY MIDWEST VENTURES LP,12141895,07,2026-08-05,420745,321.0,08,SOCIAL SERVICES
2026-06-04,5054,KELLY MIDWEST VENTURES LP,12141895,07,2026-08-05,420746,321.0,08,SOCIAL SERVICES
2025-10-01,1759345062,KELLY MIDWEST VENTURES LP,12141895,05,2026-08-05,419079,224.0,11,TRANSPORTATION
2026-07-15,429449,KELLY MIDWEST VENTURES LP,12141895,,2026-08-05,419091,224.0,11,TRANSPORTATION
2026-07-15,429450,KELLY MIDWEST VENTURES LP,12141895,,2026-08-05,419089,224.0,11,TRANSPORTATION
2026-07-15,429451,KELLY MIDWEST VENTURES LP,12141895,,2026-08-05,419087,224.0,11,TRANSPORTATION
2026-07-16,160043,KELLY MIDWEST VENTURES LP,12141895,01,2026-08-05,419090,112.0,11,TRANSPORTATION
2026-07-16,160044,KELLY MIDWEST VENTURES LP,12141895,01,2026-08-05,419088,112.0,11,TRANSPORTATION
2026-07-16,160045,KELLY MIDWEST VENTURES LP,12141895,01,2026-08-05,419086,112.0,11,TRANSPORTATION
2026-07-16,5134,KELLY MIDWEST VENTURES LP,12141895,07,2026-08-05,418662,214.0,14,PUBLIC SAFETY
2026-06-14,55787,KELLY MIDWEST VENTURES LP,12141895,07,2026-08-05,420026,214.0,18,CORRECTIONS
2026-07-10,57177,KELLY MIDWEST VENTURES LP,12141895,07,2026-08-05,420036,535.0,18,CORRECTIONS
2026-08-04,M027BTR003,KENNEBEC,12054733,01,2026-08-05,M429214,3158.04,02,REVENUE
2026-06-12,2695,KENS SUPERMARKET INC,12033052,02,2026-08-05,419712,80.77,06,"GAME, FISH AND PARKS"
2026-06-01,935440,KEVINS SERVICE INC,12052273,,2026-08-05,419713,300.0,06,"GAME, FISH AND PARKS"
2026-06-30,3524,KINGSBURY ELECTRIC COOPERATIVE,12029456,,2026-08-05,419525,460.05,11,TRANSPORTATION
2026-04-13,DCM164917324,KLEINJAN CHIROPRACTIC LLC,12139716,,2026-08-05,419342,35.0,19,HUMAN SERVICES
2026-07-20,AUG2026RENT,KOCH COMPANY I LLC,12518727,,2026-08-05,420130,16226.44,19,HUMAN SERVICES
2026-07-16,40472,KOENIG LUMBER LLC,12689608,,2026-08-05,421487,18.53,11,TRANSPORTATION
2026-06-26,5044887,KOHLS DEPARTMENT STORES INC,12005011,,2026-08-05,419165,65.0,19,HUMAN SERVICES
2026-07-16,5045160,KOHLS DEPARTMENT STORES INC,12005011,,2026-08-05,419244,165.32,19,HUMAN SERVICES
2026-06-24,225286,KOOIMAN AUTOMOTIVE INC,12291016,,2026-08-05,418941,629.29,08,SOCIAL SERVICES
2026-07-14,415614/2,KOPETSKY ENTERPRISES,12017359,01,2026-08-05,418916,59.98,08,SOCIAL SERVICES
2026-07-14,K15590 /2,KOPETSKY ENTERPRISES,12017359,01,2026-08-05,418915,14.99,08,SOCIAL SERVICES
2026-07-20,R27-12,"KOTZENMACHER, CHRISTI J",12427067,,2026-08-05,421147,345.0,19,HUMAN SERVICES
2026-07-06,111,"KRUSE, REBECCA L",12755319,,2026-08-05,418509,5148.38,03,AGRICULTURE & NAT. RESOURCES
2026-07-23,IN26185381,L2 BRANDS LLC,12668377,,2026-08-05,421405,17195.55,010,GOVERNOR'S OFFICE
2026-07-13,75716,LACEY RENTALS INC,12320016,,2026-08-05,419129,345.0,18,CORRECTIONS
2026-07-01,RC0726,LACREEK ELECTRIC ASSN INC,12029562,,2026-08-05,419693,63.32,06,"GAME, FISH AND PARKS"
2026-06-24,BHAC-KL 6-26,"LAIL, KATTIE A",12755040,,2026-08-05,418906,124.6,08,SOCIAL SERVICES
2026-03-12,1034728767,LAKE CITY HOSPITALITY INC,12050131,01,2026-08-05,418656,336.0,14,PUBLIC SAFETY
2026-07-15,07152026,LAKE MADISON SANITARY DISTRICT,12038690,,2026-08-05,419456,207.0,06,"GAME, FISH AND PARKS"
2026-07-21,VRM260721409030,LAKE NORDEN FAMILY CHIROPRACTC,12025944,,2026-08-05,420164,35.0,19,HUMAN SERVICES
2026-07-02,14939000726,LAKE REGION ELECTRIC ASSN INC,12028902,,2026-08-05,418045,140.38,11,TRANSPORTATION
2026-07-02,6909000726,LAKE REGION ELECTRIC ASSN INC,12028902,,2026-08-05,418046,415.38,11,TRANSPORTATION
2026-08-04,M027BTR003,LANE TOWN OF,12054767,,2026-08-05,M429214,247.41,02,REVENUE
2026-07-27,LANE-0727,"LANE, AMY C",12494574,,2026-08-05,427429,527.28,17,VETERANS' AFFAIRS
2026-07-14,082700223,"LARSON, VALERIE J",12685901,,2026-08-05,419839,20.0,08,SOCIAL SERVICES
2026-07-28,072326CON270733,"LAVIN, MARK T DDS",12571317,,2026-08-05,426052,250.0,09,HEALTH
2026-03-18,DCM161159200,LAWRENCE PORTER,12755009,,2026-08-05,421099,35.0,19,HUMAN SERVICES
2026-07-18,9313641778,LAWSON PRODUCTS INC,12223515,01,2026-08-05,421568,683.45,11,TRANSPORTATION
2026-07-20,9313643914,LAWSON PRODUCTS INC,12223515,01,2026-08-05,421586,166.97,11,TRANSPORTATION
2026-07-21,9313647730,LAWSON PRODUCTS INC,12223515,01,2026-08-05,421585,73.95,11,TRANSPORTATION
2026-01-06,100005920-1,LEAVITT COMMUNICATIONS LLC,12538587,,2026-08-05,420106,-330.4,19,HUMAN SERVICES
2026-07-08,100007767-1,LEAVITT COMMUNICATIONS LLC,12538587,,2026-08-05,418379,2701.5,19,HUMAN SERVICES
2026-05-29,137482-1,LEE ENTERPRISES INC,12024680,06,2026-08-05,418541,307.0,03,AGRICULTURE & NAT. RESOURCES
2026-06-12,138360-1,LEE ENTERPRISES INC,12024680,06,2026-08-05,418540,372.0,03,AGRICULTURE & NAT. RESOURCES
2026-07-20,CB032526,LEIDOS DIGITAL SOLUTIONS INC,12599495,,2026-08-05,418465,87372.96,010,GOVERNOR'S OFFICE
2026-07-15,RR2715,LEMMON CHAMBER OF COMMERCE,12029576,,2026-08-05,418737,500.0,04,TOURISM
2026-08-04,M027BTR003,LENNOX CITY OF,12054784,,2026-08-05,M429214,6666.14,02,REVENUE
2026-08-04,M027BTR003,LEOLA-CITY OF,12056532,,2026-08-05,M429214,1195.68,02,REVENUE
2026-05-15,0120074,LESTER HOSPITALITY RAPID CITY,12007430,,2026-08-05,420252,767.0,27,UNIFIED JUDICIAL SYSTEMS
2026-08-04,M067JT037,LEVIN RANCH INC,12688867,,2026-08-05,M427830,21470.35,06,"GAME, FISH AND PARKS"
2026-07-14,27SC08B330-JUN,LEWIS & CLARK BEHVRL HLTH SVCS,12032509,,2026-08-05,418935,62356.89,08,SOCIAL SERVICES
2026-07-16,27SC08B307-JUN,LEWIS & CLARK BEHVRL HLTH SVCS,12032509,,2026-08-05,419848,13556.0,08,SOCIAL SERVICES
2026-07-22,27SC08B307260722,LEWIS & CLARK BEHVRL HLTH SVCS,12032509,,2026-08-05,420753,36396.83,08,SOCIAL SERVICES
2026-07-22,27SC08C316260722,LEWIS & CLARK BEHVRL HLTH SVCS,12032509,,2026-08-05,420724,56682.62,08,SOCIAL SERVICES
2026-06-10,277906102026,LEWIS & CLARK BEHVRL HLTH SVCS,12032509,,2026-08-05,420234,1236.08,27,UNIFIED JUDICIAL SYSTEMS
2026-07-09,484443,LEWIS DRUG WESTGATE 2,12029381,07,2026-08-05,419138,106.95,19,HUMAN SERVICES
2026-07-09,484445,LEWIS DRUG WESTGATE 2,12029381,07,2026-08-05,419136,106.95,19,HUMAN SERVICES
2026-07-09,484447,LEWIS DRUG WESTGATE 2,12029381,07,2026-08-05,419137,106.95,19,HUMAN SERVICES
2026-07-14,082700222,"LEWNO, LUCILLE M",12346012,,2026-08-05,419834,198.74,08,SOCIAL SERVICES
2026-07-22,763776,"LEWTON, ROBERT",12196185,,2026-08-05,421431,10136.0,03,AGRICULTURE & NAT. RESOURCES
2026-07-20,JECS553834,LIBERTY CHRYSLER CENTER LLC,12023791,,2026-08-05,420003,1629.19,14,PUBLIC SAFETY
2026-07-15,VRM260716402886,LIFE QUEST,12035739,01,2026-08-05,418316,679.73,19,HUMAN SERVICES
2026-07-21,VRM260722401205,LIFE QUEST,12035739,01,2026-08-05,421243,576.99,19,HUMAN SERVICES
2026-07-21,VRM260722405634,LIFE QUEST,12035739,01,2026-08-05,421237,100.7,19,HUMAN SERVICES
2026-07-21,VRM260722407267,LIFE QUEST,12035739,01,2026-08-05,421238,16.28,19,HUMAN SERVICES
2026-07-13,89336265,LIFE TECHNOLOGIES CORP,12170972,01,2026-08-05,418421,2080.06,29,ATTORNEY GENERAL
2026-07-08,JJDPA2026-05,LINCOLN COUNTY,12054363,07,2026-08-05,418202,4472.28,18,CORRECTIONS
2026-07-20,R27-29,"LINDBERG, CHARLOTTE",12753083,,2026-08-05,421166,120.0,19,HUMAN SERVICES
2026-05-18,26-1000-008 3398,LITERACY MINNESOTA,12559794,,2026-08-05,417575,5000.0,10,LABOR AND REGULATION
2026-06-24,26-AB-003 9812,LITERACYPRO SYSTEMS INC,12120040,,2026-08-05,419878,3618.0,10,LABOR AND REGULATION
2026-06-22,567101,LODGEPOLE STORE,12659495,,2026-08-05,419407,250.0,30,SCHOOL & PUBLIC LANDS
2026-08-03,089U-06,LOISEAU CONSTRUCTION INC,12041555,,2026-08-05,427865,252098.63,11,TRANSPORTATION
2026-06-29,2772062926,"LOPEZ, REBECA",12675087,,2026-08-05,421327,30.0,27,UNIFIED JUDICIAL SYSTEMS
2026-07-15,2772071526,"LOPEZ, REBECA",12675087,,2026-08-05,421334,30.0,27,UNIFIED JUDICIAL SYSTEMS
2026-06-18,52297985,LOYAL PLUMBING LLC,12571082,,2026-08-05,419769,70.41,06,"GAME, FISH AND PARKS"
2026-07-16,1102556A,LS & S LLC,12118853,,2026-08-05,419135,28.41,19,HUMAN SERVICES
2026-06-02,2026-325,LUDWIG CONCRETE CONSTRUCTION,12683262,,2026-08-05,418804,12387.78,06,"GAME, FISH AND PARKS"
2026-07-20,R27-24,"LUNDGREN, HANNAH G",12753384,,2026-08-05,421161,468.5,19,HUMAN SERVICES
2026-07-20,R27-25,"LUNDGREN, HANNAH G",12753384,,2026-08-05,421162,49.0,19,HUMAN SERVICES
2026-06-25,25-JT-001 TECH,LUTHERAN SOCIAL SERVICES OF SD,12029752,16,2026-08-05,417123,934.1,10,LABOR AND REGULATION
2026-07-01,27-I-007 070126,LUTHERAN SOCIAL SERVICES OF SD,12029752,16,2026-08-05,419882,250.0,10,LABOR AND REGULATION
2026-07-06,27-I-007 070626,LUTHERAN SOCIAL SERVICES OF SD,12029752,16,2026-08-05,419883,250.0,10,LABOR AND REGULATION
2026-07-16,27-I-007 071626,LUTHERAN SOCIAL SERVICES OF SD,12029752,16,2026-08-05,419881,250.0,10,LABOR AND REGULATION
2026-07-07,DV-MRT2026-06,LUTHERAN SOCIAL SERVICES OF SD,12029752,16,2026-08-05,418179,1080.0,18,CORRECTIONS
2026-07-08,AE2026-06,LUTHERAN SOCIAL SERVICES OF SD,12029752,16,2026-08-05,418197,727.95,18,CORRECTIONS
2026-07-08,AI2026-06,LUTHERAN SOCIAL SERVICES OF SD,12029752,16,2026-08-05,418196,839.24,18,CORRECTIONS
2026-07-16,1008151,LWC INC,12749776,,2026-08-05,420814,405.0,11,TRANSPORTATION
2026-07-18,I7XX-01M,LYMAN CO HWY DEPT,12054729,09,2026-08-05,426599,2007.5,11,TRANSPORTATION
2026-07-14,I4736,M&M LLC,12569699,,2026-08-05,419497,128.61,16,MILITARY
2026-05-22,43913A,MABEE EYE CLINIC,12556761,01,2026-08-05,420149,1154.9,19,HUMAN SERVICES
2026-07-13,VRM260716407593,MABEE EYE CLINIC,12556761,01,2026-08-05,418322,113.96,19,HUMAN SERVICES
2026-07-13,VRM260716408672,MABEE EYE CLINIC,12556761,01,2026-08-05,418321,114.93,19,HUMAN SERVICES
2026-07-08,361066,MACKENZIE ENTERPRISES,12556815,,2026-08-05,418614,305.71,14,PUBLIC SAFETY
2026-07-30,052926CON260052,MADISON COMMUNITY HOSPITAL,12029862,01,2026-08-05,426065,2394.0,09,HEALTH
2026-08-04,M067JT037,MAE V WARNER TRUST,12756260,,2026-08-05,M427830,6826.91,06,"GAME, FISH AND PARKS"
2026-07-01,PPLN01-070126,MAILFINANCE INC,12219369,,2026-08-05,418108,508.07,17,VETERANS' AFFAIRS
2026-07-10,27SC08C319260710,MAIN GATE COUNSELING SERVICES,12040155,,2026-08-05,421839,3385.44,08,SOCIAL SERVICES
2026-07-22,27SC08C319260722,MAIN GATE COUNSELING SERVICES,12040155,,2026-08-05,421850,3392.16,08,SOCIAL SERVICES
2026-07-13,INV15459866,MARCO TECHNOLOGIES LLC,12201534,,2026-08-05,420389,112.12,03,AGRICULTURE & NAT. RESOURCES
2026-07-15,INV15470609,MARCO TECHNOLOGIES LLC,12201534,,2026-08-05,417120,19.35,10,LABOR AND REGULATION
2026-07-17,INV15479183,MARCO TECHNOLOGIES LLC,12201534,,2026-08-05,419020,77.07,10,LABOR AND REGULATION
2026-07-17,INV15479184,MARCO TECHNOLOGIES LLC,12201534,,2026-08-05,419021,99.02,10,LABOR AND REGULATION
2026-07-15,VRM260720408280,MARK BONTREGER,12119506,,2026-08-05,419141,240.0,19,HUMAN SERVICES
2026-07-16,VRM260720408427,MARK BONTREGER,12119506,,2026-08-05,419142,420.0,19,HUMAN SERVICES
2026-07-16,VRM260717407119,"MARTIN, BRENDA K",12588771,,2026-08-05,418254,384.66,19,HUMAN SERVICES
2026-07-16,VRM260717407125,"MARTIN, BRENDA K",12588771,,2026-08-05,418255,15.74,19,HUMAN SERVICES
2026-07-21,VRM260722407365,"MARTIN, BRENDA K",12588771,,2026-08-05,421248,566.7,19,HUMAN SERVICES
2026-07-21,VRM260722407367,"MARTIN, BRENDA K",12588771,,2026-08-05,421247,94.45,19,HUMAN SERVICES
2026-07-21,VRM260722407368,"MARTIN, BRENDA K",12588771,,2026-08-05,421244,1030.25,19,HUMAN SERVICES
2026-07-07,140605,MATTINGLY LOW VISION INC,12140966,,2026-08-05,419139,51.45,19,HUMAN SERVICES
2026-07-13,1046953,MAXI AIDS INC,12004130,,2026-08-05,421183,53.94,19,HUMAN SERVICES
2026-08-04,0826CON270414,MAXTRAC DATA SYSTEMS INC,12023824,,2026-08-05,428575,8602.07,09,HEALTH
2026-07-21,27SC192331072126,MAY ADAM GERDES & THOMPSON,12029703,,2026-08-05,427841,687.5,19,HUMAN SERVICES
2026-07-20,R27-1,"MAYER, SEAN STEVEN",12617945,,2026-08-05,421154,600.0,19,HUMAN SERVICES
2026-07-01,APR61-06/2026,MCCROSSAN BOYS RANCH,12032790,,2026-08-05,419809,9617.38,08,SOCIAL SERVICES
2026-07-09,MC2026-06,MCCROSSAN BOYS RANCH,12032790,,2026-08-05,419116,80291.75,18,CORRECTIONS
2026-07-09,MI2026-06,MCCROSSAN BOYS RANCH,12032790,,2026-08-05,419115,7011.4,18,CORRECTIONS
2026-07-10,68315474,MCI COMMUNICATION SERVICES,12058467,05,2026-08-05,419990,102.92,14,PUBLIC SAFETY
2026-07-06,7644431594,MCKESSON CORPORATION,12125822,,2026-08-05,418122,654.69,17,VETERANS' AFFAIRS
2026-07-06,7644431597,MCKESSON CORPORATION,12125822,,2026-08-05,418121,387.6,17,VETERANS' AFFAIRS
2026-07-07,7644715313,MCKESSON CORPORATION,12125822,,2026-08-05,421682,2347.49,17,VETERANS' AFFAIRS
2026-07-07,7644715314,MCKESSON CORPORATION,12125822,,2026-08-05,418124,2532.2,17,VETERANS' AFFAIRS
2026-07-07,7644715315,MCKESSON CORPORATION,12125822,,2026-08-05,741812,19.94,17,VETERANS' AFFAIRS
2026-07-07,7644717185,MCKESSON CORPORATION,12125822,,2026-08-05,421674,113.82,17,VETERANS' AFFAIRS
2026-07-08,7644958175,MCKESSON CORPORATION,12125822,,2026-08-05,421685A,858.2,17,VETERANS' AFFAIRS
2026-07-08,7644958176,MCKESSON CORPORATION,12125822,,2026-08-05,421675,88.08,17,VETERANS' AFFAIRS
2026-07-09,7645204817,MCKESSON CORPORATION,12125822,,2026-08-05,421688A,786.17,17,VETERANS' AFFAIRS
2026-07-09,7645211060,MCKESSON CORPORATION,12125822,,2026-08-05,421680,33.3,17,VETERANS' AFFAIRS
2026-07-10,7645449708,MCKESSON CORPORATION,12125822,,2026-08-05,421683,58.4,17,VETERANS' AFFAIRS
2026-07-10,7645449710,MCKESSON CORPORATION,12125822,,2026-08-05,421676,489.73,17,VETERANS' AFFAIRS
2026-07-10,7645464897,MCKESSON CORPORATION,12125822,,2026-08-05,421688,14.97,17,VETERANS' AFFAIRS
2026-07-13,7645752592,MCKESSON CORPORATION,12125822,,2026-08-05,421678,726.53,17,VETERANS' AFFAIRS
2026-07-13,7645752593,MCKESSON CORPORATION,12125822,,2026-08-05,421681,53.21,17,VETERANS' AFFAIRS
2026-07-13,7645752594,MCKESSON CORPORATION,12125822,,2026-08-05,421679,10.42,17,VETERANS' AFFAIRS
2026-07-13,7645752595,MCKESSON CORPORATION,12125822,,2026-08-05,421685,6.06,17,VETERANS' AFFAIRS
2026-07-13,7645752596,MCKESSON CORPORATION,12125822,,2026-08-05,421677,16.42,17,VETERANS' AFFAIRS
2026-07-13,7645778046,MCKESSON CORPORATION,12125822,,2026-08-05,421687,127.25,17,VETERANS' AFFAIRS
2026-07-13,7645778050,MCKESSON CORPORATION,12125822,,2026-08-05,421686,22.04,17,VETERANS' AFFAIRS
2026-07-15,7646295279,MCKESSON CORPORATION,12125822,,2026-08-05,421666,11828.34,17,VETERANS' AFFAIRS
2026-07-15,7646295280,MCKESSON CORPORATION,12125822,,2026-08-05,421668,125.76,17,VETERANS' AFFAIRS
2026-07-15,7646309721,MCKESSON CORPORATION,12125822,,2026-08-05,421667,447.93,17,VETERANS' AFFAIRS
2026-07-01,25837126,MCKESSON MEDICAL-SURGICAL,12021827,,2026-08-05,418128,214.6,17,VETERANS' AFFAIRS
2026-07-02,25838664,MCKESSON MEDICAL-SURGICAL,12021827,,2026-08-05,418129,242.16,17,VETERANS' AFFAIRS
2026-07-02,25840234,MCKESSON MEDICAL-SURGICAL,12021827,,2026-08-05,418130,501.83,17,VETERANS' AFFAIRS
2026-07-14,25896147,MCKESSON MEDICAL-SURGICAL,12021827,,2026-08-05,420049,30.19,18,CORRECTIONS
2026-07-14,25896311,MCKESSON MEDICAL-SURGICAL,12021827,,2026-08-05,420048,65.73,18,CORRECTIONS
2026-07-14,25896403,MCKESSON MEDICAL-SURGICAL,12021827,,2026-08-05,420047,10.17,18,CORRECTIONS
2026-07-15,25897702,MCKESSON MEDICAL-SURGICAL,12021827,,2026-08-05,420046,945.0,18,CORRECTIONS
2026-07-15,25898305,MCKESSON MEDICAL-SURGICAL,12021827,,2026-08-05,420050,1154.9,18,CORRECTIONS
2026-07-16,25903525,MCKESSON MEDICAL-SURGICAL,12021827,,2026-08-05,420051,22.96,18,CORRECTIONS
2026-07-16,25904030,MCKESSON MEDICAL-SURGICAL,12021827,,2026-08-05,420977,472.5,18,CORRECTIONS
2026-07-16,25904605,MCKESSON MEDICAL-SURGICAL,12021827,,2026-08-05,420052,962.55,18,CORRECTIONS
2026-07-16,25904606,MCKESSON MEDICAL-SURGICAL,12021827,,2026-08-05,420053,970.93,18,CORRECTIONS
2026-07-17,25910348,MCKESSON MEDICAL-SURGICAL,12021827,,2026-08-05,420055,455.2,18,CORRECTIONS
2026-07-17,25911965,MCKESSON MEDICAL-SURGICAL,12021827,,2026-08-05,420054,25.6,18,CORRECTIONS
2026-07-21,25925826,MCKESSON MEDICAL-SURGICAL,12021827,,2026-08-05,420984,1219.64,18,CORRECTIONS
2026-07-21,25925827,MCKESSON MEDICAL-SURGICAL,12021827,,2026-08-05,420983,1599.88,18,CORRECTIONS
2026-07-21,25925872,MCKESSON MEDICAL-SURGICAL,12021827,,2026-08-05,420982,1343.58,18,CORRECTIONS
2026-07-21,25925874,MCKESSON MEDICAL-SURGICAL,12021827,,2026-08-05,420981,82.93,18,CORRECTIONS
2026-07-21,25926505,MCKESSON MEDICAL-SURGICAL,12021827,,2026-08-05,420980,1601.03,18,CORRECTIONS
2026-07-21,25926506,MCKESSON MEDICAL-SURGICAL,12021827,,2026-08-05,420979,311.96,18,CORRECTIONS
2026-07-21,25928952,MCKESSON MEDICAL-SURGICAL,12021827,,2026-08-05,420978,274.8,18,CORRECTIONS
2026-07-10,25880222,MCKESSON MEDICAL-SURGICAL INC,12489193,,2026-08-05,417790,728.28,08,SOCIAL SERVICES
2025-07-06,67838877,MCMASTER-CARR SUPPLY COMPANY,12016786,,2026-08-05,418829,189.35,06,"GAME, FISH AND PARKS"
2026-07-06,67823121,MCMASTER-CARR SUPPLY COMPANY,12016786,,2026-08-05,418868,291.49,06,"GAME, FISH AND PARKS"
2026-07-07,67922190,MCMASTER-CARR SUPPLY COMPANY,12016786,,2026-08-05,418828,431.93,06,"GAME, FISH AND PARKS"
2026-07-08,68031848,MCMASTER-CARR SUPPLY COMPANY,12016786,,2026-08-05,418827,228.36,06,"GAME, FISH AND PARKS"
2026-07-01,13683221,MEAD HOLDING COMPANY INC,12661050,03,2026-08-05,419745,126.97,06,"GAME, FISH AND PARKS"
2026-07-01,13683394,MEAD HOLDING COMPANY INC,12661050,03,2026-08-05,419746,298.99,06,"GAME, FISH AND PARKS"
2026-07-01,13683402,MEAD HOLDING COMPANY INC,12661050,03,2026-08-05,419680,18.99,06,"GAME, FISH AND PARKS"
2026-07-06,13700117,MEAD HOLDING COMPANY INC,12661050,03,2026-08-05,419744,231.93,06,"GAME, FISH AND PARKS"
2026-07-08,13712352,MEAD HOLDING COMPANY INC,12661050,03,2026-08-05,418859,39.97,06,"GAME, FISH AND PARKS"
2026-07-09,13715247,MEAD HOLDING COMPANY INC,12661050,03,2026-08-05,418858,7.18,06,"GAME, FISH AND PARKS"
2026-07-14,13737350,MEAD HOLDING COMPANY INC,12661050,03,2026-08-05,418865,13.77,06,"GAME, FISH AND PARKS"
2026-07-14,13737647,MEAD HOLDING COMPANY INC,12661050,03,2026-08-05,418864,4.58,06,"GAME, FISH AND PARKS"
2026-07-15,13740261,MEAD HOLDING COMPANY INC,12661050,01,2026-08-05,418867,23.13,06,"GAME, FISH AND PARKS"
2026-07-03,13694682,MEAD HOLDING COMPANY INC,12661050,03,2026-08-05,418638,4.79,14,PUBLIC SAFETY
2026-07-07,13704265,MEAD HOLDING COMPANY INC,12661050,03,2026-08-05,418637,3.2,14,PUBLIC SAFETY
2026-07-08,13713410,MEAD HOLDING COMPANY INC,12661050,03,2026-08-05,418636,43.98,14,PUBLIC SAFETY
2026-07-09,13717793,MEAD HOLDING COMPANY INC,12661050,03,2026-08-05,418634,80.45,14,PUBLIC SAFETY
2026-07-11,13725405,MEAD HOLDING COMPANY INC,12661050,03,2026-08-05,418633,17.27,14,PUBLIC SAFETY
2026-07-13,13731273,MEAD HOLDING COMPANY INC,12661050,03,2026-08-05,418632,16.31,14,PUBLIC SAFETY
2026-07-07,13707135,MEAD HOLDING COMPANY INC,12661050,03,2026-08-05,418093,21.99,16,MILITARY
2026-06-12,IN 26-04465,MEADE COUNTY SHERIFF,12055107,02,2026-08-05,407999,61.36,08,SOCIAL SERVICES
2026-07-22,2025G-200 #5,MEADOW CREST SANITARY DISTRCT,12616012,,2026-08-05,421422,303.33,03,AGRICULTURE & NAT. RESOURCES
2026-07-20,VRM260722408814,"MEDEMA, ANDREA K",12545189,,2026-08-05,421252,1305.84,19,HUMAN SERVICES
2026-07-21,VRM260722407525,"MEDEMA, ANDREA K",12545189,,2026-08-05,421220,601.03,19,HUMAN SERVICES
2026-06-30,102833,MEDICAL WASTE TRANSPORT INC,12044036,,2026-08-05,420506,164.16,09,HEALTH
2026-06-30,103001,MEDICAL WASTE TRANSPORT INC,12044036,,2026-08-05,420039,125.1,18,CORRECTIONS
2026-07-01,DCM172357443,MEDICOPY SERVICES,12119666,,2026-08-05,421113,10.76,19,HUMAN SERVICES
2026-07-10,243610334,MEDLINE INDUSTRIES INC,12017160,,2026-08-05,417791,233.04,08,SOCIAL SERVICES
2026-06-27,2432626847,MEDLINE INDUSTRIES INC,12017160,,2026-08-05,4118131,581.75,17,VETERANS' AFFAIRS
2026-07-01,2433173993,MEDLINE INDUSTRIES INC,12017160,,2026-08-05,420103,1470.0,19,HUMAN SERVICES
2026-06-30,10473,MENARDS,12019798,06,2026-08-05,419762,201.26,06,"GAME, FISH AND PARKS"
2026-07-01,10622,MENARDS,12019798,06,2026-08-05,419761,194.83,06,"GAME, FISH AND PARKS"
2026-07-01,10638,MENARDS,12019798,06,2026-08-05,419783,50.4,06,"GAME, FISH AND PARKS"
2026-07-06,11179,MENARDS,12019798,06,2026-08-05,419760,80.27,06,"GAME, FISH AND PARKS"
2026-07-06,11208,MENARDS,12019798,06,2026-08-05,419759,335.94,06,"GAME, FISH AND PARKS"
2026-07-06,11239,MENARDS,12019798,06,2026-08-05,419754,73.43,06,"GAME, FISH AND PARKS"
2026-07-07,11293,MENARDS,12019798,06,2026-08-05,419755,236.69,06,"GAME, FISH AND PARKS"
2026-07-08,11471,MENARDS,12019798,06,2026-08-05,419777,403.32,06,"GAME, FISH AND PARKS"
2026-07-08,44595,MENARDS,12019798,02,2026-08-05,418797,110.56,06,"GAME, FISH AND PARKS"
2026-07-08,44620,MENARDS,12019798,02,2026-08-05,420477,221.27,06,"GAME, FISH AND PARKS"
2026-07-09,11564,MENARDS,12019798,06,2026-08-05,419756,110.8,06,"GAME, FISH AND PARKS"
2026-07-12,44820,MENARDS,12019798,02,2026-08-05,420480,58.73,06,"GAME, FISH AND PARKS"
2026-07-13,12053,MENARDS,12019798,06,2026-08-05,419738,73.9,06,"GAME, FISH AND PARKS"
2026-07-14,44922,MENARDS,12019798,02,2026-08-05,419667,386.73,06,"GAME, FISH AND PARKS"
2026-07-14,44923,MENARDS,12019798,02,2026-08-05,419668,34.19,06,"GAME, FISH AND PARKS"
2026-07-14,80730,MENARDS,12019798,09,2026-08-05,418812B,186.44,06,"GAME, FISH AND PARKS"
2026-07-15,12316,MENARDS,12019798,06,2026-08-05,419776,93.04,06,"GAME, FISH AND PARKS"
2026-07-15,44925,MENARDS,12019798,02,2026-08-05,418802,317.91,06,"GAME, FISH AND PARKS"
2026-07-15,80805,MENARDS,12019798,09,2026-08-05,418811,47.93,06,"GAME, FISH AND PARKS"
2026-07-16,45019,MENARDS,12019798,02,2026-08-05,420481,29.92,06,"GAME, FISH AND PARKS"
2026-07-08,69301,MENARDS,12019798,10,2026-08-05,420717,20.97,08,SOCIAL SERVICES
2026-07-13,69506,MENARDS,12019798,10,2026-08-05,420716,3.29,08,SOCIAL SERVICES
2026-07-13,69507,MENARDS,12019798,10,2026-08-05,420715,17.98,08,SOCIAL SERVICES
2026-07-13,69513,MENARDS,12019798,10,2026-08-05,420714,41.01,08,SOCIAL SERVICES
2026-07-13,69520,MENARDS,12019798,10,2026-08-05,420713,265.54,08,SOCIAL SERVICES
2026-07-14,69558,MENARDS,12019798,10,2026-08-05,420710,41.44,08,SOCIAL SERVICES
2026-07-14,69561,MENARDS,12019798,10,2026-08-05,420712,9.99,08,SOCIAL SERVICES
2026-07-14,69562,MENARDS,12019798,10,2026-08-05,420711,47.71,08,SOCIAL SERVICES
2026-07-14,69568,MENARDS,12019798,10,2026-08-05,420709,121.94,08,SOCIAL SERVICES
2026-07-14,69571,MENARDS,12019798,10,2026-08-05,420708,23.33,08,SOCIAL SERVICES
2026-07-14,69579,MENARDS,12019798,10,2026-08-05,420718,3.81,08,SOCIAL SERVICES
2026-07-16,69642,MENARDS,12019798,10,2026-08-05,420707,117.46,08,SOCIAL SERVICES
2026-07-16,69654,MENARDS,12019798,10,2026-08-05,420706,34.58,08,SOCIAL SERVICES
2026-06-18,9121,MENARDS,12019798,06,2026-08-05,418613,100.57,14,PUBLIC SAFETY
2026-07-07,8383,MENARDS,12019798,01,2026-08-05,419981,57.73,14,PUBLIC SAFETY
2026-07-13,12031,MENARDS,12019798,06,2026-08-05,418630,57.54,14,PUBLIC SAFETY
2026-07-17,12030,MENARDS,12019798,06,2026-08-05,418635,274.22,14,PUBLIC SAFETY
2026-07-07,11305,MENARDS,12019798,06,2026-08-05,421022,572.88,18,CORRECTIONS
2026-07-13,80647,MENARDS,12019798,09,2026-08-05,420015,47.77,18,CORRECTIONS
2026-07-15,88220,MENARDS,12019798,05,2026-08-05,420013,48.17,18,CORRECTIONS
2026-06-03,58808,MENARDS INC,12019798,,2026-08-05,418848,37.98,06,"GAME, FISH AND PARKS"
2026-07-14,61155,MENARDS INC,12019798,,2026-08-05,418846,34.31,06,"GAME, FISH AND PARKS"
2026-07-13,61048,MENARDS INC,12019798,,2026-08-05,418062,79.99,11,TRANSPORTATION
2026-06-30,60348,MENARDS INC,12019798,,2026-08-05,420110,1504.43,19,HUMAN SERVICES
2026-07-24,643486,MERAKAI LLC,12739893,,2026-08-05,425594,3351.22,29,ATTORNEY GENERAL
2026-07-17,19908,MERIDIAN EYE CARE,12676380,,2026-08-05,418245,2565.0,18,CORRECTIONS
2026-07-01,152072,MICHAEL E CUMMINGS,12039845,,2026-08-05,419692,23.99,06,"GAME, FISH AND PARKS"
2026-07-06,152074,MICHAEL E CUMMINGS,12039845,,2026-08-05,419691,4.99,06,"GAME, FISH AND PARKS"
2026-07-23,SC12726C-106-4,MICHAEL FLICEK PROJECTS LLC,12607501,,2026-08-05,426387,312.5,12,EDUCATION
2026-08-03,I7QK-03F,MID DAKOTA VEGETATION MGMT,12049876,,2026-08-05,427869,39.25,11,TRANSPORTATION
2026-08-03,I7QM-03F,MID DAKOTA VEGETATION MGMT,12049876,,2026-08-05,427868,12.31,11,TRANSPORTATION
2026-08-03,I7QQ-03F,MID DAKOTA VEGETATION MGMT,12049876,,2026-08-05,427867,300.56,11,TRANSPORTATION
2026-07-13,582938908,MIDAMERICAN ENERGY COMPANY,12025501,,2026-08-05,420772,6.73,010,GOVERNOR'S OFFICE
2026-07-13,582938908,MIDAMERICAN ENERGY COMPANY,12025501,,2026-08-05,420772,4.95,012,BHRA ADMINISTRATION
2026-07-13,582938908,MIDAMERICAN ENERGY COMPANY,12025501,,2026-08-05,420772,11.68,013,BUREAU OF INFORMATION & TECH
2026-07-13,582938908,MIDAMERICAN ENERGY COMPANY,12025501,,2026-08-05,420772,16.83,02,REVENUE
2026-07-13,582938908,MIDAMERICAN ENERGY COMPANY,12025501,,2026-08-05,420772,8.63,03,AGRICULTURE & NAT. RESOURCES
2026-07-08,582741913,MIDAMERICAN ENERGY COMPANY,12025501,,2026-08-05,420466,194.14,06,"GAME, FISH AND PARKS"
2026-07-13,582906885,MIDAMERICAN ENERGY COMPANY,12025501,,2026-08-05,420469,32.88,06,"GAME, FISH AND PARKS"
2026-07-13,582907000,MIDAMERICAN ENERGY COMPANY,12025501,,2026-08-05,420470,24.68,06,"GAME, FISH AND PARKS"
2026-07-13,582911052,MIDAMERICAN ENERGY COMPANY,12025501,,2026-08-05,420471,302.74,06,"GAME, FISH AND PARKS"
2026-07-13,582922613,MIDAMERICAN ENERGY COMPANY,12025501,,2026-08-05,420472,140.26,06,"GAME, FISH AND PARKS"
2026-07-13,582935118,MIDAMERICAN ENERGY COMPANY,12025501,,2026-08-05,420467,231.47,06,"GAME, FISH AND PARKS"
2026-07-13,582939095,MIDAMERICAN ENERGY COMPANY,12025501,,2026-08-05,420468,36.01,06,"GAME, FISH AND PARKS"
2026-07-07,582613186,MIDAMERICAN ENERGY COMPANY,12025501,,2026-08-05,417794,949.72,08,SOCIAL SERVICES
2026-07-07,582633693,MIDAMERICAN ENERGY COMPANY,12025501,,2026-08-05,417797,1053.82,08,SOCIAL SERVICES
2026-07-07,582649037,MIDAMERICAN ENERGY COMPANY,12025501,,2026-08-05,417795,697.76,08,SOCIAL SERVICES
2026-07-07,582650502,MIDAMERICAN ENERGY COMPANY,12025501,,2026-08-05,417796,1565.41,08,SOCIAL SERVICES
2026-07-07,582653777,MIDAMERICAN ENERGY COMPANY,12025501,,2026-08-05,417793,873.17,08,SOCIAL SERVICES
2026-07-13,582938908,MIDAMERICAN ENERGY COMPANY,12025501,,2026-08-05,420772,111.36,08,SOCIAL SERVICES
2026-07-13,582942292,MIDAMERICAN ENERGY COMPANY,12025501,,2026-08-05,420701,9.25,08,SOCIAL SERVICES
2026-07-13,582938908,MIDAMERICAN ENERGY COMPANY,12025501,,2026-08-05,420772,50.01,09,HEALTH
2026-07-13,582938908,MIDAMERICAN ENERGY COMPANY,12025501,,2026-08-05,420772,44.85,10,LABOR AND REGULATION
2026-07-07,582624154,MIDAMERICAN ENERGY COMPANY,12025501,,2026-08-05,421475,59.21,11,TRANSPORTATION
2026-07-20,583200125,MIDAMERICAN ENERGY COMPANY,12025501,,2026-08-05,421483,509.85,11,TRANSPORTATION
2026-07-13,582938908,MIDAMERICAN ENERGY COMPANY,12025501,,2026-08-05,420772,0.4,12,EDUCATION
2026-07-13,582938908,MIDAMERICAN ENERGY COMPANY,12025501,,2026-08-05,420772,14.04,14,PUBLIC SAFETY
2026-07-07,582648632,MIDAMERICAN ENERGY COMPANY,12025501,,2026-08-05,418132,81.46,16,MILITARY
2026-07-13,582938908,MIDAMERICAN ENERGY COMPANY,12025501,,2026-08-05,420772,15.61,18,CORRECTIONS
2026-07-15,583023335,MIDAMERICAN ENERGY COMPANY,12025501,,2026-08-05,418208,74.79,18,CORRECTIONS
2026-07-13,582938908,MIDAMERICAN ENERGY COMPANY,12025501,,2026-08-05,420772,33.44,19,HUMAN SERVICES
2026-07-13,582938908,MIDAMERICAN ENERGY COMPANY,12025501,,2026-08-05,420772,6.88,27,UNIFIED JUDICIAL SYSTEMS
2026-07-20,CSD2023-11-1,MIDCONTINENT COMMUNICATIONS,12023782,04,2026-08-05,418463,514517.28,010,GOVERNOR'S OFFICE
2026-07-11,15686360115645,MIDCONTINENT COMMUNICATIONS,12023782,04,2026-08-05,418757,143.64,028,LOTTERY
2026-07-20,023728403JUL26,MIDCONTINENT COMMUNICATIONS,12023782,04,2026-08-05,420126,36.41,19,HUMAN SERVICES
2026-07-20,024862201JUL26,MIDCONTINENT COMMUNICATIONS,12023782,04,2026-08-05,420125,40.52,19,HUMAN SERVICES
2026-07-20,00324100115641,MIDCONTINENT COMMUNICATIONS,12023782,04,2026-08-05,419024,74.81,25,RETIREMENT SYSTEM
2026-07-13,4266233,MIDLAND INC,12031707,01,2026-08-05,419827,816.75,08,SOCIAL SERVICES
2026-07-15,4266841,MIDLAND INC,12031707,01,2026-08-05,419828,72.56,08,SOCIAL SERVICES
2026-07-02,1811353,MIDLAND INC,12031707,01,2026-08-05,421011,209.99,18,CORRECTIONS
2026-07-15,2716726,MIDLAND PAPER COMPANY,12695049,,2026-08-05,418171,1096.01,18,CORRECTIONS
2026-06-29,2026VFA-25-65,MIDLAND VOL FIRE DEPT,12596797,,2026-08-05,419941,7000.0,14,PUBLIC SAFETY
2026-07-23,N509775,MIDSTATES INC,12040671,,2026-08-05,421404,340.68,010,GOVERNOR'S OFFICE
2026-07-09,106864,MIDWAY SERVICE INC,12209579,,2026-08-05,418812A,2399.21,06,"GAME, FISH AND PARKS"
2026-07-20,107445,MIDWAY SERVICE INC,12209579,,2026-08-05,421478,1762.95,11,TRANSPORTATION
2026-08-03,M03700001,MIDWEST AG SUPPLY LLC,12221868,,2026-08-05,M427827,7242.12,03,AGRICULTURE & NAT. RESOURCES
2026-06-23,446054,MIDWEST ALARM COMPANY INC,12032364,,2026-08-05,418155,5847.3,16,MILITARY
2026-07-31,JUNE 2026,MIDWEST DAIRY ASSOCIATION,12020964,,2026-08-05,426541,463750.0,03,AGRICULTURE & NAT. RESOURCES
2026-06-25,DCM173938250,MIDWEST EAR NOSE & THROAT,12118075,,2026-08-05,420145,13.06,19,HUMAN SERVICES
2026-07-10,240000614114001,MIDWEST HARDWOOD CORPORATION,12022175,01,2026-08-05,420019,12566.21,18,CORRECTIONS
2026-07-07,104626683,MIDWEST MOTOR SUPPLY CO INC,12014862,,2026-08-05,421456,650.54,11,TRANSPORTATION
2026-06-30,W25951,MIDWESTERN MECHANICAL INC,12025162,,2026-08-05,419490,1376.0,16,MILITARY
2026-04-24,W24634,MIDWESTERN MECHANICAL RAPIDINC,12267424,,2026-08-05,419033,7000.0,11,TRANSPORTATION
2026-06-15,W25746,MIDWESTERN MECHANICAL RAPIDINC,12267424,,2026-08-05,419126,458.29,18,CORRECTIONS
2026-07-08,65305,MIKES HEATING & COOLING INC,12535227,,2026-08-05,420663,290.82,013,BUREAU OF INFORMATION & TECH
2026-07-16,351279,MILBANK AUTO PARTS INC,12314613,,2026-08-05,420820,4.59,11,TRANSPORTATION
2026-08-03,M03700001,MILLER VETERINARY CLINIC,12049324,,2026-08-05,M427827,10029.2,03,AGRICULTURE & NAT. RESOURCES
2026-08-03,M03700001,MILLER VETERINARY CLINIC,12049324,01,2026-08-05,M427827,1649.84,03,AGRICULTURE & NAT. RESOURCES
2026-06-27,956196,"MILLER, DARLA D",12691023,,2026-08-05,420395,400.0,03,AGRICULTURE & NAT. RESOURCES
2026-07-10,SF-1035254-01,MILLS AFTERMARKET ACCESSORIES,12132159,01,2026-08-05,418548,5362.79,03,AGRICULTURE & NAT. RESOURCES
2026-06-30,DCM174241042,MIND BODY CONNECTIONS PLLC,12712797,,2026-08-05,421127,13.06,19,HUMAN SERVICES
2026-07-13,JUNE2026,MINDFUL RECOVERY LLC,12749142,,2026-08-05,421351,179.4,27,UNIFIED JUDICIAL SYSTEMS
2026-07-15,2026-CSW-024 #2,MINER CONSERVATION DISTRICT,12054664,02,2026-08-05,418503,4303.75,03,AGRICULTURE & NAT. RESOURCES
2026-07-08,162427018,MINNEHAHA COUNTY TREASURER,12055058,11,2026-08-05,418078,126319.2,16,MILITARY
2026-07-10,116027,MIOVISION TECHNOLOGIES INC,12536937,,2026-08-05,420860,1598.0,11,TRANSPORTATION
2026-07-07,2607-209434,MISSION SHOPPING CENTER INC,12024888,,2026-08-05,421590,2.59,11,TRANSPORTATION
2026-07-06,1501,MISSOURI RIVER LAWN CARE,12748132,,2026-08-05,421024,1000.0,18,CORRECTIONS
2026-07-15,11249,MISSOURI RIVERS EDGE LLC,12159033,,2026-08-05,419660,112.0,012,BHRA ADMINISTRATION
2026-07-07,51116,MISSOURI RIVERS EDGE LLC,12159033,,2026-08-05,420372,112.0,03,AGRICULTURE & NAT. RESOURCES
2026-07-09,51207,MISSOURI RIVERS EDGE LLC,12159033,,2026-08-05,420373,112.0,03,AGRICULTURE & NAT. RESOURCES
2026-07-14,51357,MISSOURI RIVERS EDGE LLC,12159033,,2026-08-05,420028,112.0,18,CORRECTIONS
2026-06-03,STMT 06/03/2026,"MISTEREK, CALLEEN",12139531,,2026-08-05,419541,38.25,29,ATTORNEY GENERAL
2026-07-08,2026-JUN-03,MITCHELL AREA SAFEHOUSE,12040342,,2026-08-05,419980,1215.0,14,PUBLIC SAFETY
2026-07-16,2026-MAY-22,MITCHELL AREA SAFEHOUSE,12040342,,2026-08-05,418606,34095.6,14,PUBLIC SAFETY
2026-07-16,HB1221-MAY-1180,MITCHELL AREA SAFEHOUSE,12040342,,2026-08-05,418605,28768.85,14,PUBLIC SAFETY
2026-05-04,45202SG016572,MITCHELL HOLDINGS LLC,12726245,,2026-08-05,420680,220.0,03,AGRICULTURE & NAT. RESOURCES
2026-05-11,45202SG016661,MITCHELL HOLDINGS LLC,12726245,,2026-08-05,420681,220.0,03,AGRICULTURE & NAT. RESOURCES
2026-05-20,45202SG016945,MITCHELL HOLDINGS LLC,12726245,,2026-08-05,420682,220.0,03,AGRICULTURE & NAT. RESOURCES
2026-05-26,45202SG017096,MITCHELL HOLDINGS LLC,12726245,,2026-08-05,420683,220.0,03,AGRICULTURE & NAT. RESOURCES
2026-05-27,45202SG017088,MITCHELL HOLDINGS LLC,12726245,,2026-08-05,420684,110.0,03,AGRICULTURE & NAT. RESOURCES
2026-06-09,45202SG017462,MITCHELL HOLDINGS LLC,12726245,,2026-08-05,420685,110.0,03,AGRICULTURE & NAT. RESOURCES
2026-08-04,M027BTR003,MOBRIDGE CITY OF,12054872,,2026-08-05,M429214,9390.75,02,REVENUE
2026-07-13,07132026INVOICE,MOBRIDGE GAS COMPANY,12056479,,2026-08-05,420458,12.0,06,"GAME, FISH AND PARKS"
2026-07-15,07152026INVOICE,MOBRIDGE GAS COMPANY,12056479,,2026-08-05,418833,9.6,06,"GAME, FISH AND PARKS"
2026-06-30,RC-0626,"MOELLER, CHRISTOPHER R",12244532,,2026-08-05,419748,1292.0,06,"GAME, FISH AND PARKS"
2026-07-07,2026-194,MONEY TRANSMITTER REGULATORS,12118700,,2026-08-05,417115,1000.0,10,LABOR AND REGULATION
2026-07-10,2026-210,MONEY TRANSMITTER REGULATORS,12118700,,2026-08-05,417114,1000.0,10,LABOR AND REGULATION
2025-12-31,45351,MONROE TRUCK EQUIPMENT INC,12404752,,2026-08-05,421469,36.02,11,TRANSPORTATION
2026-01-03,45470,MONROE TRUCK EQUIPMENT INC,12404752,,2026-08-05,421468,36.02,11,TRANSPORTATION
2026-07-09,66891,MONROE TRUCK EQUIPMENT INC,12404752,,2026-08-05,418006,282.56,11,TRANSPORTATION
2026-07-10,66915,MONROE TRUCK EQUIPMENT INC,12404752,,2026-08-05,418007,417.06,11,TRANSPORTATION
2026-07-09,02932705,MONTANA-DAKOTA UTILITIES,12020954,12,2026-08-05,421414,2.29,012,BHRA ADMINISTRATION
2026-07-22,01707015,MONTANA-DAKOTA UTILITIES,12020954,12,2026-08-05,420344,486.8,012,BHRA ADMINISTRATION
2026-07-21,86765210009-0726,MONTANA-DAKOTA UTILITIES,12020954,12,2026-08-05,420655,24.09,013,BUREAU OF INFORMATION & TECH
2026-07-09,02932705,MONTANA-DAKOTA UTILITIES,12020954,12,2026-08-05,421414,81.36,02,REVENUE
2026-07-14,07.14.2026,MONTANA-DAKOTA UTILITIES,12020954,12,2026-08-05,418823,24.09,06,"GAME, FISH AND PARKS"
2026-07-14,07.14.26,MONTANA-DAKOTA UTILITIES,12020954,12,2026-08-05,418824,25.87,06,"GAME, FISH AND PARKS"
2026-07-14,07142026,MONTANA-DAKOTA UTILITIES,12020954,12,2026-08-05,418822,251.76,06,"GAME, FISH AND PARKS"
2026-07-09,02932705,MONTANA-DAKOTA UTILITIES,12020954,12,2026-08-05,421414,4.99,10,LABOR AND REGULATION
2026-07-13,97744449378 0626,MONTANA-DAKOTA UTILITIES,12020954,12,2026-08-05,419886,45.71,10,LABOR AND REGULATION
2026-07-13,506273100010726,MONTANA-DAKOTA UTILITIES,12020954,12,2026-08-05,420848,59.62,11,TRANSPORTATION
2026-07-13,571530100040726,MONTANA-DAKOTA UTILITIES,12020954,12,2026-08-05,420846,449.1,11,TRANSPORTATION
2026-07-13,625863100050726,MONTANA-DAKOTA UTILITIES,12020954,12,2026-08-05,420850,27.57,11,TRANSPORTATION
2026-07-13,671530100030726,MONTANA-DAKOTA UTILITIES,12020954,12,2026-08-05,420845,122.15,11,TRANSPORTATION
2026-07-13,764083100010726,MONTANA-DAKOTA UTILITIES,12020954,12,2026-08-05,420847,23.82,11,TRANSPORTATION
2026-07-13,771530100020726,MONTANA-DAKOTA UTILITIES,12020954,12,2026-08-05,420851,66.19,11,TRANSPORTATION
2026-07-13,866469848970726,MONTANA-DAKOTA UTILITIES,12020954,12,2026-08-05,420852,58.42,11,TRANSPORTATION
2026-07-13,99168695640726,MONTANA-DAKOTA UTILITIES,12020954,12,2026-08-05,420849,23.22,11,TRANSPORTATION
2026-07-14,406273100020726,MONTANA-DAKOTA UTILITIES,12020954,12,2026-08-05,420868,500.2,11,TRANSPORTATION
2026-07-14,983365222260726,MONTANA-DAKOTA UTILITIES,12020954,12,2026-08-05,418044,34.16,11,TRANSPORTATION
2026-07-08,67255052192JUL26,MONTANA-DAKOTA UTILITIES,12020954,12,2026-08-05,418659,41.52,14,PUBLIC SAFETY
2026-07-10,12455637640 0726,MONTANA-DAKOTA UTILITIES,12020954,12,2026-08-05,419937,78.67,14,PUBLIC SAFETY
2026-07-10,25379684340 0726,MONTANA-DAKOTA UTILITIES,12020954,12,2026-08-05,421542,23.22,14,PUBLIC SAFETY
2026-07-10,93258458061 0726,MONTANA-DAKOTA UTILITIES,12020954,12,2026-08-05,419935,32.17,14,PUBLIC SAFETY
2026-07-10,95591479696 0726,MONTANA-DAKOTA UTILITIES,12020954,12,2026-08-05,419936,22.63,14,PUBLIC SAFETY
2026-07-10,97251931214 0726,MONTANA-DAKOTA UTILITIES,12020954,12,2026-08-05,419933,25.01,14,PUBLIC SAFETY
2026-07-10,98161010008 0726,MONTANA-DAKOTA UTILITIES,12020954,12,2026-08-05,419934,22.63,14,PUBLIC SAFETY
2026-07-13,9346612775071326,MONTANA-DAKOTA UTILITIES,12020954,12,2026-08-05,419982,43.5,14,PUBLIC SAFETY
2026-07-08,162170329,MONTANA-DAKOTA UTILITIES,12020954,12,2026-08-05,418142,76.4,16,MILITARY
2026-07-08,162170330,MONTANA-DAKOTA UTILITIES,12020954,12,2026-08-05,418143,555.26,16,MILITARY
2026-07-09,162170541,MONTANA-DAKOTA UTILITIES,12020954,12,2026-08-05,419485,64.65,16,MILITARY
2026-07-14,27908310-2026-07,MONTANA-DAKOTA UTILITIES,12020954,12,2026-08-05,419122,3105.57,18,CORRECTIONS
2026-07-09,02932705,MONTANA-DAKOTA UTILITIES,12020954,12,2026-08-05,421414,2.28,19,HUMAN SERVICES
2026-07-13,97744449378 0626,MONTANA-DAKOTA UTILITIES,12020954,12,2026-08-05,419886,12.6,19,HUMAN SERVICES
2026-07-08,87033310001-0726,MONTANA-DAKOTA UTILITIES,12020954,12,2026-08-05,418424,24.82,29,ATTORNEY GENERAL
2026-07-10,STMT 07/10/2026,MONTANA-DAKOTA UTILITIES,12020954,12,2026-08-05,420576,25.6,29,ATTORNEY GENERAL
2026-08-04,M027BTR003,MONTROSE-CITY OF,12054878,,2026-08-05,M429214,1365.17,02,REVENUE
2026-06-23,2026-06,MONUMENT HEALTH HOME PLUS LLC,12557317,02,2026-08-05,421002,286.08,18,CORRECTIONS
2026-07-17,19923,MONUMENT HEALTH RAPID CITY HOS,12033335,04,2026-08-05,418232,7047.66,18,CORRECTIONS
2026-07-15,43169,MOORE BUILDING CENTER LLC,12535100,,2026-08-05,421571,6.05,11,TRANSPORTATION
2026-07-20,43247,MOORE BUILDING CENTER LLC,12535100,,2026-08-05,421579,47.08,11,TRANSPORTATION
2026-07-13,260002199,MOORE CLARK USA,12301395,,2026-08-05,418866,5786.0,06,"GAME, FISH AND PARKS"
2026-08-03,026Z-36,MORRIS INC,12034029,,2026-08-05,427873,978581.33,11,TRANSPORTATION
2026-07-20,R27-9,"MORSE, ANGELA M",12755503,,2026-08-05,421144,440.0,19,HUMAN SERVICES
2026-07-17,1411263647,MOTOROLA SOLUTIONS INC,12016755,02,2026-08-05,419983,175.0,14,PUBLIC SAFETY
2026-08-04,M027BTR003,MOUNT VERNON CITY OF,12054888,,2026-08-05,M429214,1151.25,02,REVENUE
2026-08-01,CH2026-07,MOVEMENT RESTORATION LLC,12670304,,2026-08-05,428425,12648.24,18,CORRECTIONS
2026-07-01,52812,MOYLE PETROLEUM COMPANY,12030428,05,2026-08-05,419054A,3000.72,11,TRANSPORTATION
2026-07-01,52813,MOYLE PETROLEUM COMPANY,12030428,05,2026-08-05,419054,8162.66,11,TRANSPORTATION
2026-07-07,52823,MOYLE PETROLEUM COMPANY,12030428,05,2026-08-05,419053,7626.03,11,TRANSPORTATION
2026-07-15,70742SG045152,MP FT PIERRE LLC,12511684,,2026-08-05,418756,224.0,012,BHRA ADMINISTRATION
2026-07-23,70742SG045760,MP FT PIERRE LLC,12511684,,2026-08-05,420653,112.0,012,BHRA ADMINISTRATION
2026-07-13,70742SG045298,MP FT PIERRE LLC,12511684,,2026-08-05,420686,112.0,03,AGRICULTURE & NAT. RESOURCES
2026-07-13,70742SG045299,MP FT PIERRE LLC,12511684,,2026-08-05,420687,112.0,03,AGRICULTURE & NAT. RESOURCES
2026-07-13,70742SG045300,MP FT PIERRE LLC,12511684,,2026-08-05,420688,112.0,03,AGRICULTURE & NAT. RESOURCES
2026-07-13,70742SG045301,MP FT PIERRE LLC,12511684,,2026-08-05,420689,112.0,03,AGRICULTURE & NAT. RESOURCES
2026-06-10,DCM171809114,MRO CORPORATION,12001913,,2026-08-05,420143,35.0,19,HUMAN SERVICES
2026-06-25,117568499,MRO CORPORATION,12001913,,2026-08-05,418344,34.56,19,HUMAN SERVICES
2026-06-26,DCM172344871,MRO CORPORATION,12001913,,2026-08-05,419380,13.06,19,HUMAN SERVICES
2026-07-01,DCM174550347,MRO CORPORATION,12001913,,2026-08-05,421137,25.0,19,HUMAN SERVICES
2026-07-02,DCM169677647,MRO CORPORATION,12001913,,2026-08-05,419296,13.06,19,HUMAN SERVICES
2026-07-02,DCM170990168,MRO CORPORATION,12001913,,2026-08-05,419298,17.06,19,HUMAN SERVICES
2026-07-03,DCM173676902,MRO CORPORATION,12001913,,2026-08-05,419170,13.06,19,HUMAN SERVICES
2026-07-06,DCM173674882,MRO CORPORATION,12001913,,2026-08-05,419318,26.06,19,HUMAN SERVICES
2026-07-06,DCM173676900,MRO CORPORATION,12001913,,2026-08-05,419172,35.0,19,HUMAN SERVICES
2026-07-06,DCM174132507,MRO CORPORATION,12001913,,2026-08-05,419184,13.06,19,HUMAN SERVICES
2026-07-06,DCM174419719,MRO CORPORATION,12001913,,2026-08-05,419194,20.56,19,HUMAN SERVICES
2026-07-06,DCM174659435,MRO CORPORATION,12001913,,2026-08-05,419210,35.0,19,HUMAN SERVICES
2026-07-06,DCM174768250,MRO CORPORATION,12001913,,2026-08-05,419214,35.0,19,HUMAN SERVICES
2026-07-07,DCM167807224,MRO CORPORATION,12001913,,2026-08-05,419295,35.0,19,HUMAN SERVICES
2026-07-07,DCM174205870,MRO CORPORATION,12001913,,2026-08-05,419185,35.0,19,HUMAN SERVICES
2026-07-07,DCM174400723,MRO CORPORATION,12001913,,2026-08-05,419190,23.06,19,HUMAN SERVICES
2026-07-07,DCM174424785,MRO CORPORATION,12001913,,2026-08-05,419196,13.06,19,HUMAN SERVICES
2026-07-07,DCM174427849,MRO CORPORATION,12001913,,2026-08-05,419197,35.0,19,HUMAN SERVICES
2026-07-07,DCM174551965,MRO CORPORATION,12001913,,2026-08-05,419206,13.06,19,HUMAN SERVICES
2026-07-08,118839265,MRO CORPORATION,12001913,,2026-08-05,421029,13.06,19,HUMAN SERVICES
2026-07-08,DCM174422792,MRO CORPORATION,12001913,,2026-08-05,419195,35.0,19,HUMAN SERVICES
2026-07-09,DCM173676901,MRO CORPORATION,12001913,,2026-08-05,419171,25.06,19,HUMAN SERVICES
2026-07-09,DCM173692324,MRO CORPORATION,12001913,,2026-08-05,419174,35.0,19,HUMAN SERVICES
2026-07-09,DCM174070834,MRO CORPORATION,12001913,,2026-08-05,419182,13.06,19,HUMAN SERVICES
2026-07-09,DCM174131845,MRO CORPORATION,12001913,,2026-08-05,419183,13.06,19,HUMAN SERVICES
2026-07-09,DCM174484589,MRO CORPORATION,12001913,,2026-08-05,419199,16.56,19,HUMAN SERVICES
2026-07-09,DCM174486035,MRO CORPORATION,12001913,,2026-08-05,419200,13.06,19,HUMAN SERVICES
2026-07-09,DCM174522080,MRO CORPORATION,12001913,,2026-08-05,419202,13.06,19,HUMAN SERVICES
2026-07-09,DCM174563015,MRO CORPORATION,12001913,,2026-08-05,419207,35.0,19,HUMAN SERVICES
2026-07-09,DCM174950188,MRO CORPORATION,12001913,,2026-08-05,419218,35.0,19,HUMAN SERVICES
2026-07-09,DCM175233683,MRO CORPORATION,12001913,,2026-08-05,419233,35.0,19,HUMAN SERVICES
2026-07-10,DCM173016725,MRO CORPORATION,12001913,,2026-08-05,419308,13.06,19,HUMAN SERVICES
2026-07-10,DCM173093618,MRO CORPORATION,12001913,,2026-08-05,419381,35.0,19,HUMAN SERVICES
2026-07-10,DCM173095589,MRO CORPORATION,12001913,,2026-08-05,419382,35.0,19,HUMAN SERVICES
2026-07-10,DCM173103661,MRO CORPORATION,12001913,,2026-08-05,419383,20.56,19,HUMAN SERVICES
2026-07-10,DCM173104143,MRO CORPORATION,12001913,,2026-08-05,419384,13.06,19,HUMAN SERVICES
2026-07-10,DCM173174287,MRO CORPORATION,12001913,,2026-08-05,419312,35.0,19,HUMAN SERVICES
2026-07-10,DCM174427853,MRO CORPORATION,12001913,,2026-08-05,419198,13.06,19,HUMAN SERVICES
2026-07-10,DCM174506573,MRO CORPORATION,12001913,,2026-08-05,419360,28.06,19,HUMAN SERVICES
2026-07-10,DCM174514244,MRO CORPORATION,12001913,,2026-08-05,419201,13.06,19,HUMAN SERVICES
2026-07-10,DCM174940784,MRO CORPORATION,12001913,,2026-08-05,419217,25.06,19,HUMAN SERVICES
2026-07-10,DCM175005728,MRO CORPORATION,12001913,,2026-08-05,419221,24.06,19,HUMAN SERVICES
2026-07-10,DCM175007342,MRO CORPORATION,12001913,,2026-08-05,419222,13.06,19,HUMAN SERVICES
2026-07-10,DCM175007347,MRO CORPORATION,12001913,,2026-08-05,419223,13.56,19,HUMAN SERVICES
2026-07-10,DCM175111805,MRO CORPORATION,12001913,,2026-08-05,419227,13.06,19,HUMAN SERVICES
2026-07-10,DCM175160168,MRO CORPORATION,12001913,,2026-08-05,419228,16.06,19,HUMAN SERVICES
2026-07-11,DCM173133645,MRO CORPORATION,12001913,,2026-08-05,419385,13.06,19,HUMAN SERVICES
2026-07-11,DCM173269109,MRO CORPORATION,12001913,,2026-08-05,419387,23.06,19,HUMAN SERVICES
2026-07-11,DCM173301197,MRO CORPORATION,12001913,,2026-08-05,419249,18.06,19,HUMAN SERVICES
2026-07-11,DCM173323747,MRO CORPORATION,12001913,,2026-08-05,419251,25.06,19,HUMAN SERVICES
2026-07-11,DCM173429989,MRO CORPORATION,12001913,,2026-08-05,419253,13.06,19,HUMAN SERVICES
2026-07-11,DCM173447427,MRO CORPORATION,12001913,,2026-08-05,419254,21.06,19,HUMAN SERVICES
2026-07-11,DCM173450080,MRO CORPORATION,12001913,,2026-08-05,419255,13.06,19,HUMAN SERVICES
2026-07-11,DCM174393141,MRO CORPORATION,12001913,,2026-08-05,419356,13.06,19,HUMAN SERVICES
2026-07-11,DCM174419720,MRO CORPORATION,12001913,,2026-08-05,419357,13.06,19,HUMAN SERVICES
2026-07-11,DCM174484830,MRO CORPORATION,12001913,,2026-08-05,419359,13.06,19,HUMAN SERVICES
2026-07-11,DCM174663994,MRO CORPORATION,12001913,,2026-08-05,419361,13.06,19,HUMAN SERVICES
2026-07-11,DCM174695932,MRO CORPORATION,12001913,,2026-08-05,419362,13.06,19,HUMAN SERVICES
2026-07-11,DCM174780645,MRO CORPORATION,12001913,,2026-08-05,419364,13.06,19,HUMAN SERVICES
2026-07-11,DCM174780647,MRO CORPORATION,12001913,,2026-08-05,419363,13.06,19,HUMAN SERVICES
2026-07-11,DCM174815972,MRO CORPORATION,12001913,,2026-08-05,419263,13.06,19,HUMAN SERVICES
2026-07-11,DCM174816375,MRO CORPORATION,12001913,,2026-08-05,419264,13.06,19,HUMAN SERVICES
2026-07-12,DCM173266632,MRO CORPORATION,12001913,,2026-08-05,419386,35.0,19,HUMAN SERVICES
2026-07-12,DCM173294999,MRO CORPORATION,12001913,,2026-08-05,419388,35.0,19,HUMAN SERVICES
2026-07-12,DCM173422199,MRO CORPORATION,12001913,,2026-08-05,419252,35.0,19,HUMAN SERVICES
2026-07-12,DCM173454694,MRO CORPORATION,12001913,,2026-08-05,419256,35.0,19,HUMAN SERVICES
2026-07-12,DCM173612452,MRO CORPORATION,12001913,,2026-08-05,419258,13.06,19,HUMAN SERVICES
2026-07-12,DCM173628182,MRO CORPORATION,12001913,,2026-08-05,419259,13.06,19,HUMAN SERVICES
2026-07-12,DCM173645518,MRO CORPORATION,12001913,,2026-08-05,419260,35.0,19,HUMAN SERVICES
2026-07-12,DCM173683658,MRO CORPORATION,12001913,,2026-08-05,419261,35.0,19,HUMAN SERVICES
2026-07-12,DCM173687533,MRO CORPORATION,12001913,,2026-08-05,419262,35.0,19,HUMAN SERVICES
2026-07-12,DCM173692325,MRO CORPORATION,12001913,,2026-08-05,419352,35.0,19,HUMAN SERVICES
2026-07-12,DCM175000548,MRO CORPORATION,12001913,,2026-08-05,419266,13.06,19,HUMAN SERVICES
2026-07-12,DCM175000549,MRO CORPORATION,12001913,,2026-08-05,419267,20.06,19,HUMAN SERVICES
2026-07-12,DCM175008194,MRO CORPORATION,12001913,,2026-08-05,419269,13.06,19,HUMAN SERVICES
2026-07-12,DCM175111801,MRO CORPORATION,12001913,,2026-08-05,419271,13.06,19,HUMAN SERVICES
2026-07-12,DCM175159488,MRO CORPORATION,12001913,,2026-08-05,419272,13.06,19,HUMAN SERVICES
2026-07-13,DCM173612057,MRO CORPORATION,12001913,,2026-08-05,419257,13.06,19,HUMAN SERVICES
2026-07-13,DCM173845514,MRO CORPORATION,12001913,,2026-08-05,419354,35.0,19,HUMAN SERVICES
2026-07-13,DCM174952507,MRO CORPORATION,12001913,,2026-08-05,419265,13.06,19,HUMAN SERVICES
2026-07-14,DCM173990761,MRO CORPORATION,12001913,,2026-08-05,419355,13.06,19,HUMAN SERVICES
2026-07-14,DCM174427869,MRO CORPORATION,12001913,,2026-08-05,419358,15.0,19,HUMAN SERVICES
2026-07-14,DCM175007346,MRO CORPORATION,12001913,,2026-08-05,419268,14.06,19,HUMAN SERVICES
2026-07-15,DCM173315894,MRO CORPORATION,12001913,,2026-08-05,419250,35.0,19,HUMAN SERVICES
2026-07-15,DCM173687532,MRO CORPORATION,12001913,,2026-08-05,419351,13.06,19,HUMAN SERVICES
2026-07-15,DCM173764484,MRO CORPORATION,12001913,,2026-08-05,419353,13.06,19,HUMAN SERVICES
2026-07-15,DCM175118669,MRO CORPORATION,12001913,,2026-08-05,419365,13.06,19,HUMAN SERVICES
2026-07-15,DCM175265043,MRO CORPORATION,12001913,,2026-08-05,419274,13.06,19,HUMAN SERVICES
2026-07-15,DCM175310524,MRO CORPORATION,12001913,,2026-08-05,419275,15.06,19,HUMAN SERVICES
2026-08-04,M027BTR003,MUNICIPALITY OF GRENVILLE,12056076,,2026-08-05,M429214,202.0,02,REVENUE
2026-08-04,M027BTR003,MURDO-CITY OF,12054892,,2026-08-05,M429214,6282.94,02,REVENUE
2026-07-08,811990,MUTH ELECTRIC INC,12117742,,2026-08-05,420025,593.46,18,CORRECTIONS
2026-06-10,NM-052026,MY3TECH INC,12263781,,2026-08-05,427421,22770.0,03,AGRICULTURE & NAT. RESOURCES
2026-07-21,VA6410S-2026-07,NATHANIEL M MILLER DDS PC,12642465,,2026-08-05,420988,442.0,18,CORRECTIONS
2026-05-05,300005460,NATIONAL ASSN OF STATE,12115854,,2026-08-05,419409,12605.0,320,STATE TREASURER
2026-07-06,ZK293370-TDQ,NATIONAL BUSINESS FURNITURE,12009396,,2026-08-05,420102,1729.35,19,HUMAN SERVICES
2026-07-13,OSBE2344,NATIONAL EDUCATIONAL TELECOMMU,12141720,,2026-08-05,420665,900.0,013,BUREAU OF INFORMATION & TECH
2026-08-03,I3309CON260550,NATIONAL FOUNDATION FOR CDC&P,12661697,,2026-08-05,427837,64129.01,09,HEALTH
2026-08-04,M027BTR003,NEW EFFINGTON TOWN OF,12054906,01,2026-08-05,M429214,585.98,02,REVENUE
2026-06-30,0000015062,NEXUS FAMILY HEALING,12196594,,2026-08-05,418191,150.0,18,CORRECTIONS
2026-06-30,0000015063,NEXUS FAMILY HEALING,12196594,,2026-08-05,418190,150.0,18,CORRECTIONS
2026-06-30,0000015064,NEXUS FAMILY HEALING,12196594,,2026-08-05,418189,150.0,18,CORRECTIONS
2026-06-30,0000015065,NEXUS FAMILY HEALING,12196594,,2026-08-05,418188,19459.2,18,CORRECTIONS
2026-06-30,0000015066,NEXUS FAMILY HEALING,12196594,,2026-08-05,418187,19459.2,18,CORRECTIONS
2026-06-30,0000015067,NEXUS FAMILY HEALING,12196594,,2026-08-05,418186,19459.2,18,CORRECTIONS
2026-06-25,10029066177,NILKANTH INC,12349691,,2026-08-05,419656,110.0,012,BHRA ADMINISTRATION
2026-06-04,10028937351,NILKANTH INC,12349691,,2026-08-05,419810A,109.0,08,SOCIAL SERVICES
2026-06-04,10028937353,NILKANTH INC,12349691,,2026-08-05,419810,109.0,08,SOCIAL SERVICES
2026-06-23,10029060342,NILKANTH INC,12349691,,2026-08-05,420770,110.0,08,SOCIAL SERVICES
2026-05-20,81893EE032396,NILKANTH INC,12349691,,2026-08-05,421546,97.26,14,PUBLIC SAFETY
2026-06-02,81893EE032560,NILKANTH INC,12349691,,2026-08-05,421547,112.0,14,PUBLIC SAFETY
2026-06-17,81893EE032903,NILKANTH INC,12349691,,2026-08-05,421548,112.0,14,PUBLIC SAFETY
2026-07-21,81893EE032222,NILKANTH INC,12349691,,2026-08-05,421545,93.73,14,PUBLIC SAFETY
2026-05-21,51810947,NIOBRARA LODGE LLC,12629485,,2026-08-05,420378,330.0,03,AGRICULTURE & NAT. RESOURCES
2026-05-21,51810948,NIOBRARA LODGE LLC,12629485,,2026-08-05,420379,330.0,03,AGRICULTURE & NAT. RESOURCES
2026-06-11,0033428886,NIPPON SANSO MATHESON INC,12263878,,2026-08-05,419714,54.99,06,"GAME, FISH AND PARKS"
2026-06-21,33483097,NIPPON SANSO MATHESON INC,12263878,,2026-08-05,419032,1025.79,11,TRANSPORTATION
2026-07-21,33630755,NIPPON SANSO MATHESON INC,12263878,,2026-08-05,421584,424.15,11,TRANSPORTATION
2026-08-04,M027BTR003,NISLAND TOWN OF,12054914,,2026-08-05,M429214,189.78,02,REVENUE
2026-07-07,53263581,NND LLC,12682826,,2026-08-05,418568,112.0,03,AGRICULTURE & NAT. RESOURCES
2026-07-08,42266,NOODLE LTD,12048566,,2026-08-05,419995,474.04,14,PUBLIC SAFETY
2026-07-04,IN995187,NORTH AMERICAN RESCUE HOLDINGS,12601837,,2026-08-05,418957,49999.66,09,HEALTH
2026-07-14,FFCOURSE MAY26,NORTH CENTRAL FIRE CHIEFS ASSN,12755376,,2026-08-05,418661,750.0,14,PUBLIC SAFETY
2026-07-16,2831,NORTH DAKOTA ST UNIV -ODIN,12028355,09,2026-08-05,420365,75000.0,03,AGRICULTURE & NAT. RESOURCES
2026-07-20,AUG2026RENT,NORTH MAPLE PLAZA LLC,12456265,,2026-08-05,420131,5033.9,19,HUMAN SERVICES
2026-07-09,84135EE047316,NORTH PLAINS DEVELOPERS,12048076,,2026-08-05,418498,336.0,03,AGRICULTURE & NAT. RESOURCES
2026-07-14,84135EE047545,NORTH PLAINS DEVELOPERS,12048076,,2026-08-05,419970,112.0,14,PUBLIC SAFETY
2026-07-14,84135EE047188,NORTH PLAINS DEVELOPERS,12048076,,2026-08-05,418184,112.0,18,CORRECTIONS
2026-07-14,84135EE047189,NORTH PLAINS DEVELOPERS,12048076,,2026-08-05,418183,112.0,18,CORRECTIONS
2026-08-04,M027BTR003,NORTH SIOUX CITY--CITY OF,12055965,,2026-08-05,M429214,31358.28,02,REVENUE
2026-07-29,1179CON270997,NORTH STAR SOLUTIONS LLC,12735496,,2026-08-05,426053A,6604.5,09,HEALTH
2026-07-22,27SC08B308260722,NORTHEASTERN MENTAL HEALTH CTR,12030437,,2026-08-05,420754,31556.65,08,SOCIAL SERVICES
2026-07-22,27SC08C334260722,NORTHEASTERN MENTAL HEALTH CTR,12030437,,2026-08-05,420725,5013.55,08,SOCIAL SERVICES
2026-06-25,21022045-26,NORTHEASTERN MENTAL HEALTH CTR,12030437,,2026-08-05,419167,13.06,19,HUMAN SERVICES
2026-06-30,VRM260721408296,NORTHEASTERN MENTAL HEALTH CTR,12030437,,2026-08-05,420150,13.06,19,HUMAN SERVICES
2026-07-01,DCM174656863,NORTHEASTERN MENTAL HEALTH CTR,12030437,,2026-08-05,421140,13.06,19,HUMAN SERVICES
2026-07-10,1004676,NORTHERN HILLS ALCOHOL & DRUG,12056587,01,2026-08-05,420257,8371.06,27,UNIFIED JUDICIAL SYSTEMS
2026-07-10,1004688,NORTHERN HILLS ALCOHOL & DRUG,12056587,01,2026-08-05,420256,12747.76,27,UNIFIED JUDICIAL SYSTEMS
2026-07-16,23719615,NORTHERN HILLS HOSPITALITY,12288958,,2026-08-05,420374,426.0,03,AGRICULTURE & NAT. RESOURCES
2026-07-16,23719645,NORTHERN HILLS HOSPITALITY,12288958,,2026-08-05,420375,426.0,03,AGRICULTURE & NAT. RESOURCES
2026-07-07,61137,NORTHERN SAFETY TECHNOLOGY,12478444,,2026-08-05,418061,1651.04,11,TRANSPORTATION
2026-07-08,61147,NORTHERN SAFETY TECHNOLOGY,12478444,,2026-08-05,418060,1765.0,11,TRANSPORTATION
2026-07-08,61152,NORTHERN SAFETY TECHNOLOGY,12478444,,2026-08-05,418059,840.14,11,TRANSPORTATION
2026-07-15,61168,NORTHERN SAFETY TECHNOLOGY,12478444,,2026-08-05,419997,984.15,14,PUBLIC SAFETY
2026-07-09,162170539,NORTHERN STATES POWER COMPANY,12023853,,2026-08-05,419483,1529.83,16,MILITARY
2026-07-10,21245201,NORTHERN VALLEY COMMUNICATIONS,12124418,,2026-08-05,418820,113.13,06,"GAME, FISH AND PARKS"
2026-07-10,1653338,NORTHWEST PIPE FITTINGS INC,12029986,,2026-08-05,419498,310.09,16,MILITARY
2026-07-02,3604004,NORTHWESTERN ENERGY PUBLIC SVC,12713341,02,2026-08-05,419651,27260.21,012,BHRA ADMINISTRATION
2026-07-10,082700211-JUNE,NORTHWESTERN ENERGY PUBLIC SVC,12713341,,2026-08-05,420691,0.68,012,BHRA ADMINISTRATION
2026-07-15,2556208-3 071526,NORTHWESTERN ENERGY PUBLIC SVC,12713341,,2026-08-05,420658,265.59,013,BUREAU OF INFORMATION & TECH
2026-07-20,3730486-2-32,NORTHWESTERN ENERGY PUBLIC SVC,12713341,,2026-08-05,420368,71.27,03,AGRICULTURE & NAT. RESOURCES
2026-07-08,082700201,NORTHWESTERN ENERGY PUBLIC SVC,12713341,,2026-08-05,417798,4716.59,08,SOCIAL SERVICES
2026-07-10,082700211-JUNE,NORTHWESTERN ENERGY PUBLIC SVC,12713341,,2026-08-05,420691,5.6,08,SOCIAL SERVICES
2026-07-14,082700214-JUN,NORTHWESTERN ENERGY PUBLIC SVC,12713341,,2026-08-05,420703,530.53,08,SOCIAL SERVICES
2026-07-16,082700215-JUN,NORTHWESTERN ENERGY PUBLIC SVC,12713341,,2026-08-05,420702,1178.06,08,SOCIAL SERVICES
2026-07-14,082700214-JUN,NORTHWESTERN ENERGY PUBLIC SVC,12713341,,2026-08-05,420703,331.85,09,HEALTH
2026-07-10,082700211-JUNE,NORTHWESTERN ENERGY PUBLIC SVC,12713341,,2026-08-05,420691,5.39,10,LABOR AND REGULATION
2026-07-14,082700214-JUN,NORTHWESTERN ENERGY PUBLIC SVC,12713341,,2026-08-05,420703,264.46,10,LABOR AND REGULATION
2026-07-15,2579345-6 JUL26,NORTHWESTERN ENERGY PUBLIC SVC,12713341,,2026-08-05,419022,447.88,10,LABOR AND REGULATION
2026-07-08,256465140726,NORTHWESTERN ENERGY PUBLIC SVC,12713341,,2026-08-05,421601,468.69,11,TRANSPORTATION
2026-07-08,392265350726,NORTHWESTERN ENERGY PUBLIC SVC,12713341,,2026-08-05,421600,18.74,11,TRANSPORTATION
2026-07-09,255344210726,NORTHWESTERN ENERGY PUBLIC SVC,12713341,,2026-08-05,421595,364.61,11,TRANSPORTATION
2026-07-09,255344470726,NORTHWESTERN ENERGY PUBLIC SVC,12713341,,2026-08-05,421597,12.65,11,TRANSPORTATION
2026-07-09,274071470726,NORTHWESTERN ENERGY PUBLIC SVC,12713341,,2026-08-05,421596,79.55,11,TRANSPORTATION
2026-07-09,402688230726,NORTHWESTERN ENERGY PUBLIC SVC,12713341,,2026-08-05,421599,18.55,11,TRANSPORTATION
2026-07-10,25707761-0726,NORTHWESTERN ENERGY PUBLIC SVC,12713341,,2026-08-05,420822,988.71,11,TRANSPORTATION
2026-07-10,261970120726,NORTHWESTERN ENERGY PUBLIC SVC,12713341,,2026-08-05,421476,235.93,11,TRANSPORTATION
2026-07-10,27524891-0726,NORTHWESTERN ENERGY PUBLIC SVC,12713341,,2026-08-05,420821,14.43,11,TRANSPORTATION
2026-07-13,252892400726,NORTHWESTERN ENERGY PUBLIC SVC,12713341,,2026-08-05,419513,509.08,11,TRANSPORTATION
2026-07-13,2595177-30726,NORTHWESTERN ENERGY PUBLIC SVC,12713341,,2026-08-05,421484,420.34,11,TRANSPORTATION
2026-07-13,260307830726,NORTHWESTERN ENERGY PUBLIC SVC,12713341,,2026-08-05,419511,330.08,11,TRANSPORTATION
2026-07-13,419979250726,NORTHWESTERN ENERGY PUBLIC SVC,12713341,,2026-08-05,419512,19.49,11,TRANSPORTATION
2026-07-15,2830676-9-071526,NORTHWESTERN ENERGY PUBLIC SVC,12713341,,2026-08-05,419984,7.0,14,PUBLIC SAFETY
2026-07-02,162170324,NORTHWESTERN ENERGY PUBLIC SVC,12713341,,2026-08-05,418137,682.24,16,MILITARY
2026-07-02,162170325,NORTHWESTERN ENERGY PUBLIC SVC,12713341,,2026-08-05,418138,45.5,16,MILITARY
2026-07-08,162170326,NORTHWESTERN ENERGY PUBLIC SVC,12713341,,2026-08-05,418139,47.19,16,MILITARY
2026-07-08,162170327,NORTHWESTERN ENERGY PUBLIC SVC,12713341,,2026-08-05,418140,2429.14,16,MILITARY
2026-07-08,162170328,NORTHWESTERN ENERGY PUBLIC SVC,12713341,,2026-08-05,418141,1187.05,16,MILITARY
2026-07-16,082700215-JUN,NORTHWESTERN ENERGY PUBLIC SVC,12713341,,2026-08-05,420702,223.08,18,CORRECTIONS
2026-07-10,082700211-JUNE,NORTHWESTERN ENERGY PUBLIC SVC,12713341,,2026-08-05,420691,0.33,19,HUMAN SERVICES
2026-07-15,2579345-6 JUL26,NORTHWESTERN ENERGY PUBLIC SVC,12713341,,2026-08-05,419022,32.78,19,HUMAN SERVICES
2026-07-16,082700215-JUN,NORTHWESTERN ENERGY PUBLIC SVC,12713341,,2026-08-05,420702,210.05,19,HUMAN SERVICES
2026-07-17,31294,NORTHWESTERN UNIVERSITY,12016921,,2026-08-05,419985,4800.0,14,PUBLIC SAFETY
2026-06-22,60501877,NOVEYA INCORPORATED,12053327,,2026-08-05,420396,112.0,03,AGRICULTURE & NAT. RESOURCES
2026-06-29,41851323,NOVEYA INCORPORATED,12053327,,2026-08-05,420400,114.0,03,AGRICULTURE & NAT. RESOURCES
2026-07-06,29742372,NOVEYA INCORPORATED,12053327,,2026-08-05,420398,114.0,03,AGRICULTURE & NAT. RESOURCES
2026-07-13,68853573,NOVEYA INCORPORATED,12053327,,2026-08-05,420399,114.0,03,AGRICULTURE & NAT. RESOURCES
2026-07-13,81003471,NOVEYA INCORPORATED,12053327,,2026-08-05,420392,114.0,03,AGRICULTURE & NAT. RESOURCES
2026-07-16,25808833,NOVEYA INCORPORATED,12053327,,2026-08-05,419521,114.0,11,TRANSPORTATION
2026-06-23,87047434,NOVEYA INCORPORATED,12053327,,2026-08-05,420037,112.0,18,CORRECTIONS
2026-07-13,45449681,NOVEYA INCORPORATED,12053327,,2026-08-05,420031,114.0,18,CORRECTIONS
2026-07-13,45904325,NOVEYA INCORPORATED,12053327,,2026-08-05,420029,114.0,18,CORRECTIONS
2026-07-17,47299215,NOVEYA INCORPORATED,12053327,,2026-08-05,420032,114.0,18,CORRECTIONS
2026-08-03,1026CON270176,NURSE-FAMILY PARTNERSHIP,12006453,,2026-08-05,427534,6596.0,09,HEALTH
2026-08-03,1216CON270176,NURSE-FAMILY PARTNERSHIP,12006453,,2026-08-05,427835,6596.0,09,HEALTH
2026-07-09,903690202,NUTRIEN AG SOLUTIONS INC,12003060,02,2026-08-05,420459,2217.0,06,"GAME, FISH AND PARKS"
2026-07-09,903690406,NUTRIEN AG SOLUTIONS INC,12003060,02,2026-08-05,418845,3990.0,06,"GAME, FISH AND PARKS"
2026-07-14,232872,NYBERGS ACE HARDWARE INC,12032400,,2026-08-05,419499,98.36,16,MILITARY
2026-07-02,339283,NYBERGS ACE HARDWARE INC,12032400,,2026-08-05,421013,132.99,18,CORRECTIONS
2026-07-15,243145267034MDS,NYSE MARKET INC,12367915,,2026-08-05,420297,790.0,321,INVESTMENT COUNCIL
2026-07-15,648085341539MDS,NYSE MARKET INC,12367915,,2026-08-05,420296,180.0,321,INVESTMENT COUNCIL
2026-07-10,07102026STMNTMED,OAHE ELECTRIC COOPERATIVE INC,12029636,,2026-08-05,420460,252.8,06,"GAME, FISH AND PARKS"
2026-07-14,D12700032,OAHE ELECTRIC COOPERATIVE INC,12029636,,2026-08-05,419919,85.14,12,EDUCATION
2026-04-02,AP5615,OFFICE OF SOCIAL CONCERNS-SERV,12044285,,2026-08-05,420771,1500.0,08,SOCIAL SERVICES
2026-08-04,M027BTR003,OGLALA SIOUX TRIBE,12029529,25,2026-08-05,M429214,336227.71,02,REVENUE
2026-08-04,M027BTR003,OGLALA SIOUX TRIBE,12029529,28,2026-08-05,M429214,43779.9,02,REVENUE
2026-07-20,R27-10,"OIEN, ABBY L",12717952,,2026-08-05,421145,162.0,19,HUMAN SERVICES
2026-07-22,267000023,"OKE, ANUJA A",12755128,,2026-08-05,421531,475.4,26,PUBLIC UTILITIES COMMISSION
2026-07-15,71526,OLSON OIL COMPANY,12033197,01,2026-08-05,419246,135.0,19,HUMAN SERVICES
2026-07-22,10063454,OPEX CORPORATION,12011420,,2026-08-05,421411,18035.0,02,REVENUE
2026-05-27,DCM170920595,OPHTHALMOLOGY ASSOCIATES LTD,12048196,,2026-08-05,420144,14.06,19,HUMAN SERVICES
2026-07-09,VRM260716407747,OPHTHALMOLOGY ASSOCIATES LTD,12048196,,2026-08-05,418320,198.15,19,HUMAN SERVICES
2026-07-17,19922,OPHTHALMOLOGY LTD,12032781,,2026-08-05,418228,365.82,18,CORRECTIONS
2026-07-15,1083670 715,OPHTHALMOLOGY LTD,12032781,,2026-08-05,418319,13.06,19,HUMAN SERVICES
2026-07-15,82161 715,OPHTHALMOLOGY LTD,12032781,,2026-08-05,418272,13.06,19,HUMAN SERVICES
2026-07-15,888901299 715,OPHTHALMOLOGY LTD,12032781,,2026-08-05,418271,13.06,19,HUMAN SERVICES
2026-07-16,1078860-716,OPHTHALMOLOGY LTD,12032781,,2026-08-05,418295,25.0,19,HUMAN SERVICES
2026-07-14,5600-450030,OREILLY AUTO ENTERPRISES LLC,12122577,,2026-08-05,420808,55.4,11,TRANSPORTATION
2026-07-14,5600-450092,OREILLY AUTO ENTERPRISES LLC,12122577,,2026-08-05,419069,11.51,11,TRANSPORTATION
2026-07-17,560045048471726,OREILLY AUTO ENTERPRISES LLC,12122577,,2026-08-05,419906,41.61,11,TRANSPORTATION
2026-07-07,5544-387093,OREILLY AUTO ENTERPRISES LLC,12122577,,2026-08-05,421533,245.99,14,PUBLIC SAFETY
2026-02-23,270001,ORTHOTIC & PROSTHETIC SPECIALT,12053108,,2026-08-05,420104,568.28,19,HUMAN SERVICES
2026-07-27,SC12724C-069-F,OTIS EDUCATIONAL SYSTEMS INC,12305158,,2026-08-05,426386,742.5,12,EDUCATION
2026-07-09,070926HEALTH,OTTER TAIL POWER COMPANY,12020975,03,2026-08-05,418995,391.04,09,HEALTH
2026-07-07,50237710726,OTTER TAIL POWER COMPANY,12020975,03,2026-08-05,418047,47.6,11,TRANSPORTATION
2026-07-08,06075878-0726,OTTER TAIL POWER COMPANY,12020975,03,2026-08-05,418016,11.42,11,TRANSPORTATION
2026-07-08,14033521-0726,OTTER TAIL POWER COMPANY,12020975,03,2026-08-05,418015,12.26,11,TRANSPORTATION
2026-07-14,14018914-0726,OTTER TAIL POWER COMPANY,12020975,03,2026-08-05,420824,4.12,11,TRANSPORTATION
2026-07-15,45625-IN,OVERHEAD DOOR CO OF WATERTOWN,12626174,,2026-08-05,419986,382.65,14,PUBLIC SAFETY
2026-07-07,0394602-IN,OVERHEAD DOOR COMPANY INC,12036682,,2026-08-05,418099,630.0,16,MILITARY
2026-07-01,19317,OVERHEAD DOOR OF RAPID,12594413,,2026-08-05,418098,318.88,16,MILITARY
2026-07-24,SC12724C-094-9,"OYEN, KARI ANN",12189856,,2026-08-05,426223,19550.0,12,EDUCATION
2026-06-26,Z297-087,"PANZA, ANTHONY JOSEPH",12755361,,2026-08-05,419546,20.0,29,ATTORNEY GENERAL
2026-07-09,2109701589,PARTS TOWN LLC,12018339,,2026-08-05,417792,769.17,08,SOCIAL SERVICES
2026-04-22,13981C,PARTSONE WYOSD LLC,12748145,,2026-08-05,416872,-88.68,11,TRANSPORTATION
2026-05-05,17069,PARTSONE WYOSD LLC,12748145,,2026-08-05,417968,-35.28,11,TRANSPORTATION
2026-05-28,22549,PARTSONE WYOSD LLC,12748145,,2026-08-05,417969,-4.55,11,TRANSPORTATION
2026-06-30,172141,PARTSONE WYOSD LLC,12748145,,2026-08-05,418628,194.95,14,PUBLIC SAFETY
2026-07-08,172835,PARTSONE WYOSD LLC,12748145,,2026-08-05,418629,159.81,14,PUBLIC SAFETY
2026-07-09,033057,PARTSONE WYOSD LLC,12748145,,2026-08-05,418627,7.67,14,PUBLIC SAFETY
2026-07-02,172441,PARTSONE WYOSD LLC,12748145,,2026-08-05,419493,199.99,16,MILITARY
2026-08-04,073126CON270077,PATRICK ANDERSON DDS PC,12508828,,2026-08-05,428584,250.0,09,HEALTH
2026-07-20,R27-20,"PATTERSON, JOANN",12754766,,2026-08-05,421157,800.0,19,HUMAN SERVICES
2026-08-04,2026--07,PAULSEN & RATERMAN LAW PROF,12724907,,2026-08-05,428587,3280.0,27,UNIFIED JUDICIAL SYSTEMS
2026-08-04,M027BTR003,PEEVER TOWN OF,12030994,,2026-08-05,M429214,209.22,02,REVENUE
2026-07-02,19236,PENNER PATIENT CARE INC,12163777,,2026-08-05,418107,863.84,17,VETERANS' AFFAIRS
2026-07-01,07012026-JUNE,PENNINGTON COUNTY SHERIFF,12055008,03,2026-08-05,419815,980.0,08,SOCIAL SERVICES
2026-07-22,27SC08C324260722,PENNINGTON COUNTY SO DETOX,12055008,02,2026-08-05,420719,270228.09,08,SOCIAL SERVICES
2026-07-01,24404,PEOPLES TRANSIT,12124864,,2026-08-05,419149,7.0,19,HUMAN SERVICES
2026-07-15,07/15/2026,"PETERSON, JOYCE L",12755372,,2026-08-05,419540,9800.0,29,ATTORNEY GENERAL
2026-07-09,01-233486,PFEIFER IMPLEMENT CO INC,12030266,,2026-08-05,418803,393.75,06,"GAME, FISH AND PARKS"
2026-06-30,INV445798,PHARM CHEM INC,12119984,,2026-08-05,421283,31.95,27,UNIFIED JUDICIAL SYSTEMS
2026-07-20,AUG2026RENT,PHEASANT INN PARTNERSHIP,12033521,,2026-08-05,420132,8132.4,19,HUMAN SERVICES
2026-07-29,202602CON260739,PHILIP HEALTH SERVICES INC,12037219,,2026-08-05,426071,20000.0,09,HEALTH
2026-07-17,19919,PHYSICIANS LABORATORY LTD,12033086,,2026-08-05,418229,540.0,18,CORRECTIONS
2026-07-17,19946,PHYSICIANS LABORATORY LTD,12033086,,2026-08-05,418241,230.4,18,CORRECTIONS
2026-08-04,M027BTR003,PICKSTOWN MUNICIPALITY,12040622,,2026-08-05,M429214,803.82,02,REVENUE
2026-08-04,M027BTR003,PIEDMONT- MUNICIPALITY OF,12150180,,2026-08-05,M429214,2580.7,02,REVENUE
2026-08-04,M027BTR003,PIERPONT TOWN OF,12056539,01,2026-08-05,M429214,75.51,02,REVENUE
2026-07-21,2026457,PIERRE AREA CHAMBER OF COMM,12028998,,2026-08-05,420856,200.0,11,TRANSPORTATION
2026-06-30,5/2026-6/2026,PIERRE CAR WASH LLC,12748122,,2026-08-05,419925,1056.0,14,PUBLIC SAFETY
2026-06-29,DCC11786602,PIERRE PSYCHOLOGY,12725525,,2026-08-05,421053,663.18,19,HUMAN SERVICES
2026-07-07,23330,PIERRE SPORTS CENTER,12041985,01,2026-08-05,419673,586.73,06,"GAME, FISH AND PARKS"
2026-07-10,23353,PIERRE SPORTS CENTER,12041985,01,2026-08-05,419676,319.64,06,"GAME, FISH AND PARKS"
2026-06-29,301493,PIONEER MFG,12015804,,2026-08-05,418526,3430.0,03,AGRICULTURE & NAT. RESOURCES
2026-07-28,4696,PLANNING & DEVELOPMNT DIST III,12033328,,2026-08-05,427422,33600.0,14,PUBLIC SAFETY
2026-08-04,17575,PLATINUM CHOICE STAFFING INC,12746749,,2026-08-05,428426,53655.66,18,CORRECTIONS
2026-07-16,P-34438,PMN TRAC INC,12115868,01,2026-08-05,420664,306.0,013,BUREAU OF INFORMATION & TECH
2026-07-13,600239833,POMPS TIRE SERVICE INC,12019738,,2026-08-05,421465,3143.04,11,TRANSPORTATION
2026-07-21,1760027506,POMPS TIRE SERVICE INC,12019738,,2026-08-05,420871,826.12,11,TRANSPORTATION
2026-06-26,1760017190,POMPS TIRE SERVICE INC,12019738,,2026-08-05,418100,52.47,16,MILITARY
2026-07-01,INV-002345,POPP BINDING & LAMINATING INC,12027536,,2026-08-05,420391,184.89,03,AGRICULTURE & NAT. RESOURCES
2026-08-03,M03700001,PRAIRIE VIEW AG CENTER LLC,12740523,,2026-08-05,M427827,17565.66,03,AGRICULTURE & NAT. RESOURCES
2026-06-08,L3383564,PREMIER BIOTECH LABS LLC,12590759,,2026-08-05,419404,270.25,27,UNIFIED JUDICIAL SYSTEMS
2026-07-08,L3384949,PREMIER BIOTECH LABS LLC,12590759,,2026-08-05,421305,358.2,27,UNIFIED JUDICIAL SYSTEMS
2026-07-08,L3384951,PREMIER BIOTECH LABS LLC,12590759,,2026-08-05,419394,344.95,27,UNIFIED JUDICIAL SYSTEMS
2026-06-15,2368505,PREMIER BIOTECH LLC,12452869,,2026-08-05,419402,1300.0,27,UNIFIED JUDICIAL SYSTEMS
2026-06-15,2368619,PREMIER BIOTECH LLC,12452869,,2026-08-05,419403,1298.75,27,UNIFIED JUDICIAL SYSTEMS
2026-06-17,2368858,PREMIER BIOTECH LLC,12452869,,2026-08-05,420250,14.01,27,UNIFIED JUDICIAL SYSTEMS
2026-07-09,2371488,PREMIER BIOTECH LLC,12452869,,2026-08-05,421306,918.75,27,UNIFIED JUDICIAL SYSTEMS
2026-07-15,IM64793,PREMIER EQUIPMENT LLC,12010144,,2026-08-05,420464,6.92,06,"GAME, FISH AND PARKS"
2026-08-04,M027BTR003,PRESHO CITY OF,12054995,,2026-08-05,M429214,2197.12,02,REVENUE
2026-06-30,28538,PRESHO CITY OF,12054995,,2026-08-05,421567,87.5,11,TRANSPORTATION
2026-07-30,00626CON260443,PRIMARY DIAGNOSTICS INC,12709347,,2026-08-05,426057,8333.34,09,HEALTH
2026-07-22,550668,PRO WINDMILL LLC,12058115,01,2026-08-05,420768,2.16,010,GOVERNOR'S OFFICE
2026-07-22,550668,PRO WINDMILL LLC,12058115,01,2026-08-05,420768,1.61,012,BHRA ADMINISTRATION
2026-07-17,547443,PRO WINDMILL LLC,12058115,01,2026-08-05,419887,11.36,013,BUREAU OF INFORMATION & TECH
2026-07-22,550668,PRO WINDMILL LLC,12058115,01,2026-08-05,420768,3.75,013,BUREAU OF INFORMATION & TECH
2026-07-17,547443,PRO WINDMILL LLC,12058115,01,2026-08-05,419887,32.03,02,REVENUE
2026-07-22,550668,PRO WINDMILL LLC,12058115,01,2026-08-05,420768,5.41,02,REVENUE
2026-07-22,550668,PRO WINDMILL LLC,12058115,01,2026-08-05,420768,2.77,03,AGRICULTURE & NAT. RESOURCES
2026-07-22,550668,PRO WINDMILL LLC,12058115,01,2026-08-05,420768,35.74,08,SOCIAL SERVICES
2026-07-22,550668,PRO WINDMILL LLC,12058115,01,2026-08-05,420768,16.07,09,HEALTH
2026-07-17,547443,PRO WINDMILL LLC,12058115,01,2026-08-05,419887,126.61,10,LABOR AND REGULATION
2026-07-22,550668,PRO WINDMILL LLC,12058115,01,2026-08-05,420768,14.41,10,LABOR AND REGULATION
2026-07-22,550668,PRO WINDMILL LLC,12058115,01,2026-08-05,420768,0.14,12,EDUCATION
2026-07-22,550668,PRO WINDMILL LLC,12058115,01,2026-08-05,420768,4.51,14,PUBLIC SAFETY
2026-07-22,550668,PRO WINDMILL LLC,12058115,01,2026-08-05,420768,5.02,18,CORRECTIONS
2026-07-22,550668,PRO WINDMILL LLC,12058115,01,2026-08-05,420768,10.76,19,HUMAN SERVICES
2026-07-22,550668,PRO WINDMILL LLC,12058115,01,2026-08-05,420768,2.22,27,UNIFIED JUDICIAL SYSTEMS
2026-07-30,27SC081005-JUL1,PROFESSIONAL LICENSING LLC,12699339,,2026-08-05,428573,298.14,08,SOCIAL SERVICES
2026-08-04,1506CON270101,PROFESSIONAL LICENSING LLC,12699339,,2026-08-05,428576,266.9,09,HEALTH
2026-08-04,1507CON270105,PROFESSIONAL LICENSING LLC,12699339,,2026-08-05,428578,291.9,09,HEALTH
2026-08-04,1508CON270104,PROFESSIONAL LICENSING LLC,12699339,,2026-08-05,428577,99.51,09,HEALTH
2026-08-04,1509CON270804,PROFESSIONAL LICENSING LLC,12699339,,2026-08-05,428580,267.68,09,HEALTH
2026-08-04,1511CON270510,PROFESSIONAL LICENSING LLC,12699339,,2026-08-05,428579,299.26,09,HEALTH
2026-06-22,27-1000-002 1487,PROFESSIONAL LICENSING LLC,12699339,,2026-08-05,426574,2625.65,10,LABOR AND REGULATION
2026-07-21,27-1000-002 1503,PROFESSIONAL LICENSING LLC,12699339,,2026-08-05,426573,2625.65,10,LABOR AND REGULATION
2026-07-30,27-1000-002 1510,PROFESSIONAL LICENSING LLC,12699339,,2026-08-05,426572,264.32,10,LABOR AND REGULATION
2026-07-08,2639026,PROFESSIONAL MEDICAL INC,12559255,,2026-08-05,420107,1424.95,19,HUMAN SERVICES
2026-07-07,605326,PROFORCE MARKETING INC,12195810,,2026-08-05,419987,823.6,14,PUBLIC SAFETY
2026-06-30,242273,PRORATE SERVICES INC,12606398,,2026-08-05,420098,240.0,19,HUMAN SERVICES
2026-07-20,R27-16,"PUDWILL, KATHERINE M",12323282,,2026-08-05,421151,240.0,19,HUMAN SERVICES
2026-07-22,137899,PURE WATER TECHNOLOGY,12663117,,2026-08-05,426580,200.0,11,TRANSPORTATION
2026-07-20,CAREJUN26,"PURPUR, DAVID K",12726487,,2026-08-05,420141,56.0,19,HUMAN SERVICES
2026-06-30,CUST6055284 JUNE,QUADIENT FINANCE USA INC,12246291,,2026-08-05,419395,1700.0,27,UNIFIED JUDICIAL SYSTEMS
2026-07-12,2229-4804,QUALIFIED PRESORT SERVICE LLC,12011039,,2026-08-05,419433,105.42,02,REVENUE
2026-07-12,646497,QUALIFIED PRESORT SERVICE LLC,12011039,,2026-08-05,419434,5.67,02,REVENUE
2026-07-12,1083-4766,QUALIFIED PRESORT SERVICE LLC,12011039,,2026-08-05,420505,174.15,09,HEALTH
2026-07-12,4728-4858,QUALIFIED PRESORT SERVICE LLC,12011039,,2026-08-05,418996,501.72,09,HEALTH
2026-07-12,6159-4936,QUALIFIED PRESORT SERVICE LLC,12011039,,2026-08-05,420508,207.53,09,HEALTH
2026-07-12,646476,QUALIFIED PRESORT SERVICE LLC,12011039,,2026-08-05,420504,142.07,09,HEALTH
2026-07-12,646533,QUALIFIED PRESORT SERVICE LLC,12011039,,2026-08-05,418993,355.55,09,HEALTH
2026-07-12,646582,QUALIFIED PRESORT SERVICE LLC,12011039,,2026-08-05,420507,108.92,09,HEALTH
2026-07-12,646700,QUALIFIED PRESORT SERVICE LLC,12011039,,2026-08-05,418976,2.68,09,HEALTH
2026-07-12,8376-5122,QUALIFIED PRESORT SERVICE LLC,12011039,,2026-08-05,418975,68.17,09,HEALTH
2026-07-12,646652/80215051,QUALIFIED PRESORT SERVICE LLC,12011039,,2026-08-05,417119,72.62,10,LABOR AND REGULATION
2026-07-12,646653/80225050,QUALIFIED PRESORT SERVICE LLC,12011039,,2026-08-05,4717112,53.13,10,LABOR AND REGULATION
2026-07-12,8341-5111,QUALIFIED PRESORT SERVICE LLC,12011039,,2026-08-05,417110,34.17,10,LABOR AND REGULATION
2026-07-12,646596,QUALIFIED PRESORT SERVICE LLC,12011039,,2026-08-05,421466,22.16,11,TRANSPORTATION
2026-07-12,6722-4958,QUALIFIED PRESORT SERVICE LLC,12011039,,2026-08-05,421467,51.68,11,TRANSPORTATION
2026-07-12,7551-5007,QUALIFIED PRESORT SERVICE LLC,12011039,,2026-08-05,421477,45.9,11,TRANSPORTATION
2026-07-12,646659,QUALIFIED PRESORT SERVICE LLC,12011039,,2026-08-05,418649,13.28,14,PUBLIC SAFETY
2026-07-12,8074-5059,QUALIFIED PRESORT SERVICE LLC,12011039,,2026-08-05,418646,481.11,14,PUBLIC SAFETY
2026-06-30,8328-4731,QUALIFIED PRESORT SERVICE LLC,12011039,,2026-08-05,421000,28.34,18,CORRECTIONS
2026-07-12,5004-4870,QUALIFIED PRESORT SERVICE LLC,12011039,,2026-08-05,420116,167.16,19,HUMAN SERVICES
2026-07-12,5005-4871,QUALIFIED PRESORT SERVICE LLC,12011039,,2026-08-05,420115,75.63,19,HUMAN SERVICES
2026-07-12,646541,QUALIFIED PRESORT SERVICE LLC,12011039,,2026-08-05,420117,8.28,19,HUMAN SERVICES
2026-07-12,646542,QUALIFIED PRESORT SERVICE LLC,12011039,,2026-08-05,420118,15.78,19,HUMAN SERVICES
2026-07-12,646682,QUALIFIED PRESORT SERVICE LLC,12011039,,2026-08-05,420119,66.45,19,HUMAN SERVICES
2026-07-12,8283-5096,QUALIFIED PRESORT SERVICE LLC,12011039,,2026-08-05,420114,44.64,19,HUMAN SERVICES
2026-07-12,8355-5114,QUALIFIED PRESORT SERVICE LLC,12011039,,2026-08-05,420122,50.87,19,HUMAN SERVICES
2026-06-30,5079-4512,QUALIFIED PRESORT SERVICE LLC,12011039,,2026-08-05,421313,32.74,27,UNIFIED JUDICIAL SYSTEMS
2026-06-30,5638-4527,QUALIFIED PRESORT SERVICE LLC,12011039,,2026-08-05,421317,54.7,27,UNIFIED JUDICIAL SYSTEMS
2026-06-30,5639-4528,QUALIFIED PRESORT SERVICE LLC,12011039,,2026-08-05,421315,548.51,27,UNIFIED JUDICIAL SYSTEMS
2026-06-30,5982-4550,QUALIFIED PRESORT SERVICE LLC,12011039,,2026-08-05,421310,370.2,27,UNIFIED JUDICIAL SYSTEMS
2026-06-30,645667,QUALIFIED PRESORT SERVICE LLC,12011039,,2026-08-05,421312,51.86,27,UNIFIED JUDICIAL SYSTEMS
2026-06-30,645677,QUALIFIED PRESORT SERVICE LLC,12011039,,2026-08-05,421316,12.34,27,UNIFIED JUDICIAL SYSTEMS
2026-06-30,645678,QUALIFIED PRESORT SERVICE LLC,12011039,,2026-08-05,421314,133.06,27,UNIFIED JUDICIAL SYSTEMS
2026-06-30,645691,QUALIFIED PRESORT SERVICE LLC,12011039,,2026-08-05,421311,44.52,27,UNIFIED JUDICIAL SYSTEMS
2026-06-30,646408,QUALIFIED PRESORT SERVICE LLC,12011039,,2026-08-05,421309,445.07,27,UNIFIED JUDICIAL SYSTEMS
2026-06-30,646417,QUALIFIED PRESORT SERVICE LLC,12011039,,2026-08-05,421308,864.68,27,UNIFIED JUDICIAL SYSTEMS
2026-07-12,5079-4882,QUALIFIED PRESORT SERVICE LLC,12011039,,2026-08-05,421338,28.66,27,UNIFIED JUDICIAL SYSTEMS
2026-07-12,5638-4897,QUALIFIED PRESORT SERVICE LLC,12011039,,2026-08-05,421261,154.44,27,UNIFIED JUDICIAL SYSTEMS
2026-07-12,5639-4898,QUALIFIED PRESORT SERVICE LLC,12011039,,2026-08-05,421336,610.46,27,UNIFIED JUDICIAL SYSTEMS
2026-07-12,5982-4921,QUALIFIED PRESORT SERVICE LLC,12011039,,2026-08-05,421339,112.71,27,UNIFIED JUDICIAL SYSTEMS
2026-07-12,5985-4922,QUALIFIED PRESORT SERVICE LLC,12011039,,2026-08-05,421345,24.58,27,UNIFIED JUDICIAL SYSTEMS
2026-07-12,646550,QUALIFIED PRESORT SERVICE LLC,12011039,,2026-08-05,421337,19.06,27,UNIFIED JUDICIAL SYSTEMS
2026-07-12,646556,QUALIFIED PRESORT SERVICE LLC,12011039,,2026-08-05,421259,3.21,27,UNIFIED JUDICIAL SYSTEMS
2026-07-12,646557,QUALIFIED PRESORT SERVICE LLC,12011039,,2026-08-05,421260,81.52,27,UNIFIED JUDICIAL SYSTEMS
2026-07-12,646570,QUALIFIED PRESORT SERVICE LLC,12011039,,2026-08-05,421346,34.41,27,UNIFIED JUDICIAL SYSTEMS
2026-07-04,3340322350726,QWEST CORPORATION,12121401,20,2026-08-05,420855,94.7,11,TRANSPORTATION
2026-07-19,5743,R PLACE KENNEL INC,12228951,,2026-08-05,419989,87.0,14,PUBLIC SAFETY
2026-07-17,19910,RADIOLOGY ASSOCIATES PROF LLC,12029822,01,2026-08-05,418230,502.21,18,CORRECTIONS
2026-07-15,DCC12023495,RADIOLOGY ASSOCIATES PROF LLC,12029822,01,2026-08-05,419329,194.72,19,HUMAN SERVICES
2026-07-15,DCC12023735,RADIOLOGY ASSOCIATES PROF LLC,12029822,01,2026-08-05,419330,33.59,19,HUMAN SERVICES
2026-07-16,DCC12023403,RADIOLOGY ASSOCIATES PROF LLC,12029822,01,2026-08-05,419327,70.68,19,HUMAN SERVICES
2026-07-16,DCC12049404,RADIOLOGY ASSOCIATES PROF LLC,12029822,01,2026-08-05,419333,69.71,19,HUMAN SERVICES
2026-07-16,933872,RAMKOTA COMPANIES INC,12031730,,2026-08-05,418341,440.0,19,HUMAN SERVICES
2026-07-22,934939,RAMKOTA COMPANIES INC,12031730,,2026-08-05,419900,220.0,25,RETIREMENT SYSTEM
2026-06-30,2606-564341,RANCHERS FEED & SUPPLY INC,12023424,,2026-08-05,421616,9.69,11,TRANSPORTATION
2026-07-15,124,"RANSCHAU, DALE",12749592,,2026-08-05,418516,676.2,03,AGRICULTURE & NAT. RESOURCES
2026-05-04,8994,RANSOM COUNTY,12755417,,2026-08-05,418902,45.0,08,SOCIAL SERVICES
2026-08-04,M027BTR003,RAPID CITY -- CITY OF,12055002,,2026-08-05,M429214,636534.96,02,REVENUE
2026-07-02,10356628,RAPID CITY -- CITY OF,12055002,,2026-08-05,419733,10.0,06,"GAME, FISH AND PARKS"
2026-07-02,10356629,RAPID CITY -- CITY OF,12055002,,2026-08-05,419698,10.0,06,"GAME, FISH AND PARKS"
2026-07-02,10356661,RAPID CITY -- CITY OF,12055002,,2026-08-05,419697,10.0,06,"GAME, FISH AND PARKS"
2026-07-06,559656,RAPID CITY -- CITY OF,12055002,,2026-08-05,419061,188.39,11,TRANSPORTATION
2026-07-06,559657,RAPID CITY -- CITY OF,12055002,,2026-08-05,419062,210.32,11,TRANSPORTATION
2026-07-06,559658,RAPID CITY -- CITY OF,12055002,,2026-08-05,419031,137.55,11,TRANSPORTATION
2026-07-06,560905,RAPID CITY -- CITY OF,12055002,,2026-08-05,419030,66.8,11,TRANSPORTATION
2026-07-06,560981,RAPID CITY -- CITY OF,12055002,,2026-08-05,419063,66.8,11,TRANSPORTATION
2026-07-06,561079,RAPID CITY -- CITY OF,12055002,,2026-08-05,419064,130.46,11,TRANSPORTATION
2026-07-06,561782,RAPID CITY -- CITY OF,12055002,,2026-08-05,419029,35.1,11,TRANSPORTATION
2026-07-06,564940,RAPID CITY -- CITY OF,12055002,,2026-08-05,419060,1677.24,11,TRANSPORTATION
2026-07-06,564941,RAPID CITY -- CITY OF,12055002,,2026-08-05,419059,4807.55,11,TRANSPORTATION
2026-07-17,DSR4903 PW8,RAPID CITY -- CITY OF,12055002,,2026-08-05,419959,394222.61,14,PUBLIC SAFETY
2026-07-13,568106,RAPID CITY -- CITY OF,12055002,,2026-08-05,419481,217.68,16,MILITARY
2026-07-13,568616,RAPID CITY -- CITY OF,12055002,,2026-08-05,419480,701.03,16,MILITARY
2026-07-13,568617,RAPID CITY -- CITY OF,12055002,,2026-08-05,419479,49761.63,16,MILITARY
2026-07-16,1019339550,RAPID CITY BH LODGING LLC,12354821,,2026-08-05,419072,114.0,11,TRANSPORTATION
2026-07-17,19930,RAPID CITY EMERGENCY SERVICES,12033427,,2026-08-05,418231,518.49,18,CORRECTIONS
2026-05-06,DCM168702378,RAPID CITY PHYSICAL THERAPY,12123351,,2026-08-05,421103,19.06,19,HUMAN SERVICES
2026-07-16,2026-MAY-31,RAPID CITY POLICE DEPARTMENT,12055002,02,2026-08-05,418603A,5365.53,14,PUBLIC SAFETY
2026-07-07,125709,RAPID FIRE PROTECTION INC,12045926,,2026-08-05,418101,1434.0,16,MILITARY
2026-07-17,2026VFA-25-79,RAPID VALLEY VOLNTR FIRE DEPT,12056468,,2026-08-05,419938,7000.0,14,PUBLIC SAFETY
2026-03-12,DCM160802110,REBECCA J RICH,12009030,,2026-08-05,421098,13.06,19,HUMAN SERVICES
2026-07-17,SDOCA202606,RECOVERY MANAGEMENT SERVICES,12745665,,2026-08-05,420643,4878.61,012,BHRA ADMINISTRATION
2026-07-15,3049720,REDLINE AUTOMOTIVE INC,12302714,01,2026-08-05,420841,95.41,11,TRANSPORTATION
2026-07-21,3049846,REDLINE AUTOMOTIVE INC,12302714,01,2026-08-05,420872,78.61,11,TRANSPORTATION
2026-07-02,RSTSCI-253483,REDSAIL TECHNOLOGIES LLC,12615471,,2026-08-05,417799,43.75,08,SOCIAL SERVICES
2026-07-02,RSTSCI-253647,REDSAIL TECHNOLOGIES LLC,12615471,,2026-08-05,417800,264.58,08,SOCIAL SERVICES
2026-07-02,RSTSCI-253180,REDSAIL TECHNOLOGIES LLC,12615471,,2026-08-05,420105,647.27,19,HUMAN SERVICES
2026-06-30,01385820266,REDWOOD TOXICOLOGY LABORATORY,12117241,01,2026-08-05,421003,124.92,18,CORRECTIONS
2026-07-30,09X2-01,REEDE CONSTRUCTION INC,12045379,,2026-08-05,426595,16250.0,11,TRANSPORTATION
2026-07-30,09X8-01,REEDE CONSTRUCTION INC,12045379,,2026-08-05,426596,12500.0,11,TRANSPORTATION
2026-07-13,541926,REEVES COMPANY INC,12002637,,2026-08-05,418587,41.54,14,PUBLIC SAFETY
2026-06-24,486841,REGENCY MIDWEST VENTURES,12177768,,2026-08-05,418491,486.0,03,AGRICULTURE & NAT. RESOURCES
2026-06-25,731778,REGENCY MIDWEST VENTURES,12177768,,2026-08-05,418499,486.0,03,AGRICULTURE & NAT. RESOURCES
2026-06-25,731779,REGENCY MIDWEST VENTURES,12177768,,2026-08-05,418500,486.0,03,AGRICULTURE & NAT. RESOURCES
2026-07-02,486941,REGENCY MIDWEST VENTURES,12177768,,2026-08-05,418992,162.0,09,HEALTH
2026-02-13,485134A,REGENCY MIDWEST VENTURES,12177768,,2026-08-05,417107,114.0,10,LABOR AND REGULATION
2026-07-17,SDORC202606,RELIANT CAPITAL SOLUTIONS LLC,12648346,,2026-08-05,420644,60982.72,012,BHRA ADMINISTRATION
2026-07-17,1239,RELIARIDE LLC,12733355,,2026-08-05,420178,100.0,19,HUMAN SERVICES
2026-07-17,51924148,RESMED CORP,12520767,,2026-08-05,420985,291.87,18,CORRECTIONS
2026-08-03,M03700001,RETT A SCOGGIN,12363080,,2026-08-05,M427827,1171.44,03,AGRICULTURE & NAT. RESOURCES
2026-07-13,35,RICE & ASSOCIATES INC,12650244,,2026-08-05,418522,2100.0,03,AGRICULTURE & NAT. RESOURCES
2026-06-30,SW0253449-1,RIEKES EQUIPMENT COMPANY,12058259,,2026-08-05,418102,1613.56,16,MILITARY
2026-05-30,ROP052026,RITE OF PASSAGE INC,12605240,,2026-08-05,419811,1287.8,08,SOCIAL SERVICES
2026-06-30,ROP062026,RITE OF PASSAGE INC,12605240,,2026-08-05,419813,1416.58,08,SOCIAL SERVICES
2026-06-30,CSA2026-06,RITE OF PASSAGE INC,12605240,,2026-08-05,418181,24125.02,18,CORRECTIONS
2026-06-30,DLA2026-06,RITE OF PASSAGE INC,12605240,,2026-08-05,418180,319.85,18,CORRECTIONS
2026-06-30,I-55282M,RITE OF PASSAGE INC,12605240,,2026-08-05,421001,529.84,18,CORRECTIONS
2026-06-30,LGYS2026-06,RITE OF PASSAGE INC,12605240,,2026-08-05,418192,13650.0,18,CORRECTIONS
2026-07-16,2026-MAR-32,RIVER CITY DOMESTIC VIOLENCE,12026681,,2026-08-05,418604,3052.69,14,PUBLIC SAFETY
2026-07-21,2026-FEB-32,RIVER CITY DOMESTIC VIOLENCE,12026681,,2026-08-05,421539,13792.06,14,PUBLIC SAFETY
2026-06-11,IN0473660,RIVERSIDE TECHNOLOGIES INC,12163031,,2026-08-05,418549,639.0,03,AGRICULTURE & NAT. RESOURCES
2026-06-15,IN0473817,RIVERSIDE TECHNOLOGIES INC,12163031,,2026-08-05,418485,339.0,03,AGRICULTURE & NAT. RESOURCES
2026-07-10,IN0475897,RIVERSIDE TECHNOLOGIES INC,12163031,,2026-08-05,418550,818.0,03,AGRICULTURE & NAT. RESOURCES
2026-07-10,IN0475910,RIVERSIDE TECHNOLOGIES INC,12163031,,2026-08-05,418551,2329.0,03,AGRICULTURE & NAT. RESOURCES
2026-07-08,IN0475662,RIVERSIDE TECHNOLOGIES INC,12163031,,2026-08-05,420483,529.0,06,"GAME, FISH AND PARKS"
2026-07-14,IN0476264,RIVERSIDE TECHNOLOGIES INC,12163031,,2026-08-05,418645,9376.0,14,PUBLIC SAFETY
2026-07-01,220691,ROCHESTER ARMORED CAR COMPANY,12263973,,2026-08-05,421323,492.94,27,UNIFIED JUDICIAL SYSTEMS
2026-08-03,M03700001,ROE VETERINARY SERVICES,12007611,,2026-08-05,M427827,3858.8,03,AGRICULTURE & NAT. RESOURCES
2026-07-30,398,RONDA MILLER LAW OFFICE LLC,12257756,,2026-08-05,426078,1993.0,27,UNIFIED JUDICIAL SYSTEMS
2026-07-12,64100-071226,ROSEBUD ELECTRIC COOP INC,12029465,,2026-08-05,419988,42.35,14,PUBLIC SAFETY
2026-07-16,54102,ROSEBUD FARMERS UNION,12029040,01,2026-08-05,421479,15.0,11,TRANSPORTATION
2026-07-20,54150,ROSEBUD FARMERS UNION,12029040,01,2026-08-05,421480,20.0,11,TRANSPORTATION
2026-08-04,M027BTR003,ROSEBUD SIOUX TRIBE,12030277,02,2026-08-05,M429214,281346.58,02,REVENUE
2026-07-01,2027-01,"ROTI, LURA K",12214400,,2026-08-05,420641,4000.0,013,BUREAU OF INFORMATION & TECH
2026-07-01,7724395,RUNNING SUPPLY INC,12021713,03,2026-08-05,419772,112.96,06,"GAME, FISH AND PARKS"
2026-07-01,7724406,RUNNING SUPPLY INC,12021713,03,2026-08-05,419771,299.88,06,"GAME, FISH AND PARKS"
2026-07-02,10763,RUNNING SUPPLY INC,12021713,03,2026-08-05,419758,36.85,06,"GAME, FISH AND PARKS"
2026-07-02,28-6514194,RUNNING SUPPLY INC,12021713,,2026-08-05,418855,24.99,06,"GAME, FISH AND PARKS"
2026-07-07,3607626,RUNNING SUPPLY INC,12021713,,2026-08-05,416638,82.46,06,"GAME, FISH AND PARKS"
2026-07-08,6517526,RUNNING SUPPLY INC,12021713,,2026-08-05,420474,35.88,06,"GAME, FISH AND PARKS"
2026-07-08,6517536,RUNNING SUPPLY INC,12021713,,2026-08-05,420474A,25.99,06,"GAME, FISH AND PARKS"
2026-07-08,7729870,RUNNING SUPPLY INC,12021713,03,2026-08-05,419770,36.98,06,"GAME, FISH AND PARKS"
2026-07-09,7730715,RUNNING SUPPLY INC,12021713,03,2026-08-05,419773,59.99,06,"GAME, FISH AND PARKS"
2026-07-10,3610204,RUNNING SUPPLY INC,12021713,,2026-08-05,418842,449.99,06,"GAME, FISH AND PARKS"
2026-07-13,3094686,RUNNING SUPPLY INC,12021713,,2026-08-05,418838,346.96,06,"GAME, FISH AND PARKS"
2026-07-13,3612002,RUNNING SUPPLY INC,12021713,,2026-08-05,418840,366.93,06,"GAME, FISH AND PARKS"
2026-07-13,3612540,RUNNING SUPPLY INC,12021713,,2026-08-05,418839,11.99,06,"GAME, FISH AND PARKS"
2026-07-14,026-7026910,RUNNING SUPPLY INC,12021713,,2026-08-05,418835,21.99,06,"GAME, FISH AND PARKS"
2026-07-14,3613303,RUNNING SUPPLY INC,12021713,,2026-08-05,418841,10.99,06,"GAME, FISH AND PARKS"
2026-07-14,6521828,RUNNING SUPPLY INC,12021713,04,2026-08-05,419670,278.47,06,"GAME, FISH AND PARKS"
2026-07-15,026-7027322,RUNNING SUPPLY INC,12021713,,2026-08-05,418834,789.99,06,"GAME, FISH AND PARKS"
2026-07-18,1914238,RUNNING SUPPLY INC,12021713,,2026-08-05,419452,199.99,06,"GAME, FISH AND PARKS"
2026-06-29,1088820,RUNNING SUPPLY INC,12021713,10,2026-08-05,419534,181.25,11,TRANSPORTATION
2026-07-06,1089707,RUNNING SUPPLY INC,12021713,10,2026-08-05,419533,46.44,11,TRANSPORTATION
2026-07-06,5225244,RUNNING SUPPLY INC,12021713,10,2026-08-05,419535,39.15,11,TRANSPORTATION
2026-07-09,4145818,RUNNING SUPPLY INC,12021713,08,2026-08-05,418018,24.99,11,TRANSPORTATION
2026-07-09,4145819,RUNNING SUPPLY INC,12021713,08,2026-08-05,418017,13.2,11,TRANSPORTATION
2026-07-09,5227044,RUNNING SUPPLY INC,12021713,10,2026-08-05,419536,27.98,11,TRANSPORTATION
2026-07-13,2310096,RUNNING SUPPLY INC,12021713,17,2026-08-05,421452,4.38,11,TRANSPORTATION
2026-07-13,3038040,RUNNING SUPPLY INC,12021713,08,2026-08-05,421492,7.49,11,TRANSPORTATION
2026-07-13,8412894,RUNNING SUPPLY INC,12021713,02,2026-08-05,417997,25.09,11,TRANSPORTATION
2026-07-15,3580783,RUNNING SUPPLY INC,12021713,11,2026-08-05,421563,219.98,11,TRANSPORTATION
2026-06-24,7718380,RUNNING SUPPLY INC,12021713,03,2026-08-05,418622,75.49,14,PUBLIC SAFETY
2026-06-26,7720114,RUNNING SUPPLY INC,12021713,03,2026-08-05,418623,145.78,14,PUBLIC SAFETY
2026-06-30,7723762,RUNNING SUPPLY INC,12021713,03,2026-08-05,418619,95.73,14,PUBLIC SAFETY
2026-07-09,7730711,RUNNING SUPPLY INC,12021713,03,2026-08-05,418624,108.97,14,PUBLIC SAFETY
2026-07-09,7730780,RUNNING SUPPLY INC,12021713,03,2026-08-05,418620,75.65,14,PUBLIC SAFETY
2026-07-09,7730880,RUNNING SUPPLY INC,12021713,03,2026-08-05,418625,5.29,14,PUBLIC SAFETY
2026-07-09,7730883,RUNNING SUPPLY INC,12021713,03,2026-08-05,418621,42.99,14,PUBLIC SAFETY
2026-07-16,6522472,RUNNING SUPPLY INC,12021713,08,2026-08-05,419952,77.13,14,PUBLIC SAFETY
2026-07-10,2399358,RUNNING SUPPLY INC,12021713,03,2026-08-05,419492,35.96,16,MILITARY
2026-07-15,5230476,RUNNING SUPPLY INC,12021713,10,2026-08-05,419491,79.99,16,MILITARY
2026-07-13,6520792,RUNNING SUPPLY INC,12021713,04,2026-08-05,421042,157.97,19,HUMAN SERVICES
2026-06-28,27SC082603-JUN,RURAL OFFICE OF COMM SRVCS,12037800,01,2026-08-05,428561,50258.36,08,SOCIAL SERVICES
2026-06-28,27SC082607-JUN,RURAL OFFICE OF COMM SRVCS,12037800,01,2026-08-05,428564,9605.2,08,SOCIAL SERVICES
2026-07-07,27SC082623-MAY,RURAL OFFICE OF COMM SRVCS,12037800,01,2026-08-05,428562,169844.6,08,SOCIAL SERVICES
2026-07-22,27SC082603-JUN1,RURAL OFFICE OF COMM SRVCS,12037800,01,2026-08-05,428565,45082.62,08,SOCIAL SERVICES
2026-07-22,27SC082607-JUN1,RURAL OFFICE OF COMM SRVCS,12037800,01,2026-08-05,428563,14693.79,08,SOCIAL SERVICES
2026-07-10,27SC193425-JUN26,RURAL OFFICE OF COMMUNITY SERV,12037800,A1,2026-08-05,418347,54580.0,19,HUMAN SERVICES
2026-04-28,DCM165172578,RURAL ROADS COUNSELING,12755020,,2026-08-05,419343,35.0,19,HUMAN SERVICES
2026-05-08,148475,RUSHMORE DENTAL PRODUCTS INC,12043851,,2026-08-05,418612,112.0,14,PUBLIC SAFETY
2026-07-08,47192,RUSHMORE EQUIPMENT,12366491,,2026-08-05,418618,150.0,14,PUBLIC SAFETY
2026-07-29,277907292026,RYAN BECKER,12754954,,2026-08-05,426542,395.0,27,UNIFIED JUDICIAL SYSTEMS
2026-06-30,41673 JUN26,S ELLWEIN INC,12044712,,2026-08-05,417117,78.0,10,LABOR AND REGULATION
2026-07-06,INWA06302026,S ELLWEIN INC,12044712,,2026-08-05,419559,182.5,31,SECRETARY OF STATE
2026-06-10,425094223,S&S HOSPITALITY INC,12247430,,2026-08-05,418977,110.0,09,HEALTH
2026-07-17,19928,SACRED HEART HEALTH SERVICES,12029786,,2026-08-05,418210,23494.95,18,CORRECTIONS
2026-07-17,19938,SACRED HEART HEALTH SERVICES,12029786,05,2026-08-05,418221,81.8,18,CORRECTIONS
2026-07-15,1229,SADDLE UP INC,12049883,,2026-08-05,421570,440.0,11,TRANSPORTATION
2026-07-13,90682,SAFE REFLECTIONS INC,12022881,,2026-08-05,418170,13125.0,18,CORRECTIONS
2026-07-05,INV-003074,SAGE WATER WORKS INC,12744700,,2026-08-05,419685,623.9,06,"GAME, FISH AND PARKS"
2026-08-03,M03700001,SAMMIS VETERINARY SERVICES PRO,12624248,,2026-08-05,M427827,622.73,03,AGRICULTURE & NAT. RESOURCES
2026-07-20,R27-15,"SAMUEL, RANI H",12593337,,2026-08-05,421150,600.0,19,HUMAN SERVICES
2026-07-09,162093579,SAN MAR CORPORATION,12738153,,2026-08-05,420011,480.36,18,CORRECTIONS
2026-07-10,162124742,SAN MAR CORPORATION,12738153,,2026-08-05,420012,7.23,18,CORRECTIONS
2026-07-14,162221915,SAN MAR CORPORATION,12738153,,2026-08-05,418175,2984.3,18,CORRECTIONS
2026-06-29,DCM172234766,SANFORD  HEALTH,12198121,,2026-08-05,421112,13.06,19,HUMAN SERVICES
2026-06-30,437802,SANFORD  HEALTH,12198121,,2026-08-05,419152,13.06,19,HUMAN SERVICES
2026-07-01,437849,SANFORD  HEALTH,12198121,,2026-08-05,419153,13.06,19,HUMAN SERVICES
2026-07-01,437851,SANFORD  HEALTH,12198121,,2026-08-05,419154,13.06,19,HUMAN SERVICES
2026-07-01,DCM173804222,SANFORD  HEALTH,12198121,,2026-08-05,419175,27.06,19,HUMAN SERVICES
2026-07-01,DCM173848313,SANFORD  HEALTH,12198121,,2026-08-05,421117,15.06,19,HUMAN SERVICES
2026-07-01,DCM173944163,SANFORD  HEALTH,12198121,,2026-08-05,421120,35.0,19,HUMAN SERVICES
2026-07-01,DCM173966219,SANFORD  HEALTH,12198121,,2026-08-05,421122,18.56,19,HUMAN SERVICES
2026-07-01,DCM174242105,SANFORD  HEALTH,12198121,,2026-08-05,419186,19.56,19,HUMAN SERVICES
2026-07-02,438051,SANFORD  HEALTH,12198121,,2026-08-05,418287,9.9,19,HUMAN SERVICES
2026-07-02,DCM173808744,SANFORD  HEALTH,12198121,,2026-08-05,419177,17.56,19,HUMAN SERVICES
2026-07-02,DCM173855250,SANFORD  HEALTH,12198121,,2026-08-05,419179,17.06,19,HUMAN SERVICES
2026-07-02,DCM174252062,SANFORD  HEALTH,12198121,,2026-08-05,419187,14.06,19,HUMAN SERVICES
2026-07-02,DCM174358745,SANFORD  HEALTH,12198121,,2026-08-05,419188,24.56,19,HUMAN SERVICES
2026-07-02,DCM174370486,SANFORD  HEALTH,12198121,,2026-08-05,419189,13.06,19,HUMAN SERVICES
2026-07-06,438177,SANFORD  HEALTH,12198121,,2026-08-05,419151,10.56,19,HUMAN SERVICES
2026-07-06,DCM174418447,SANFORD  HEALTH,12198121,,2026-08-05,419193,35.0,19,HUMAN SERVICES
2026-07-07,437959,SANFORD  HEALTH,12198121,,2026-08-05,418299,13.06,19,HUMAN SERVICES
2026-07-07,437976,SANFORD  HEALTH,12198121,,2026-08-05,418297,13.06,19,HUMAN SERVICES
2026-07-07,438263,SANFORD  HEALTH,12198121,,2026-08-05,418298,10.89,19,HUMAN SERVICES
2026-07-07,DCM173843016,SANFORD  HEALTH,12198121,,2026-08-05,419178,13.06,19,HUMAN SERVICES
2026-07-07,DCM173939043,SANFORD  HEALTH,12198121,,2026-08-05,419180,17.56,19,HUMAN SERVICES
2026-07-07,DCM174537552,SANFORD  HEALTH,12198121,,2026-08-05,419203,35.0,19,HUMAN SERVICES
2026-07-07,DCM174544094,SANFORD  HEALTH,12198121,,2026-08-05,419204,35.0,19,HUMAN SERVICES
2026-07-08,DCM174413790,SANFORD  HEALTH,12198121,,2026-08-05,419191,35.0,19,HUMAN SERVICES
2026-07-08,DCM174547851,SANFORD  HEALTH,12198121,,2026-08-05,419205,26.06,19,HUMAN SERVICES
2026-07-08,DCM174647599,SANFORD  HEALTH,12198121,,2026-08-05,419209,35.0,19,HUMAN SERVICES
2026-07-08,DCM174803106,SANFORD  HEALTH,12198121,,2026-08-05,419215,13.06,19,HUMAN SERVICES
2026-07-08,DCM175014702,SANFORD  HEALTH,12198121,,2026-08-05,419224,35.0,19,HUMAN SERVICES
2026-07-09,DCM175106085,SANFORD  HEALTH,12198121,,2026-08-05,419226,35.0,19,HUMAN SERVICES
2026-07-09,DCM175266372,SANFORD  HEALTH,12198121,,2026-08-05,419234,35.0,19,HUMAN SERVICES
2026-07-10,DCM174980422,SANFORD  HEALTH,12198121,,2026-08-05,419219,20.06,19,HUMAN SERVICES
2026-07-10,DCM175176183,SANFORD  HEALTH,12198121,,2026-08-05,419229,13.06,19,HUMAN SERVICES
2026-07-10,DCM175221761,SANFORD  HEALTH,12198121,,2026-08-05,419232,18.06,19,HUMAN SERVICES
2026-07-13,438604,SANFORD  HEALTH,12198121,,2026-08-05,418283,13.06,19,HUMAN SERVICES
2026-07-13,438644,SANFORD  HEALTH,12198121,,2026-08-05,4718281,13.06,19,HUMAN SERVICES
2026-07-14,438847,SANFORD  HEALTH,12198121,,2026-08-05,418338,6.93,19,HUMAN SERVICES
2026-07-15,438848,SANFORD  HEALTH,12198121,,2026-08-05,418301,13.06,19,HUMAN SERVICES
2026-07-15,438863,SANFORD  HEALTH,12198121,,2026-08-05,418302,3.96,19,HUMAN SERVICES
2026-07-15,438872,SANFORD  HEALTH,12198121,,2026-08-05,418323,13.06,19,HUMAN SERVICES
2026-07-15,438891,SANFORD  HEALTH,12198121,,2026-08-05,421031,9.24,19,HUMAN SERVICES
2026-07-15,438897,SANFORD  HEALTH,12198121,,2026-08-05,418300,13.06,19,HUMAN SERVICES
2026-07-15,438907,SANFORD  HEALTH,12198121,,2026-08-05,421032,13.06,19,HUMAN SERVICES
2026-07-16,438948,SANFORD  HEALTH,12198121,,2026-08-05,418285,12.21,19,HUMAN SERVICES
2026-07-16,438952,SANFORD  HEALTH,12198121,,2026-08-05,418286,10.89,19,HUMAN SERVICES
2026-07-17,439017,SANFORD  HEALTH,12198121,,2026-08-05,420161,13.06,19,HUMAN SERVICES
2026-07-17,DCM171310674A,SANFORD  HEALTH,12198121,,2026-08-05,421092,35.0,19,HUMAN SERVICES
2026-07-21,439087,SANFORD  HEALTH,12198121,,2026-08-05,420163,1.98,19,HUMAN SERVICES
2026-07-21,439253,SANFORD  HEALTH,12198121,,2026-08-05,421039,15.84,19,HUMAN SERVICES
2026-07-17,19917,SANFORD CLINIC,12049751,49,2026-08-05,418233,24094.41,18,CORRECTIONS
2026-07-17,19918,SANFORD MEDICAL CENTER,12029851,05,2026-08-05,418234,86911.78,18,CORRECTIONS
2026-07-10,DCC12114766,SANFORD MEDICAL CENTER,12029851,44,2026-08-05,419292,91.39,19,HUMAN SERVICES
2026-06-17,0000657,SANGSTER ENGINEERING LTD,CANADA,A6,2026-08-05,420999,2358.2,18,CORRECTIONS
2026-07-15,97684,SANITATION PRODUCTS INC,12027511,01,2026-08-05,421611,350.49,11,TRANSPORTATION
2026-07-01,11191502,SANTEL COMMUNICATIONS,12030068,,2026-08-05,420249,96.04,27,UNIFIED JUDICIAL SYSTEMS
2026-07-08,DCC11854086,SARAH E KONRADY,12695468,,2026-08-05,419321,663.18,19,HUMAN SERVICES
2026-07-08,DCC11973517,SARAH E KONRADY,12695468,,2026-08-05,419325,75.0,19,HUMAN SERVICES
2026-07-15,DCC11815067,SARAH E KONRADY,12695468,,2026-08-05,419319,663.18,19,HUMAN SERVICES
2026-07-15,DCC11926888,SARAH E KONRADY,12695468,,2026-08-05,419323,663.18,19,HUMAN SERVICES
2026-07-15,DCC11940836,SARAH E KONRADY,12695468,,2026-08-05,419324,379.49,19,HUMAN SERVICES
2026-07-14,21177,SCHERBENSKE AUTO REPAIR INC,12626006,,2026-08-05,420825,176.51,11,TRANSPORTATION
2026-06-13,0613,"SCHIFERL, JANICE M",12606025,,2026-08-05,418870,200.0,06,"GAME, FISH AND PARKS"
2026-07-20,082700216-OCT,"SCHIMKAT, JERRELL",12090872,01,2026-08-05,420767A,393.0,08,SOCIAL SERVICES
2026-07-09,90688344,SCHUMACHER ELEVATOR COMPANY,12024712,,2026-08-05,420095,964.0,19,HUMAN SERVICES
2026-08-03,M03700001,"SCOTT, JUSTIN R",12685982,,2026-08-05,M427827,766.71,03,AGRICULTURE & NAT. RESOURCES
2026-07-20,1219A,SD DEAF RESOURCES & OUTREACH,12700920,,2026-08-05,421187,59.17,19,HUMAN SERVICES
2026-07-20,1219AA,SD DEAF RESOURCES & OUTREACH,12700920,,2026-08-05,421198,59.17,19,HUMAN SERVICES
2026-07-20,1219AB,SD DEAF RESOURCES & OUTREACH,12700920,,2026-08-05,421199,118.34,19,HUMAN SERVICES
2026-07-20,1219AC,SD DEAF RESOURCES & OUTREACH,12700920,,2026-08-05,421200,118.34,19,HUMAN SERVICES
2026-07-20,1219AD,SD DEAF RESOURCES & OUTREACH,12700920,,2026-08-05,421201,118.34,19,HUMAN SERVICES
2026-07-20,1219AE,SD DEAF RESOURCES & OUTREACH,12700920,,2026-08-05,421202,71.0,19,HUMAN SERVICES
2026-07-20,1219AF,SD DEAF RESOURCES & OUTREACH,12700920,,2026-08-05,421204,88.76,19,HUMAN SERVICES
2026-07-20,1219AG,SD DEAF RESOURCES & OUTREACH,12700920,,2026-08-05,421203,29.59,19,HUMAN SERVICES
2026-07-20,1219AH,SD DEAF RESOURCES & OUTREACH,12700920,,2026-08-05,421205,118.34,19,HUMAN SERVICES
2026-07-20,1219AI,SD DEAF RESOURCES & OUTREACH,12700920,,2026-08-05,421206,88.76,19,HUMAN SERVICES
2026-07-20,1219AJ,SD DEAF RESOURCES & OUTREACH,12700920,,2026-08-05,421207,118.34,19,HUMAN SERVICES
2026-07-20,1219AK,SD DEAF RESOURCES & OUTREACH,12700920,,2026-08-05,421208,118.34,19,HUMAN SERVICES
2026-07-20,1219B,SD DEAF RESOURCES & OUTREACH,12700920,,2026-08-05,421188,473.36,19,HUMAN SERVICES
2026-07-20,1219C,SD DEAF RESOURCES & OUTREACH,12700920,,2026-08-05,421189,473.36,19,HUMAN SERVICES
2026-07-20,1219D,SD DEAF RESOURCES & OUTREACH,12700920,,2026-08-05,421190,118.34,19,HUMAN SERVICES
2026-07-20,1219E,SD DEAF RESOURCES & OUTREACH,12700920,,2026-08-05,421191,266.27,19,HUMAN SERVICES
2026-07-20,1219F,SD DEAF RESOURCES & OUTREACH,12700920,,2026-08-05,421192,147.93,19,HUMAN SERVICES
2026-07-20,1219G,SD DEAF RESOURCES & OUTREACH,12700920,,2026-08-05,421193,236.68,19,HUMAN SERVICES
2026-07-20,1219H,SD DEAF RESOURCES & OUTREACH,12700920,,2026-08-05,421194,236.68,19,HUMAN SERVICES
2026-07-20,1219I,SD DEAF RESOURCES & OUTREACH,12700920,,2026-08-05,421195,147.93,19,HUMAN SERVICES
2026-07-20,1219J,SD DEAF RESOURCES & OUTREACH,12700920,,2026-08-05,421196,118.34,19,HUMAN SERVICES
2026-07-20,1219K,SD DEAF RESOURCES & OUTREACH,12700920,,2026-08-05,421197,177.51,19,HUMAN SERVICES
2026-07-14,71426,SD DEVELOPMENTAL CENTER,STATE,41,2026-08-05,420113,77.7,19,HUMAN SERVICES
2026-07-07,10,SECO CONSTRUCTION INC,12038102,,2026-08-05,420024,200446.0,18,CORRECTIONS
2026-07-23,8717-23,SEIS PETROLEUM ENTERPRISES INC,12037602,,2026-08-05,421430,3236.67,03,AGRICULTURE & NAT. RESOURCES
2026-07-07,27SC193398-JUN26,SENIOR CITIZENS SERVICES INC,12032104,,2026-08-05,420094,10868.88,19,HUMAN SERVICES
2026-07-08,27SC193432-JUN26,SENIOR CITIZENS SERVICES INC,12032104,,2026-08-05,421170,13764.22,19,HUMAN SERVICES
2026-07-01,225,SEPPALA HEATING & AIR CONDITIO,12635737,,2026-08-05,419908,12760.0,11,TRANSPORTATION
2026-07-14,45076,SERVICE PLUS INC,12231101,,2026-08-05,420002,1308.46,14,PUBLIC SAFETY
2026-07-16,VRM260717401543,SESDAC INC,12033367,,2026-08-05,418260,75.53,19,HUMAN SERVICES
2026-07-16,VRM260717403744,SESDAC INC,12033367,,2026-08-05,418261,12.59,19,HUMAN SERVICES
2026-07-16,VRM260717403839,SESDAC INC,12033367,,2026-08-05,418262,289.52,19,HUMAN SERVICES
2026-07-16,VRM260717407140,SESDAC INC,12033367,,2026-08-05,418269,12.59,19,HUMAN SERVICES
2026-07-16,VRM260717407141,SESDAC INC,12033367,,2026-08-05,418268,516.09,19,HUMAN SERVICES
2026-07-16,VRM260717407155,SESDAC INC,12033367,,2026-08-05,418259,138.46,19,HUMAN SERVICES
2026-07-16,VRM260717407517,SESDAC INC,12033367,,2026-08-05,418258,113.29,19,HUMAN SERVICES
2026-07-16,VRM260717407626,SESDAC INC,12033367,,2026-08-05,418256,679.72,19,HUMAN SERVICES
2026-07-16,VRM260717407648,SESDAC INC,12033367,,2026-08-05,418264,138.46,19,HUMAN SERVICES
2026-07-16,VRM260717407673,SESDAC INC,12033367,,2026-08-05,418265,138.46,19,HUMAN SERVICES
2026-07-16,VRM260717407920,SESDAC INC,12033367,,2026-08-05,418257,113.29,19,HUMAN SERVICES
2026-07-16,VRM260717408105,SESDAC INC,12033367,,2026-08-05,418263,12.59,19,HUMAN SERVICES
2026-07-17,VRM260720405323,SESDAC INC,12033367,,2026-08-05,419240,1030.25,19,HUMAN SERVICES
2026-07-17,VRM260720405324,SESDAC INC,12033367,,2026-08-05,419238,516.09,19,HUMAN SERVICES
2026-07-17,VRM260720406433,SESDAC INC,12033367,,2026-08-05,419241,314.69,19,HUMAN SERVICES
2026-07-17,VRM260720408953,SESDAC INC,12033367,,2026-08-05,419239,314.7,19,HUMAN SERVICES
2026-07-20,570113,SESDAC INC,12033367,,2026-08-05,420087,465.0,19,HUMAN SERVICES
2026-07-21,VRM260722396516,SESDAC INC,12033367,,2026-08-05,421249,1030.25,19,HUMAN SERVICES
2026-07-21,VRM260722407831,SESDAC INC,12033367,,2026-08-05,421246,465.74,19,HUMAN SERVICES
2026-07-21,VRM260722409065,SESDAC INC,12033367,,2026-08-05,421245,47.21,19,HUMAN SERVICES
2026-07-13,74601,SEWER DUCK,12123562,,2026-08-05,418821,600.0,06,"GAME, FISH AND PARKS"
2026-07-09,74581,SEWER DUCK,12123562,,2026-08-05,419517,632.0,11,TRANSPORTATION
2026-07-09,74582,SEWER DUCK,12123562,,2026-08-05,419518,820.5,11,TRANSPORTATION
2026-07-08,AR-26378,SFM CONSULTING INC,12710892,,2026-08-05,420662,250.0,013,BUREAU OF INFORMATION & TECH
2026-06-26,69621,SHANE LILLEBO,12503200,,2026-08-05,419743,247.5,06,"GAME, FISH AND PARKS"
2026-06-30,69649,SHANE LILLEBO,12503200,,2026-08-05,419766,275.0,06,"GAME, FISH AND PARKS"
2026-07-14,69713,SHANE LILLEBO,12503200,,2026-08-05,419502,140.0,16,MILITARY
2026-07-17,2022G-ARP-192#23,SHARED RESOURCES INC,12681852,,2026-08-05,418507,206749.07,03,AGRICULTURE & NAT. RESOURCES
2026-06-30,DCM174399312,SHAREPRO HEALTH,12732579,,2026-08-05,421129,13.06,19,HUMAN SERVICES
2026-06-30,DCM174422144,SHAREPRO HEALTH,12732579,,2026-08-05,421130,13.06,19,HUMAN SERVICES
2026-06-30,DCM174426036,SHAREPRO HEALTH,12732579,,2026-08-05,421132,13.06,19,HUMAN SERVICES
2026-07-01,DCM173938628,SHAREPRO HEALTH,12732579,,2026-08-05,421119,13.06,19,HUMAN SERVICES
2026-07-01,DCM174499214,SHAREPRO HEALTH,12732579,,2026-08-05,421134,13.06,19,HUMAN SERVICES
2026-07-01,DCM174504780,SHAREPRO HEALTH,12732579,,2026-08-05,421135,13.06,19,HUMAN SERVICES
2026-08-04,M027BTR003,SHERMAN TOWN,12038176,,2026-08-05,M429214,39.96,02,REVENUE
2026-07-20,61584,SHERWOOD STULKEN,12041366,,2026-08-05,4211591,175.09,11,TRANSPORTATION
2026-07-09,512041,SHORT ELLIOTT HENDRICKSON INC,12021809,,2026-08-05,427855,28383.73,11,TRANSPORTATION
2026-07-22,1056588824,SHRI RAM HOSPITALITY LLC,12718888,,2026-08-05,421432,112.0,03,AGRICULTURE & NAT. RESOURCES
2026-07-14,1056147608,SHRI RAM HOSPITALITY LLC,12718888,,2026-08-05,419083,112.0,11,TRANSPORTATION
2026-07-14,1056147646,SHRI RAM HOSPITALITY LLC,12718888,,2026-08-05,419085,112.0,11,TRANSPORTATION
2025-12-01,984041667X,SHRI RAM HOSPITALITY LLC,12718888,,2026-08-05,419958,112.0,14,PUBLIC SAFETY
2025-12-01,991112239X,SHRI RAM HOSPITALITY LLC,12718888,,2026-08-05,419957,112.0,14,PUBLIC SAFETY
2026-07-16,1055545830,SHRI RAM HOSPITALITY LLC,12718888,,2026-08-05,419953,448.0,14,PUBLIC SAFETY
2026-04-27,DCM167759985,SHRINERS HOSPITAL FOR CHILDREN,12016948,16,2026-08-05,419294,35.0,19,HUMAN SERVICES
2026-07-28,210905726,"SIGLIN, PATTY A",12727227,,2026-08-05,426579,7694.82,11,TRANSPORTATION
2026-07-08,424276,SIGN SOLUTIONS USA LLC,12676974,,2026-08-05,421453,1081.21,11,TRANSPORTATION
2026-06-29,4626877,SIMON CONTRACTORS OF SD INC,12047408,,2026-08-05,419764,94.81,06,"GAME, FISH AND PARKS"
2026-07-01,DCM174569238,SIOUX FALLS CHIROPRACTIC PROF,12026644,,2026-08-05,421138,20.56,19,HUMAN SERVICES
2026-07-16,1000243680,SIOUX FALLS CONVENTN CTR HOTEL,12733099,,2026-08-05,419966,440.0,14,PUBLIC SAFETY
2026-07-16,1000243683,SIOUX FALLS CONVENTN CTR HOTEL,12733099,,2026-08-05,419965,440.0,14,PUBLIC SAFETY
2026-07-15,973921,SIOUX FALLS CONVENTN CTR HOTEL,12733099,,2026-08-05,420030,220.0,18,CORRECTIONS
2026-06-11,1000225922,SIOUX FALLS CONVENTN CTR HOTEL,12733099,,2026-08-05,418417,110.0,29,ATTORNEY GENERAL
2026-07-20,1975,SIOUX FALLS RUBBER STAMP,12036365,,2026-08-05,420369,26.45,03,AGRICULTURE & NAT. RESOURCES
2026-07-10,EM004563,SIOUX FALLS SPECIALTY HOSPITAL,12039607,02,2026-08-05,418185,720.0,18,CORRECTIONS
2026-07-13,14146367,SIOUX FALLS UTILITIES,12055054,06,2026-08-05,420735,18.02,010,GOVERNOR'S OFFICE
2026-07-13,14146367,SIOUX FALLS UTILITIES,12055054,06,2026-08-05,420735,13.25,012,BHRA ADMINISTRATION
2026-07-13,14146367,SIOUX FALLS UTILITIES,12055054,06,2026-08-05,420735,31.27,013,BUREAU OF INFORMATION & TECH
2026-07-13,14146367,SIOUX FALLS UTILITIES,12055054,06,2026-08-05,420735,45.09,02,REVENUE
2026-07-13,14146367,SIOUX FALLS UTILITIES,12055054,06,2026-08-05,420735,23.11,03,AGRICULTURE & NAT. RESOURCES
2026-07-14,14156048,SIOUX FALLS UTILITIES,12055054,06,2026-08-05,418805,257.12,06,"GAME, FISH AND PARKS"
2026-07-13,14146367,SIOUX FALLS UTILITIES,12055054,06,2026-08-05,420735,298.27,08,SOCIAL SERVICES
2026-07-13,14146367,SIOUX FALLS UTILITIES,12055054,06,2026-08-05,420735,133.94,09,HEALTH
2026-07-13,14146367,SIOUX FALLS UTILITIES,12055054,06,2026-08-05,420735,120.12,10,LABOR AND REGULATION
2026-07-13,14146367,SIOUX FALLS UTILITIES,12055054,06,2026-08-05,420735,1.14,12,EDUCATION
2026-07-13,14146367,SIOUX FALLS UTILITIES,12055054,06,2026-08-05,420735,37.61,14,PUBLIC SAFETY
2026-07-13,14146367,SIOUX FALLS UTILITIES,12055054,06,2026-08-05,420735,41.78,18,CORRECTIONS
2026-07-16,14153539,SIOUX FALLS UTILITIES,12055054,06,2026-08-05,419125,2342.86,18,CORRECTIONS
2026-07-16,14153540,SIOUX FALLS UTILITIES,12055054,06,2026-08-05,419124,35037.26,18,CORRECTIONS
2026-07-16,14153570,SIOUX FALLS UTILITIES,12055054,06,2026-08-05,419123,23591.5,18,CORRECTIONS
2026-07-13,14146367,SIOUX FALLS UTILITIES,12055054,06,2026-08-05,420735,89.55,19,HUMAN SERVICES
2026-07-13,14146367,SIOUX FALLS UTILITIES,12055054,06,2026-08-05,420735,18.43,27,UNIFIED JUDICIAL SYSTEMS
2026-08-03,M03700001,SIOUX NATION HOLDINGS INC,12242305,,2026-08-05,M427827,4621.05,03,AGRICULTURE & NAT. RESOURCES
2026-06-10,118213,SIOUX VALLEY COOPERATIVE,12030270,,2026-08-05,418794A,1553.31,06,"GAME, FISH AND PARKS"
2026-06-25,118611,SIOUX VALLEY COOPERATIVE,12030270,,2026-08-05,418795,1693.54,06,"GAME, FISH AND PARKS"
2026-06-29,118672,SIOUX VALLEY COOPERATIVE,12030270,,2026-08-05,418794,937.32,06,"GAME, FISH AND PARKS"
2026-07-01,118936,SIOUX VALLEY COOPERATIVE,12030270,,2026-08-05,418851,1342.35,06,"GAME, FISH AND PARKS"
2026-07-01,118937,SIOUX VALLEY COOPERATIVE,12030270,,2026-08-05,418796,995.88,06,"GAME, FISH AND PARKS"
2026-07-01,118951,SIOUX VALLEY COOPERATIVE,12030270,,2026-08-05,418850,889.14,06,"GAME, FISH AND PARKS"
2026-07-07,119067,SIOUX VALLEY COOPERATIVE,12030270,,2026-08-05,420478,1910.17,06,"GAME, FISH AND PARKS"
2026-07-15,119249,SIOUX VALLEY COOPERATIVE,12030270,,2026-08-05,419516,9599.1,11,TRANSPORTATION
2026-07-15,119286,SIOUX VALLEY COOPERATIVE,12030270,,2026-08-05,419515,5403.15,11,TRANSPORTATION
2026-07-16,119325,SIOUX VALLEY COOPERATIVE,12030270,,2026-08-05,418019,2524.8,11,TRANSPORTATION
2026-07-21,62111300-32,SIOUX VALLEY SOUTHWESTERN ELEC,12029084,,2026-08-05,420370,149.43,03,AGRICULTURE & NAT. RESOURCES
2026-07-14,61060700-0726,SIOUX VALLEY SOUTHWESTERN ELEC,12029084,01,2026-08-05,420826,118.17,11,TRANSPORTATION
2026-07-14,62150300-0726,SIOUX VALLEY SOUTHWESTERN ELEC,12029084,01,2026-08-05,420827,76.92,11,TRANSPORTATION
2026-07-14,62180900-0726,SIOUX VALLEY SOUTHWESTERN ELEC,12029084,01,2026-08-05,420828,75.13,11,TRANSPORTATION
2026-07-14,64181000-0726,SIOUX VALLEY SOUTHWESTERN ELEC,12029084,01,2026-08-05,420829,118.43,11,TRANSPORTATION
2026-07-14,64190900-0726,SIOUX VALLEY SOUTHWESTERN ELEC,12029084,01,2026-08-05,420830,92.04,11,TRANSPORTATION
2026-07-14,91060500-0726,SIOUX VALLEY SOUTHWESTERN ELEC,12029084,01,2026-08-05,420831,86.79,11,TRANSPORTATION
2026-07-14,91180100-0726,SIOUX VALLEY SOUTHWESTERN ELEC,12029084,01,2026-08-05,420932,531.93,11,TRANSPORTATION
2026-07-14,91180800-0726,SIOUX VALLEY SOUTHWESTERN ELEC,12029084,01,2026-08-05,420833,94.47,11,TRANSPORTATION
2026-07-14,211270100-071426,SIOUX VALLEY SOUTHWESTERN ELEC,12029084,,2026-08-05,419928,619.43,14,PUBLIC SAFETY
2026-07-22,213295,SISSON PRINTING INC,12040168,,2026-08-05,420341,112.57,010,GOVERNOR'S OFFICE
2026-07-17,VRM260717407883,"SKJONSBERG HULL, KRISTY",12067367,,2026-08-05,418311,100.0,19,HUMAN SERVICES
2026-06-29,371986,SLAGELS INC,12154793,,2026-08-05,418109,139.96,17,VETERANS' AFFAIRS
2026-06-29,372008,SLAGELS INC,12154793,,2026-08-05,418110,30.73,17,VETERANS' AFFAIRS
2026-07-20,VRM260722408709,SLINGSBY & HUOT EYE ASSOCIATES,12585179,,2026-08-05,421034,13.06,19,HUMAN SERVICES
2026-07-20,VRM260722408931,SLINGSBY & HUOT EYE ASSOCIATES,12585179,,2026-08-05,421035,13.06,19,HUMAN SERVICES
2026-07-21,126,"SMIT, KALEB",12755624,,2026-08-05,421425,250000.0,03,AGRICULTURE & NAT. RESOURCES
2026-07-20,R27-2,"SMITH, LYNN",12094967,,2026-08-05,421155,600.0,19,HUMAN SERVICES
2026-08-03,M03700001,"SMITH, ROCKIE L DR",12108348,,2026-08-05,M427827,361.62,03,AGRICULTURE & NAT. RESOURCES
2026-07-22,VRM260722409060,"SMITH, RONDA",12750222,,2026-08-05,421040,100.0,19,HUMAN SERVICES
2026-07-09,1053034654,SODACO INC,12492789,,2026-08-05,418495,162.0,03,AGRICULTURE & NAT. RESOURCES
2026-06-11,81933EE063201,SODACO INC,12492789,A0,2026-08-05,419078,482.0,11,TRANSPORTATION
2026-06-11,81933EE063202,SODACO INC,12492789,A0,2026-08-05,419075,482.0,11,TRANSPORTATION
2026-06-11,81933EE063203,SODACO INC,12492789,A0,2026-08-05,419076,482.0,11,TRANSPORTATION
2026-07-15,81933EE064029,SODACO INC,12492789,A0,2026-08-05,419520,162.0,11,TRANSPORTATION
2026-07-15,81933EE064362,SODACO INC,12492789,A0,2026-08-05,419519,162.0,11,TRANSPORTATION
2026-07-30,09VP-01,SOLAR SOUND CORP,12030788,01,2026-08-05,426593,1500.0,11,TRANSPORTATION
2026-06-12,81708880,"SOLBERG, LLOYD E",12305265,,2026-08-05,420652,550.0,011,BUREAU OF FINANCE & MANAGEMENT
2026-06-12,81709258,"SOLBERG, LLOYD E",12305265,,2026-08-05,421410,550.0,02,REVENUE
2026-06-12,1038730037,"SOLBERG, LLOYD E",12305265,,2026-08-05,421428,550.0,03,AGRICULTURE & NAT. RESOURCES
2026-07-14,1047071040,"SOLBERG, LLOYD E",12305265,,2026-08-05,419907,110.0,11,TRANSPORTATION
2026-05-29,VRM260722400500,SOUTH DAKOTA ACHIEVE,12012500,,2026-08-05,421222,1017.25,19,HUMAN SERVICES
2026-06-30,VRM260717408918,SOUTH DAKOTA ACHIEVE,12012500,,2026-08-05,418277,1791.33,19,HUMAN SERVICES
2026-06-30,VRM260717408919,SOUTH DAKOTA ACHIEVE,12012500,,2026-08-05,418278,188.82,19,HUMAN SERVICES
2026-07-16,27SC08A304-JUL1,SOUTH DAKOTA ANESTHESIA SERVIC,12028065,02,2026-08-05,418938,10166.0,08,SOCIAL SERVICES
2026-07-06,26329,SOUTH DAKOTA ASSN OF RURAL,12034859,,2026-08-05,426539,24000.0,03,AGRICULTURE & NAT. RESOURCES
2026-07-28,21658,SOUTH DAKOTA ASSN OF RURAL,12034859,,2026-08-05,426538,10833.0,03,AGRICULTURE & NAT. RESOURCES
2026-07-28,21659,SOUTH DAKOTA ASSN OF RURAL,12034859,,2026-08-05,426537,10833.0,03,AGRICULTURE & NAT. RESOURCES
2026-07-15,8516,SOUTH DAKOTA BANKERS ASSOC,12029097,,2026-08-05,417113,950.0,10,LABOR AND REGULATION
2026-07-07,VOUCHER 29,SOUTH DAKOTA DISCOVERY CENTER,12017736,,2026-08-05,419443,10.0,03,AGRICULTURE & NAT. RESOURCES
2026-07-07,VOUCHER 29,SOUTH DAKOTA DISCOVERY CENTER,12017736,,2026-08-05,419443,20204.31,03,AGRICULTURE & NAT. RESOURCES
2026-07-16,0626CON271122,SOUTH DAKOTA FOUNDATION FOR,12056612,,2026-08-05,419869,57068.23,09,HEALTH
2026-07-08,27SC193274-JUN26,SOUTH DAKOTA FOUNDATION FOR,12056612,,2026-08-05,427842,320.22,19,HUMAN SERVICES
2026-07-01,7262,SOUTH DAKOTA LUMBER & DESIGN,12728330,,2026-08-05,419467,31130.25,06,"GAME, FISH AND PARKS"
2026-07-16,2026-FEB-38,SOUTH DAKOTA NETWORK AGAINST,12017866,,2026-08-05,418607,29672.94,14,PUBLIC SAFETY
2026-07-16,20449,SOUTH DAKOTA NEWSPAPER SERV,12029665,,2026-08-05,421429,107.22,03,AGRICULTURE & NAT. RESOURCES
2026-07-15,4004,SOUTH DAKOTA PUBLISHING LLC,12518929,,2026-08-05,418736,1870.0,04,TOURISM
2026-07-22,2027053,SOUTH DAKOTA SPECIALTY,12025889,,2026-08-05,421427,4807.94,03,AGRICULTURE & NAT. RESOURCES
2026-07-14,20260714-00002,SOUTHEAST TECHNICAL INSTITUTE,12055738,11,2026-08-05,418751,100.0,012,BHRA ADMINISTRATION
2026-07-05,7097,SOUTHEASTERN BEHAV HLTHCARE,12029954,03,2026-08-05,418336,1246.44,19,HUMAN SERVICES
2026-07-05,7098,SOUTHEASTERN BEHAV HLTHCARE,12029954,03,2026-08-05,418315,3266.64,19,HUMAN SERVICES
2026-07-05,7099,SOUTHEASTERN BEHAV HLTHCARE,12029954,03,2026-08-05,418329,31.47,19,HUMAN SERVICES
2026-07-05,7100A,SOUTHEASTERN BEHAV HLTHCARE,12029954,03,2026-08-05,418327,384.66,19,HUMAN SERVICES
2026-07-05,7100B,SOUTHEASTERN BEHAV HLTHCARE,12029954,03,2026-08-05,418328,157.35,19,HUMAN SERVICES
2026-07-05,7101A,SOUTHEASTERN BEHAV HLTHCARE,12029954,03,2026-08-05,4183347,447.6,19,HUMAN SERVICES
2026-07-05,7101B,SOUTHEASTERN BEHAV HLTHCARE,12029954,03,2026-08-05,418314,31.47,19,HUMAN SERVICES
2026-07-05,7102A,SOUTHEASTERN BEHAV HLTHCARE,12029954,03,2026-08-05,418313,1287.81,19,HUMAN SERVICES
2026-07-05,7102B,SOUTHEASTERN BEHAV HLTHCARE,12029954,03,2026-08-05,418332,31.47,19,HUMAN SERVICES
2026-07-05,7103A,SOUTHEASTERN BEHAV HLTHCARE,12029954,03,2026-08-05,418325,1287.81,19,HUMAN SERVICES
2026-07-05,7103B,SOUTHEASTERN BEHAV HLTHCARE,12029954,03,2026-08-05,418326,62.94,19,HUMAN SERVICES
2026-07-05,7104,SOUTHEASTERN BEHAV HLTHCARE,12029954,03,2026-08-05,418330,1287.81,19,HUMAN SERVICES
2026-07-05,7105A,SOUTHEASTERN BEHAV HLTHCARE,12029954,03,2026-08-05,419237,125.88,19,HUMAN SERVICES
2026-07-05,7105B,SOUTHEASTERN BEHAV HLTHCARE,12029954,03,2026-08-05,418333,287.17,19,HUMAN SERVICES
2026-07-05,7106,SOUTHEASTERN BEHAV HLTHCARE,12029954,03,2026-08-05,418337,15.74,19,HUMAN SERVICES
2026-07-05,7107,SOUTHEASTERN BEHAV HLTHCARE,12029954,03,2026-08-05,418324,62.94,19,HUMAN SERVICES
2026-07-05,7108,SOUTHEASTERN BEHAV HLTHCARE,12029954,03,2026-08-05,418335,15.74,19,HUMAN SERVICES
2026-07-05,7109,SOUTHEASTERN BEHAV HLTHCARE,12029954,03,2026-08-05,421025,713.03,19,HUMAN SERVICES
2026-07-05,VRM260716403976,SOUTHEASTERN BEHAV HLTHCARE,12029954,03,2026-08-05,418331,47.21,19,HUMAN SERVICES
2026-06-30,27SC08B340-JUN,SOUTHEASTERN BEHAVIORAL,12029954,,2026-08-05,418939,28506.02,08,SOCIAL SERVICES
2026-07-13,27SC08B309-JUN,SOUTHEASTERN BEHAVIORAL,12029954,,2026-08-05,418932,27106.66,08,SOCIAL SERVICES
2026-07-22,27SC08B309260722,SOUTHEASTERN BEHAVIORAL,12029954,,2026-08-05,420755,55410.04,08,SOCIAL SERVICES
2026-07-22,27SC08C340260722,SOUTHEASTERN BEHAVIORAL,12029954,,2026-08-05,420723,420.0,08,SOCIAL SERVICES
2026-07-20,570110,SOUTHEASTERN BEHAVIORAL,12029954,,2026-08-05,420084,1297.5,19,HUMAN SERVICES
2026-07-13,DRGCT 05.2026.05,SOUTHEASTERN BEHAVIORAL,12029954,,2026-08-05,421268,663.45,27,UNIFIED JUDICIAL SYSTEMS
2026-07-13,DRGCT 06.2026.01,SOUTHEASTERN BEHAVIORAL,12029954,,2026-08-05,421267,4124.43,27,UNIFIED JUDICIAL SYSTEMS
2026-07-13,DRGCT 06.2026.02,SOUTHEASTERN BEHAVIORAL,12029954,,2026-08-05,421344,5052.08,27,UNIFIED JUDICIAL SYSTEMS
2026-07-13,DRGCT 06.2026.03,SOUTHEASTERN BEHAVIORAL,12029954,,2026-08-05,421266,982.98,27,UNIFIED JUDICIAL SYSTEMS
2026-07-13,DRGCT 06.2026.04,SOUTHEASTERN BEHAVIORAL,12029954,,2026-08-05,421350,912.96,27,UNIFIED JUDICIAL SYSTEMS
2026-07-13,DUICT 04.2026.07,SOUTHEASTERN BEHAVIORAL,12029954,,2026-08-05,421257,1127.48,27,UNIFIED JUDICIAL SYSTEMS
2026-07-13,DUICT 05.2026.05,SOUTHEASTERN BEHAVIORAL,12029954,,2026-08-05,421258,641.75,27,UNIFIED JUDICIAL SYSTEMS
2026-07-13,DUICT 06.2026.01,SOUTHEASTERN BEHAVIORAL,12029954,,2026-08-05,421341,5055.51,27,UNIFIED JUDICIAL SYSTEMS
2026-07-13,DUICT 06.2026.02,SOUTHEASTERN BEHAVIORAL,12029954,,2026-08-05,421342,3919.41,27,UNIFIED JUDICIAL SYSTEMS
2026-07-13,DUICT 06.2026.03,SOUTHEASTERN BEHAVIORAL,12029954,,2026-08-05,421343,4842.37,27,UNIFIED JUDICIAL SYSTEMS
2026-07-13,DUICT 06.2026.04,SOUTHEASTERN BEHAVIORAL,12029954,,2026-08-05,421353,1141.2,27,UNIFIED JUDICIAL SYSTEMS
2026-07-23,2026-121,SOUTHEASTERN COUNCIL OF GOVTS,12032140,,2026-08-05,421407,7500.0,010,GOVERNOR'S OFFICE
2026-07-23,2027106,SOUTHEASTERN COUNCIL OF GOVTS,12032140,,2026-08-05,421418,4300.0,03,AGRICULTURE & NAT. RESOURCES
2026-05-08,24350,SOUTHERN MISSOURI RECYCLING &,12044962,,2026-08-05,421491,9.6,11,TRANSPORTATION
2026-07-02,27SC08B343-JUN,SOUTHERN PLAINS BEHAVIORAL,12033134,,2026-08-05,419845,8157.27,08,SOCIAL SERVICES
2026-07-06,27SC08B310-JUN,SOUTHERN PLAINS BEHAVIORAL,12033134,,2026-08-05,418933,3767.5,08,SOCIAL SERVICES
2026-07-10,27SC08B333-JUN,SOUTHERN PLAINS BEHAVIORAL,12033134,,2026-08-05,419846,40977.39,08,SOCIAL SERVICES
2026-07-22,27SC08B310260722,SOUTHERN PLAINS BEHAVIORAL,12033134,,2026-08-05,420756,16508.61,08,SOCIAL SERVICES
2026-06-29,DCM174196108,SOUTHERN PLAINS BEHAVIORAL,12033134,,2026-08-05,421126,13.06,19,HUMAN SERVICES
2026-07-13,WF2680187,SPEARFISH CANYON FIRE PROTECTN,12118048,,2026-08-05,419939,2035.51,14,PUBLIC SAFETY
2026-07-24,02932707,SPEARFISH ECONOMIC DEV CORP,12302552,,2026-08-05,427419,270.6,012,BHRA ADMINISTRATION
2026-07-24,02932707,SPEARFISH ECONOMIC DEV CORP,12302552,,2026-08-05,427419,9621.7,02,REVENUE
2026-07-24,02932707,SPEARFISH ECONOMIC DEV CORP,12302552,,2026-08-05,427419,590.7,10,LABOR AND REGULATION
2026-07-20,AUG2026RENT,SPEARFISH ECONOMIC DEV CORP,12302552,,2026-08-05,420134,4494.84,19,HUMAN SERVICES
2026-07-24,02932707,SPEARFISH ECONOMIC DEV CORP,12302552,,2026-08-05,427419,269.5,19,HUMAN SERVICES
2026-07-04,1499381,SPEE DEE DELIVERY SERVICE INC,12022334,,2026-08-05,420645,3516.32,012,BHRA ADMINISTRATION
2026-07-15,1509750,SPEE DEE DELIVERY SERVICE INC,12022334,,2026-08-05,418758,111.1,028,LOTTERY
2026-07-16,1509842,SPEE DEE DELIVERY SERVICE INC,12022334,,2026-08-05,418758A,954.45,028,LOTTERY
2026-07-18,1510643,SPEE DEE DELIVERY SERVICE INC,12022334,,2026-08-05,419665,1979.6,028,LOTTERY
2026-07-11,1506391,SPEE DEE DELIVERY SERVICE INC,12022334,,2026-08-05,419000,1529.74,09,HEALTH
2026-07-11,1507277,SPEE DEE DELIVERY SERVICE INC,12022334,,2026-08-05,418997,41.13,09,HEALTH
2026-07-18,1510064,SPEE DEE DELIVERY SERVICE INC,12022334,,2026-08-05,420509,41.04,09,HEALTH
2026-07-18,1510880,SPEE DEE DELIVERY SERVICE INC,12022334,,2026-08-05,420510,1668.32,09,HEALTH
2026-08-04,M027BTR003,SPENCER-TOWN OF,12055086,,2026-08-05,M429214,173.72,02,REVENUE
2026-07-14,0626CON261343,SPINK COUNTY AUDITOR,12055020,02,2026-08-05,418961,5725.0,09,HEALTH
2026-07-13,S012124397.001,SPRINGFIELD ELECTRIC SUPPLY CO,12750036,,2026-08-05,419822,656.64,08,SOCIAL SERVICES
2026-07-28,104,SQUEAKY CLEAN INCORPORATED,12430901,,2026-08-05,427848,2000.0,11,TRANSPORTATION
2026-07-10,DCC12119812,ST BENEDICT HEALTH CENTER,12029811,A2,2026-08-05,420168,744.85,19,HUMAN SERVICES
2026-07-17,19920,ST MICHAELS HOSPITAL,12029782,,2026-08-05,418223,89.77,18,CORRECTIONS
2026-07-17,19944,ST MICHAELS HOSPITAL,12029782,01,2026-08-05,418225,52.43,18,CORRECTIONS
2026-07-20,AUG2026RENT,"STAMPE, TIM J",12106119,,2026-08-05,420129,11433.33,19,HUMAN SERVICES
2026-08-04,M027BTR003,STANDING ROCK SIOUX TRIBE,12027177,,2026-08-05,M429214,122114.45,02,REVENUE
2026-07-14,DCC12011357,STANFORD-ROLAND HEARING &,12038541,01,2026-08-05,419379,82.9,19,HUMAN SERVICES
2026-07-15,JUN2026-4,"STANGL, ROBERT J",12667029,,2026-08-05,418735,249.98,04,TOURISM
2026-07-15,6068734656,STAPLES INC,12171650,,2026-08-05,417118,95.56,10,LABOR AND REGULATION
2026-07-17,6068902904,STAPLES INC,12171650,,2026-08-05,419884,225.41,10,LABOR AND REGULATION
2026-07-03,6068065656,STAPLES INC,12171650,,2026-08-05,421457,217.08,11,TRANSPORTATION
2026-07-03,6068065657,STAPLES INC,12171650,,2026-08-05,421464,2629.8,11,TRANSPORTATION
2026-07-07,6068210755,STAPLES INC,12171650,,2026-08-05,417871,-73.18,11,TRANSPORTATION
2026-06-27,6067302125,STAPLES INC,12171650,,2026-08-05,4718106,828.57,17,VETERANS' AFFAIRS
2026-07-02,0209552,STAR LAUNDRY & DRY CLEANERS,12034878,,2026-08-05,418853,46.09,06,"GAME, FISH AND PARKS"
2026-07-02,0209558,STAR LAUNDRY & DRY CLEANERS,12034878,,2026-08-05,418852,58.78,06,"GAME, FISH AND PARKS"
2026-07-01,162170245,STAR LAUNDRY & DRY CLEANERS,12034878,,2026-08-05,418087,116.0,16,MILITARY
2026-06-30,395-0000446524,STATE OF WISCONSIN TRANSP DEPT,12020600,,2026-08-05,419071,560.37,11,TRANSPORTATION
2026-07-31,E0970052CON27008,STATISTICAL CONSULTING SERVICE,12737808,,2026-08-05,427833,0.0,09,HEALTH
2026-07-02,196081,STEP SAVER INC,12379504,,2026-08-05,421010,980.84,18,CORRECTIONS
2026-07-15,71519,STERN OIL COMPANY INC,12036633,,2026-08-05,419501,70.1,16,MILITARY
2026-06-30,0630A,STEVEN LUST AUTOMOTIVE,12029402,01,2026-08-05,418591,208.12,14,PUBLIC SAFETY
2026-07-15,1925360,STREET SMART RENTALS LLC,12432276,,2026-08-05,421613,167.5,11,TRANSPORTATION
2026-06-24,I1834123,STREICHERS,12022224,,2026-08-05,421537,275.35,14,PUBLIC SAFETY
2025-10-24,DCM147307672,STURGIS CHIROPRACTIC PC,12008199,,2026-08-05,419335,13.06,19,HUMAN SERVICES
2025-10-29,DCM146564589,STURGIS CHIROPRACTIC PC,12008199,,2026-08-05,419334,13.06,19,HUMAN SERVICES
2025-11-25,DCM150601418,STURGIS CHIROPRACTIC PC,12008199,,2026-08-05,419336,13.06,19,HUMAN SERVICES
2026-08-04,M027BTR003,STURGIS CITY OF,12055103,06,2026-08-05,M429214,62850.75,02,REVENUE
2026-07-20,1218049,SUDS & DUDS INC,12049672,,2026-08-05,419437,31.29,02,REVENUE
2026-07-20,1218049,SUDS & DUDS INC,12049672,,2026-08-05,419437,31.29,028,LOTTERY
2026-06-30,11211511,SUDS & DUDS INC,12049672,,2026-08-05,420402,22.82,03,AGRICULTURE & NAT. RESOURCES
2026-07-14,1216358,SUDS & DUDS INC,12049672,,2026-08-05,420390,44.0,03,AGRICULTURE & NAT. RESOURCES
2026-07-14,1216359,SUDS & DUDS INC,12049672,,2026-08-05,420401,22.82,03,AGRICULTURE & NAT. RESOURCES
2026-06-25,S1210546,SUDS & DUDS INC,12049672,,2026-08-05,419687,115.29,06,"GAME, FISH AND PARKS"
2026-07-06,1212932,SUDS & DUDS INC,12049672,,2026-08-05,419684,183.21,06,"GAME, FISH AND PARKS"
2026-07-06,1213058,SUDS & DUDS INC,12049672,,2026-08-05,419688,194.76,06,"GAME, FISH AND PARKS"
2026-07-13,1215512,SUDS & DUDS INC,12049672,,2026-08-05,418856,52.96,06,"GAME, FISH AND PARKS"
2026-07-14,1216457,SUDS & DUDS INC,12049672,,2026-08-05,420461,262.75,06,"GAME, FISH AND PARKS"
2026-07-16,1217389,SUDS & DUDS INC,12049672,,2026-08-05,419763,93.58,06,"GAME, FISH AND PARKS"
2026-07-06,1210119,SUDS & DUDS INC,12049672,,2026-08-05,418923,81.1,08,SOCIAL SERVICES
2026-07-14,1216370,SUDS & DUDS INC,12049672,,2026-08-05,418925,15.08,08,SOCIAL SERVICES
2026-07-14,1216450,SUDS & DUDS INC,12049672,,2026-08-05,418924,28.07,08,SOCIAL SERVICES
2026-07-20,1218050,SUDS & DUDS INC,12049672,,2026-08-05,420764,124.48,08,SOCIAL SERVICES
2026-07-14,1216361,SUDS & DUDS INC,12049672,,2026-08-05,417109,44.03,10,LABOR AND REGULATION
2026-07-20,1218046,SUDS & DUDS INC,12049672,,2026-08-05,419885,60.12,10,LABOR AND REGULATION
2026-07-07,1213780,SUDS & DUDS INC,12049672,,2026-08-05,418064,70.37,11,TRANSPORTATION
2026-07-07,1213811,SUDS & DUDS INC,12049672,,2026-08-05,418065,57.93,11,TRANSPORTATION
2026-07-07,1213825,SUDS & DUDS INC,12049672,,2026-08-05,418066,15.11,11,TRANSPORTATION
2026-07-14,1215936,SUDS & DUDS INC,12049672,,2026-08-05,420840,121.0,11,TRANSPORTATION
2026-07-14,1216271,SUDS & DUDS INC,12049672,,2026-08-05,421620,24.1,11,TRANSPORTATION
2026-07-14,1216455,SUDS & DUDS INC,12049672,,2026-08-05,418063,143.32,11,TRANSPORTATION
2026-07-20,1217979,SUDS & DUDS INC,12049672,,2026-08-05,421580,41.82,11,TRANSPORTATION
2026-07-21,1218872,SUDS & DUDS INC,12049672,,2026-08-05,421581,14.46,11,TRANSPORTATION
2026-07-21,1218898,SUDS & DUDS INC,12049672,,2026-08-05,421582,26.99,11,TRANSPORTATION
2026-07-14,1216379,SUDS & DUDS INC,12049672,,2026-08-05,419955,22.17,14,PUBLIC SAFETY
2026-07-14,1216458,SUDS & DUDS INC,12049672,,2026-08-05,418651,24.6,14,PUBLIC SAFETY
2026-07-06,162170247,SUDS & DUDS INC,12049672,,2026-08-05,418089,3.07,16,MILITARY
2026-07-06,162170248,SUDS & DUDS INC,12049672,,2026-08-05,418090,68.51,16,MILITARY
2026-07-06,162170249,SUDS & DUDS INC,12049672,,2026-08-05,418091,60.4,16,MILITARY
2026-07-06,162170250,SUDS & DUDS INC,12049672,,2026-08-05,418092,60.0,16,MILITARY
2026-07-14,1216370,SUDS & DUDS INC,12049672,,2026-08-05,418925,2.27,19,HUMAN SERVICES
2026-07-14,1216450,SUDS & DUDS INC,12049672,,2026-08-05,418924,3.75,19,HUMAN SERVICES
2026-07-20,1218046,SUDS & DUDS INC,12049672,,2026-08-05,419885,16.56,19,HUMAN SERVICES
2026-07-22,1218949,SUDS & DUDS INC,12049672,,2026-08-05,419901,48.2,25,RETIREMENT SYSTEM
2026-07-21,1218948,SUDS & DUDS INC,12049672,,2026-08-05,421256,57.92,27,UNIFIED JUDICIAL SYSTEMS
2026-07-09,4247873,SUMMIT FIRE PROTECTION,12605109,,2026-08-05,418847,131.45,06,"GAME, FISH AND PARKS"
2026-07-20,VRM260720408983,SUMMIT SCHOOL DISTRICT 54-6,12055794,,2026-08-05,419150,300.0,19,HUMAN SERVICES
2026-07-20,AUG2026RENT,SUNMART HOLDINGS LLC,12627248,,2026-08-05,420135,5745.0,19,HUMAN SERVICES
2026-07-16,31881,SUNMASTERS AUTO LLC,12708009,,2026-08-05,419977,360.0,14,PUBLIC SAFETY
2026-07-17,19947,SURGICAL INSTITUTE OF S DAKOTA,12040565,,2026-08-05,418235,1123.9,18,CORRECTIONS
2026-06-16,0616,"SWANSON, THERESA A",12684701,,2026-08-05,418793,200.46,06,"GAME, FISH AND PARKS"
2026-04-26,43893936,SYMS LLC,12002226,,2026-08-05,418611,224.0,14,PUBLIC SAFETY
2026-08-04,2608CON270669,SYNTECH DATA LLC,12210245,,2026-08-05,428582,9041.67,09,HEALTH
2026-06-09,INVIL112452,SYSAID TECHNOLOGIES LTD,FOREIGN,A7,2026-08-05,421553,11158.0,281,LEGISLATIVE RESEARCH COUNCIL
2026-08-03,05HN-35,T & R CONTRACTING INC,12049448,,2026-08-05,427871,4501544.62,11,TRANSPORTATION
2026-07-09,260378,T&H WELDING LLP,12123638,,2026-08-05,418801,1454.74,06,"GAME, FISH AND PARKS"
2026-07-11,979882448-071126,T-MOBILE USA INC,12560230,01,2026-08-05,419657,72.03,013,BUREAU OF INFORMATION & TECH
2026-07-01,27SC193394-JUN26,TELNET WORLDWIDE INC,12733033,,2026-08-05,427843,8250.0,19,HUMAN SERVICES
2026-08-03,M03700001,"TESCH, LEROY D",12073785,,2026-08-05,M427827,1076.49,03,AGRICULTURE & NAT. RESOURCES
2026-07-07,IJ17558531,TEXTRON AVIATION INC,12558363,,2026-08-05,419067,51.31,11,TRANSPORTATION
2026-06-19,72126-1,THAD J GRIMSRUD,12755496,,2026-08-05,419408,517.5,30,SCHOOL & PUBLIC LANDS
2026-06-30,204071,THE AMBLE GROUP INC,12677394,,2026-08-05,419509,23.98,11,TRANSPORTATION
2026-07-01,204190,THE AMBLE GROUP INC,12677394,,2026-08-05,419508,121.97,11,TRANSPORTATION
2026-07-08,204956,THE AMBLE GROUP INC,12677394,,2026-08-05,419510,79.59,11,TRANSPORTATION
2026-07-13,830669,THE AMBLE GROUP INC,12677394,,2026-08-05,421461,12.21,11,TRANSPORTATION
2026-07-14,556159,THE AMBLE GROUP INC,12677394,,2026-08-05,420809,58.15,11,TRANSPORTATION
2026-07-14,556173,THE AMBLE GROUP INC,12677394,,2026-08-05,419068,47.34,11,TRANSPORTATION
2026-07-14,830688,THE AMBLE GROUP INC,12677394,,2026-08-05,421462,42.01,11,TRANSPORTATION
2026-07-14,830700,THE AMBLE GROUP INC,12677394,,2026-08-05,421463,50.83,11,TRANSPORTATION
2026-07-15,331021,THE AMBLE GROUP INC,12677394,,2026-08-05,418021,45.44,11,TRANSPORTATION
2026-07-16,HB1221-MAR-1440,THE COMPASS CENTER,12035823,01,2026-08-05,418608,27988.31,14,PUBLIC SAFETY
2026-06-12,277906122026,THE COUNSELING CAFE LLC,12692411,,2026-08-05,420235,179.4,27,UNIFIED JUDICIAL SYSTEMS
2026-07-01,27SC082001-JUN,THE LAW OFFICE JEREMIAH WOLSK,12725449,,2026-08-05,426047,1665.0,08,SOCIAL SERVICES
2026-07-22,30454,THE RAMKOTA COMPANIES INC,12031730,A3,2026-08-05,420343,112.0,010,GOVERNOR'S OFFICE
2026-07-22,33623,THE RAMKOTA COMPANIES INC,12031730,A3,2026-08-05,420342,112.0,010,GOVERNOR'S OFFICE
2026-07-09,31199,THE RAMKOTA COMPANIES INC,12031730,A3,2026-08-05,418753,336.0,012,BHRA ADMINISTRATION
2026-07-21,33300,THE RAMKOTA COMPANIES INC,12031730,A3,2026-08-05,421690,224.0,012,BHRA ADMINISTRATION
2026-07-16,33419,THE RAMKOTA COMPANIES INC,12031730,A3,2026-08-05,419464,112.0,06,"GAME, FISH AND PARKS"
2026-07-15,120327,THE RAMKOTA COMPANIES INC,12031730,A3,2026-08-05,418733,112.0,07,TRIBAL RELATIONS
2026-06-05,30155,THE RAMKOTA COMPANIES INC,12031730,A3,2026-08-05,420737,112.0,08,SOCIAL SERVICES
2026-06-05,30156,THE RAMKOTA COMPANIES INC,12031730,A3,2026-08-05,420742,112.0,08,SOCIAL SERVICES
2026-06-05,30158,THE RAMKOTA COMPANIES INC,12031730,A3,2026-08-05,420739,112.0,08,SOCIAL SERVICES
2026-06-05,30159,THE RAMKOTA COMPANIES INC,12031730,A3,2026-08-05,420738,112.0,08,SOCIAL SERVICES
2026-06-05,30169,THE RAMKOTA COMPANIES INC,12031730,A3,2026-08-05,420744,112.0,08,SOCIAL SERVICES
2026-06-05,30175,THE RAMKOTA COMPANIES INC,12031730,A3,2026-08-05,420736,112.0,08,SOCIAL SERVICES
2026-06-05,30176,THE RAMKOTA COMPANIES INC,12031730,A3,2026-08-05,420741,112.0,08,SOCIAL SERVICES
2026-06-05,30184,THE RAMKOTA COMPANIES INC,12031730,A3,2026-08-05,420740,112.0,08,SOCIAL SERVICES
2026-06-05,30187,THE RAMKOTA COMPANIES INC,12031730,A3,2026-08-05,420743,112.0,08,SOCIAL SERVICES
2026-06-23,24034,THE RAMKOTA COMPANIES INC,12031730,A3,2026-08-05,420696,448.0,08,SOCIAL SERVICES
2026-06-23,30303,THE RAMKOTA COMPANIES INC,12031730,A3,2026-08-05,418943,224.0,08,SOCIAL SERVICES
2026-07-08,32768,THE RAMKOTA COMPANIES INC,12031730,A3,2026-08-05,417776,224.0,08,SOCIAL SERVICES
2026-07-09,31524,THE RAMKOTA COMPANIES INC,12031730,A3,2026-08-05,4717804,112.0,08,SOCIAL SERVICES
2026-07-14,33295,THE RAMKOTA COMPANIES INC,12031730,A3,2026-08-05,419004,112.0,09,HEALTH
2026-07-14,33296,THE RAMKOTA COMPANIES INC,12031730,A3,2026-08-05,419005,112.0,09,HEALTH
2026-07-14,33299,THE RAMKOTA COMPANIES INC,12031730,A3,2026-08-05,418998,112.0,09,HEALTH
2026-07-09,61059,THE RAMKOTA COMPANIES INC,12031730,A3,2026-08-05,419080,112.0,11,TRANSPORTATION
2026-07-02,119943,THE RAMKOTA COMPANIES INC,12031730,A3,2026-08-05,418655,336.0,14,PUBLIC SAFETY
2026-07-13,31612,THE RAMKOTA COMPANIES INC,12031730,A3,2026-08-05,421290,112.0,27,UNIFIED JUDICIAL SYSTEMS
2026-08-03,27SC195577-1509,THE SAMPSON HOUSE,12639222,,2026-08-05,427840,3936.81,19,HUMAN SERVICES
2026-07-06,100157951,THERMO-FLUIDS INC,12695998,,2026-08-05,420839,465.25,11,TRANSPORTATION
2026-07-30,M082700305,"THILL, KATHLEEN",12756197,,2026-08-05,M428567,2238.0,08,SOCIAL SERVICES
2026-07-30,M082700306,"THILL, KATHLEEN",12756197,,2026-08-05,M428568,1119.0,08,SOCIAL SERVICES
2026-08-04,M067JT037,"THORKELSON, CHRISTOPHER J",12756281,,2026-08-05,M427830,15122.92,06,"GAME, FISH AND PARKS"
2026-06-25,RC008472,THORNTON CARPET INC,12149559,,2026-08-05,418153,4304.88,16,MILITARY
2026-07-14,162170346,THORNTON CARPET INC,12149559,,2026-08-05,418161,26710.53,16,MILITARY
2026-07-01,7-25543,THREE IN ONE INC,12406286,,2026-08-05,421287,5235.0,27,UNIFIED JUDICIAL SYSTEMS
2026-07-02,27SC08B311-JUN,THREE RIVERS MENTAL HEALTH &,12033975,,2026-08-05,418934,3146.08,08,SOCIAL SERVICES
2026-07-09,27SC08B341-JUN,THREE RIVERS MENTAL HEALTH &,12033975,,2026-08-05,418937,42759.0,08,SOCIAL SERVICES
2026-07-22,27SC08B311260722,THREE RIVERS MENTAL HEALTH &,12033975,,2026-08-05,420757,7072.14,08,SOCIAL SERVICES
2026-07-22,27SC08C329260722,THREE RIVERS MENTAL HEALTH &,12033975,,2026-08-05,420722,510.72,08,SOCIAL SERVICES
2026-07-20,CAREJUN26,"TIEDE, MERLYN D",12727604,,2026-08-05,420140,105.0,19,HUMAN SERVICES
2026-07-02,136083,TIME EQUIPMENT RENTAL & SALES,12041247,,2026-08-05,418616,75.37,14,PUBLIC SAFETY
2026-07-25,09QP-03,TIMMONS CONSTRUCTION INC,12320429,,2026-08-05,426597,32659.61,11,TRANSPORTATION
2026-07-06,ES0084240,TITAN MACHINERY,12027539,04,2026-08-05,419462,98852.03,06,"GAME, FISH AND PARKS"
2026-07-14,PS1270737-1,TITAN MACHINERY INC,12027539,41,2026-08-05,418815,314.22,06,"GAME, FISH AND PARKS"
2026-07-13,PS1275434-1,TITAN MACHINERY INC,12027539,37,2026-08-05,419835,209.42,08,SOCIAL SERVICES
2026-07-10,PS1273253-1,TITAN MACHINERY INC,12027539,39,2026-08-05,421454,82.4,11,TRANSPORTATION
2026-07-22,257R013,"TITZE, TINA ANN",12746231,,2026-08-05,419902,1444.0,25,RETIREMENT SYSTEM
2026-07-20,R27-23,"TJADEN, KAY",12734515,,2026-08-05,421160,600.0,19,HUMAN SERVICES
2026-06-26,149,TKB PROPERTIES LLC,12605961,,2026-08-05,418488,77.0,03,AGRICULTURE & NAT. RESOURCES
2026-06-26,150,TKB PROPERTIES LLC,12605961,,2026-08-05,418562,77.0,03,AGRICULTURE & NAT. RESOURCES
2026-06-26,151,TKB PROPERTIES LLC,12605961,,2026-08-05,418487,77.0,03,AGRICULTURE & NAT. RESOURCES
2026-07-13,71326,TLC MARINE SERVICE INC,12010046,,2026-08-05,418861,52.0,06,"GAME, FISH AND PARKS"
2026-07-31,2026080,TODD J & CHARLENE R SWANSON,12414391,,2026-08-05,426581,3013.59,11,TRANSPORTATION
2026-07-10,364,TODD RUMPCA SERVICES,12708246,,2026-08-05,418154,3247.0,16,MILITARY
2026-07-10,994,"TORRENCE, KELLY Q",12739972,,2026-08-05,419700,169.0,06,"GAME, FISH AND PARKS"
2026-03-30,DCM164712662,TORRISON EYE CARE,12755158,,2026-08-05,420169,15.0,19,HUMAN SERVICES
2026-07-20,R27-19,"TOWLE, MAKIAH",12750127,,2026-08-05,421156,95.0,19,HUMAN SERVICES
2026-08-04,M027BTR003,TOWN OF AKASKA,12031165,,2026-08-05,M429214,266.94,02,REVENUE
2026-08-04,M027BTR003,TOWN OF ARTESIAN,12054266,,2026-08-05,M429214,466.16,02,REVENUE
2026-08-04,M027BTR003,TOWN OF BRANDT,12055974,,2026-08-05,M429214,444.91,02,REVENUE
2026-08-04,M027BTR003,TOWN OF BUFFALO,12055992,,2026-08-05,M429214,1473.02,02,REVENUE
2026-08-04,M027BTR003,TOWN OF CAMP CROOK,12036584,,2026-08-05,M429214,34.07,02,REVENUE
2026-08-04,M027BTR003,TOWN OF CANOVA,12056002,,2026-08-05,M429214,271.5,02,REVENUE
2026-08-04,M027BTR003,TOWN OF CAVOUR,12036555,,2026-08-05,M429214,163.58,02,REVENUE
2026-08-04,M027BTR003,TOWN OF CENTRAL CITY,12036620,,2026-08-05,M429214,925.16,02,REVENUE
2026-08-04,M027BTR003,TOWN OF CHANCELLOR,12056129,,2026-08-05,M429214,5942.28,02,REVENUE
2026-08-04,M027BTR003,TOWN OF CORONA,12038251,,2026-08-05,M429214,260.85,02,REVENUE
2026-08-04,M027BTR003,TOWN OF CRESBARD,12054431,,2026-08-05,M429214,373.64,02,REVENUE
2026-07-15,2022L-109 #32,TOWN OF CRESBARD,12054431,,2026-08-05,418513,64.2,03,AGRICULTURE & NAT. RESOURCES
2026-07-15,2022L-109 #33,TOWN OF CRESBARD,12054431,,2026-08-05,418514,9540.82,03,AGRICULTURE & NAT. RESOURCES
2026-08-04,M027BTR003,TOWN OF DAVIS,12041026,,2026-08-05,M429214,303.63,02,REVENUE
2026-08-04,M027BTR003,TOWN OF DIMOCK,12031833,,2026-08-05,M429214,94.69,02,REVENUE
2026-08-04,M027BTR003,TOWN OF FAIRFAX,12056070,,2026-08-05,M429214,119.58,02,REVENUE
2026-08-04,M027BTR003,TOWN OF FLORENCE,12036472,,2026-08-05,M429214,559.16,02,REVENUE
2026-08-04,M027BTR003,TOWN OF GAYVILLE,12033707,01,2026-08-05,M429214,267.51,02,REVENUE
2026-08-04,M027BTR003,TOWN OF GLENHAM,12041039,,2026-08-05,M429214,23.05,02,REVENUE
2026-08-04,M027BTR003,TOWN OF HARROLD,12054602,,2026-08-05,M429214,920.65,02,REVENUE
2026-08-04,M027BTR003,TOWN OF HAYTI,12054611,,2026-08-05,M429214,808.98,02,REVENUE
2026-08-04,M027BTR003,TOWN OF HERMOSA,12054624,,2026-08-05,M429214,2106.63,02,REVENUE
2026-08-04,M027BTR003,TOWN OF HUMBOLDT,12056053,,2026-08-05,M429214,3103.97,02,REVENUE
2026-08-04,M027BTR003,TOWN OF ISABEL,12054709,01,2026-08-05,M429214,4794.7,02,REVENUE
2026-08-04,M027BTR003,TOWN OF JAVA,12054712,,2026-08-05,M429214,112.75,02,REVENUE
2026-08-04,M027BTR003,TOWN OF JEFFERSON,12055926,,2026-08-05,M429214,1909.53,02,REVENUE
2026-08-04,M027BTR003,TOWN OF KEYSTONE,12033174,,2026-08-05,M429214,35860.42,02,REVENUE
2026-08-04,M027BTR003,TOWN OF KRANZBURG,12040338,,2026-08-05,M429214,834.8,02,REVENUE
2026-08-04,M027BTR003,TOWN OF LAKE CITY,12056153,,2026-08-05,M429214,114.8,02,REVENUE
2026-08-04,M027BTR003,TOWN OF LANGFORD,12056167,,2026-08-05,M429214,1968.17,02,REVENUE
2026-08-04,M027BTR003,TOWN OF LESTERVILLE,12031171,,2026-08-05,M429214,50.07,02,REVENUE
2026-08-04,M027BTR003,TOWN OF LETCHER,12036398,,2026-08-05,M429214,495.5,02,REVENUE
2026-08-04,M027BTR003,TOWN OF MIDLAND,12054838,,2026-08-05,M429214,5711.69,02,REVENUE
2026-08-04,M027BTR003,TOWN OF MONROE,12056645,,2026-08-05,M429214,42.87,02,REVENUE
2026-08-04,M027BTR003,TOWN OF MORRISTOWN,12031369,,2026-08-05,M429214,241.61,02,REVENUE
2026-08-04,M027BTR003,TOWN OF MOUND CITY,12036574,,2026-08-05,M429214,62.37,02,REVENUE
2026-08-04,M027BTR003,TOWN OF OACOMA,12031683,,2026-08-05,M429214,881.12,02,REVENUE
2026-08-04,M027BTR003,TOWN OF OELRICHS,12037967,,2026-08-05,M429214,91.61,02,REVENUE
2026-08-04,M027BTR003,TOWN OF ORIENT,12029012,01,2026-08-05,M429214,415.91,02,REVENUE
2026-08-04,M027BTR003,TOWN OF POLLOCK,12033881,,2026-08-05,M429214,1267.45,02,REVENUE
2026-08-04,M027BTR003,TOWN OF PRINGLE,12037987,,2026-08-05,M429214,35.51,02,REVENUE
2026-08-04,M027BTR003,TOWN OF PUKWANA,12037403,,2026-08-05,M429214,42.12,02,REVENUE
2026-07-15,RR2719,TOWN OF PUKWANA,12037403,,2026-08-05,418738,500.0,04,TOURISM
2026-08-04,M027BTR003,TOWN OF QUINN,12038053,,2026-08-05,M429214,34.06,02,REVENUE
2026-08-04,M027BTR003,TOWN OF RAMONA,12055986,01,2026-08-05,M429214,884.84,02,REVENUE
2026-08-04,M027BTR003,TOWN OF RELIANCE,12055995,,2026-08-05,M429214,423.6,02,REVENUE
2026-08-04,M027BTR003,TOWN OF REVILLO,12600238,,2026-08-05,M429214,515.48,02,REVENUE
2026-08-04,M027BTR003,TOWN OF ROSHOLT,12055030,,2026-08-05,M429214,2400.5,02,REVENUE
2026-08-04,M027BTR003,TOWN OF ROSLYN,12034278,,2026-08-05,M429214,1490.63,02,REVENUE
2026-08-04,M027BTR003,TOWN OF SOUTH SHORE,12055075,,2026-08-05,M429214,90.35,02,REVENUE
2026-08-04,M027BTR003,TOWN OF STICKNEY,12055097,,2026-08-05,M429214,3373.7,02,REVENUE
2026-08-04,M027BTR003,TOWN OF TABOR,12055117,,2026-08-05,M429214,2821.72,02,REVENUE
2026-07-22,2025-108,TOWN OF TABOR,12055117,,2026-08-05,421419,8000.0,03,AGRICULTURE & NAT. RESOURCES
2026-08-04,M027BTR003,TOWN OF TULARE,12056018,,2026-08-05,M429214,1199.17,02,REVENUE
2026-08-04,M027BTR003,TOWN OF UTICA,12031188,,2026-08-05,M429214,65.48,02,REVENUE
2026-08-04,M027BTR003,TOWN OF VOLIN,12056411,,2026-08-05,M429214,47.53,02,REVENUE
2026-08-04,M027BTR003,TOWN OF WALLACE,12031510,,2026-08-05,M429214,35.09,02,REVENUE
2026-08-04,M027BTR003,TOWN OF WARNER,12037942,,2026-08-05,M429214,555.5,02,REVENUE
2026-08-04,M027BTR003,TOWN OF WASTA,12056067,,2026-08-05,M429214,273.04,02,REVENUE
2026-08-04,M027BTR003,TOWN OF WENTWORTH,12056105,,2026-08-05,M429214,20038.46,02,REVENUE
2026-08-04,M027BTR003,TOWN OF WOLSEY,12055953,,2026-08-05,M429214,799.33,02,REVENUE
2026-07-17,19915,TRANSMED INC,12572355,,2026-08-05,418243,10961.67,18,CORRECTIONS
2026-07-16,43P41159,TRANSOURCE TRUCK & EQUIPMENT C,12573979,,2026-08-05,421604,451.16,11,TRANSPORTATION
2026-07-16,43P41168,TRANSOURCE TRUCK & EQUIPMENT C,12573979,,2026-08-05,421603,24.39,11,TRANSPORTATION
2026-07-17,273045194152439,TRAVS OUTFITTER INC,12006631,01,2026-08-05,419143,149.99,19,HUMAN SERVICES
2026-07-13,13827,TRI-STATE SECURITY & PATROL SR,12045240,,2026-08-05,418807,525.0,06,"GAME, FISH AND PARKS"
2026-06-18,173058,TRIPP ELEVEN LLC,12599502,,2026-08-05,420498,110.0,09,HEALTH
2026-07-13,151650,TRISTATE BUILDING CENTER,12366468,,2026-08-05,420834,15.28,11,TRANSPORTATION
2026-07-10,IE68174,TRUEMAN WELTERS INC,12592463,,2026-08-05,418068,363.93,11,TRANSPORTATION
2026-07-13,IE68143,TRUEMAN WELTERS INC,12592463,,2026-08-05,420869,5382.78,11,TRANSPORTATION
2026-07-07,0064002-9,TSP INC,12030546,,2026-08-05,418746,19575.0,012,BHRA ADMINISTRATION
2026-07-08,0064014 REQ 3,TSP INC,12030546,,2026-08-05,420456,4152.0,06,"GAME, FISH AND PARKS"
2026-07-08,0064031,TSP INC,12030546,01,2026-08-05,418080,36462.0,16,MILITARY
2026-07-01,2023-CSW-036 #1,TURNER CONSERVATION DISTRICT,12054673,,2026-08-05,419447,2620.25,03,AGRICULTURE & NAT. RESOURCES
2026-07-21,2023-CSW-036 #2,TURNER CONSERVATION DISTRICT,12054673,,2026-08-05,419446,2442.25,03,AGRICULTURE & NAT. RESOURCES
2026-07-16,50,TURNER COUNTY AUDITOR,12054945,08,2026-08-05,418908,95.05,08,SOCIAL SERVICES
2026-07-01,1654,TURNWELL MENTAL HEALTH OF SD,12713762,01,2026-08-05,418200,1376.0,18,CORRECTIONS
2026-07-21,277907212026,TURNWELL MENTAL HEALTH OF SD,12713762,01,2026-08-05,420232,224.25,27,UNIFIED JUDICIAL SYSTEMS
2026-07-09,9095,TWS POWER PRODUCTS INC,12045798,,2026-08-05,418626,972.0,14,PUBLIC SAFETY
2026-07-07,1-137960417230,TYCO TECHNOLOGY GMBH,12746121,,2026-08-05,418427,3711.8,29,ATTORNEY GENERAL
2026-07-01,CHTC-062026,UHS OF SAVANNAH LLC,12007099,,2026-08-05,419814,564.2,08,SOCIAL SERVICES
2026-06-24,209801732,ULINE INC,12017798,,2026-08-05,418104,3474.38,17,VETERANS' AFFAIRS
2026-04-20,INV10175962,UNION SUPPLY GROUP INC,12233531,,2026-08-05,420059,3.95,18,CORRECTIONS
2026-04-20,INV10175964,UNION SUPPLY GROUP INC,12233531,,2026-08-05,420058,2.37,18,CORRECTIONS
2026-07-18,0000570908296,UNITED PARCEL SERVICE,12017083,01,2026-08-05,420660,82.17,013,BUREAU OF INFORMATION & TECH
2026-07-18,0000572367296,UNITED PARCEL SERVICE,12017083,01,2026-08-05,420659,104.25,013,BUREAU OF INFORMATION & TECH
2026-07-11,0000572877286,UNITED PARCEL SERVICE,12017083,01,2026-08-05,418759,16280.08,028,LOTTERY
2026-06-13,1BW646246,UNITED PARCEL SERVICE,12017083,01,2026-08-05,418970,63.74,09,HEALTH
2026-06-13,Y260G4246,UNITED PARCEL SERVICE,12017083,01,2026-08-05,418969,34.45,09,HEALTH
2026-06-20,Y260G4256,UNITED PARCEL SERVICE,12017083,01,2026-08-05,418965,102.12,09,HEALTH
2026-06-27,1BW646266,UNITED PARCEL SERVICE,12017083,01,2026-08-05,418971,110.65,09,HEALTH
2026-06-27,Y260G4266,UNITED PARCEL SERVICE,12017083,01,2026-08-05,418966,105.59,09,HEALTH
2026-07-04,Y260G4276,UNITED PARCEL SERVICE,12017083,01,2026-08-05,418967,140.04,09,HEALTH
2026-07-11,Y260G4286,UNITED PARCEL SERVICE,12017083,01,2026-08-05,418968,13.35,09,HEALTH
2026-07-18,5F6668296,UNITED PARCEL SERVICE,12017083,01,2026-08-05,420501,107.94,09,HEALTH
2026-07-11,570997286-M027,UNITED PARCEL SERVICE,12017083,01,2026-08-05,419909,54.83,11,TRANSPORTATION
2026-07-11,570581286,UNITED PARCEL SERVICE,12017083,01,2026-08-05,420014,750.61,18,CORRECTIONS
2026-06-29,262882354-001,UNITED RENTALS INC,12232423,01,2026-08-05,418483,49950.0,03,AGRICULTURE & NAT. RESOURCES
2026-07-01,260314410-001,UNITED RENTALS INC,12232423,01,2026-08-05,418083,18536.0,16,MILITARY
2026-07-29,1026867,UNITIMED LLC,12685810,,2026-08-05,427424,3120.0,17,VETERANS' AFFAIRS
2026-07-29,1026868,UNITIMED LLC,12685810,,2026-08-05,427425,2323.75,17,VETERANS' AFFAIRS
2026-06-25,18641702,UNIVERSAL PROTECTION SERV LP,12746108,,2026-08-05,419817,292.68,010,GOVERNOR'S OFFICE
2026-06-25,18641702,UNIVERSAL PROTECTION SERV LP,12746108,,2026-08-05,419817,215.41,012,BHRA ADMINISTRATION
2026-06-25,18641702,UNIVERSAL PROTECTION SERV LP,12746108,,2026-08-05,419817,507.94,013,BUREAU OF INFORMATION & TECH
2026-06-25,18641702,UNIVERSAL PROTECTION SERV LP,12746108,,2026-08-05,419817,732.34,02,REVENUE
2026-06-25,18641702,UNIVERSAL PROTECTION SERV LP,12746108,,2026-08-05,419817,375.31,03,AGRICULTURE & NAT. RESOURCES
2026-06-25,18641702,UNIVERSAL PROTECTION SERV LP,12746108,,2026-08-05,419817,4844.8,08,SOCIAL SERVICES
2026-06-25,18641702,UNIVERSAL PROTECTION SERV LP,12746108,,2026-08-05,419817,2175.59,09,HEALTH
2026-06-25,18641702,UNIVERSAL PROTECTION SERV LP,12746108,,2026-08-05,419817,1951.07,10,LABOR AND REGULATION
2026-06-25,18641702,UNIVERSAL PROTECTION SERV LP,12746108,,2026-08-05,419817,18.42,12,EDUCATION
2026-06-25,18641702,UNIVERSAL PROTECTION SERV LP,12746108,,2026-08-05,419817,610.83,14,PUBLIC SAFETY
2026-06-25,18641702,UNIVERSAL PROTECTION SERV LP,12746108,,2026-08-05,419817,678.64,18,CORRECTIONS
2026-06-25,18641702,UNIVERSAL PROTECTION SERV LP,12746108,,2026-08-05,419817,1454.37,19,HUMAN SERVICES
2026-06-25,18641702,UNIVERSAL PROTECTION SERV LP,12746108,,2026-08-05,419817,299.36,27,UNIFIED JUDICIAL SYSTEMS
2026-06-17,CIV-00099222,UNIVERSITY OF WISCONSIN SYSTEM,12020182,37,2026-08-05,420096,4900.0,19,HUMAN SERVICES
2026-07-10,4271,UP NORTH RECYCLING LLC,12734554,,2026-08-05,419836,261.0,08,SOCIAL SERVICES
2026-07-10,4276,UP NORTH RECYCLING LLC,12734554,,2026-08-05,418974,95.2,09,HEALTH
2026-06-30,4173,UP NORTH RECYCLING LLC,12734554,,2026-08-05,419019,35.0,10,LABOR AND REGULATION
2026-07-10,4263,UP NORTH RECYCLING LLC,12734554,,2026-08-05,417122,38.4,10,LABOR AND REGULATION
2026-07-10,4254,UP NORTH RECYCLING LLC,12734554,,2026-08-05,420112,45.0,19,HUMAN SERVICES
2026-07-10,4268,UP NORTH RECYCLING LLC,12734554,,2026-08-05,420091,68.0,19,HUMAN SERVICES
2026-07-10,4272,UP NORTH RECYCLING LLC,12734554,,2026-08-05,420083,44.0,19,HUMAN SERVICES
2026-07-10,4274,UP NORTH RECYCLING LLC,12734554,,2026-08-05,420121,68.0,19,HUMAN SERVICES
2026-07-10,4256,UP NORTH RECYCLING LLC,12734554,,2026-08-05,420578,68.0,29,ATTORNEY GENERAL
2026-07-10,4257,UP NORTH RECYCLING LLC,12734554,,2026-08-05,420579,276.0,29,ATTORNEY GENERAL
2026-07-10,4279,UP NORTH RECYCLING LLC,12734554,,2026-08-05,420577,44.0,29,ATTORNEY GENERAL
2026-07-01,DCM174537553,UROLOGY SPECIALISTS CHARTERED,12032892,,2026-08-05,421136,13.06,19,HUMAN SERVICES
2026-07-09,90194292,US DEPT OF INTERIOR GEOLOGICAL,US,A5,2026-08-05,418504,29262.08,03,AGRICULTURE & NAT. RESOURCES
2026-07-16,277207162026,US POSTAL SERVICE,12005421,73,2026-08-05,421285,3000.0,27,UNIFIED JUDICIAL SYSTEMS
2026-07-16,082700217-BRMACC,US POSTAL SERVICE-BROOKINGS,12005421,08,2026-08-05,419807,684.22,08,SOCIAL SERVICES
2026-07-16,082700217-BRMACC,US POSTAL SERVICE-BROOKINGS,12005421,08,2026-08-05,419807,315.78,19,HUMAN SERVICES
2026-07-01,16270000726,VALLEY COMMUNICATIONS INC,12660253,,2026-08-05,418049,40.19,11,TRANSPORTATION
2026-07-01,2430000726,VALLEY COMMUNICATIONS INC,12660253,,2026-08-05,418048,62.28,11,TRANSPORTATION
2026-08-03,M03700001,VALLEY VETERINARY CLINIC,12025116,,2026-08-05,M427827,12521.43,03,AGRICULTURE & NAT. RESOURCES
2026-06-26,65213,VAN DIEST SUPPLY COMPANY,12024788,,2026-08-05,420462,358.0,06,"GAME, FISH AND PARKS"
2026-06-26,65214,VAN DIEST SUPPLY COMPANY,12024788,,2026-08-05,420463,5700.0,06,"GAME, FISH AND PARKS"
2026-07-20,570112,"VAN LIERE, SHERRY L",12586740,,2026-08-05,420086,1577.0,19,HUMAN SERVICES
2026-06-30,3,VANDYS AG & HUNTING LLC,12751076,,2026-08-05,418559,735.36,03,AGRICULTURE & NAT. RESOURCES
2026-06-30,3,VANDYS AG & HUNTING LLC,12751076,,2026-08-05,418559,64.64,03,AGRICULTURE & NAT. RESOURCES
2026-03-10,347613,VELOCITYEHS INC,12580273,,2026-08-05,418962,577.36,09,HEALTH
2026-07-20,48990,VENARD INC,12032878,,2026-08-05,421588,35.0,11,TRANSPORTATION
2026-07-12,12904385,VENTURE COMMUNICATIONS CO-OP,12030120,,2026-08-05,419705,93.94,06,"GAME, FISH AND PARKS"
2026-07-12,12898881,VENTURE COMMUNICATIONS CO-OP,12030120,,2026-08-05,418973,48.68,09,HEALTH
2026-07-12,12902880,VENTURE COMMUNICATIONS CO-OP,12030120,,2026-08-05,418972,44.94,09,HEALTH
2026-07-12,12900508,VENTURE COMMUNICATIONS CO-OP,12030120,,2026-08-05,418022,55.68,11,TRANSPORTATION
2026-07-12,12907205,VENTURE COMMUNICATIONS CO-OP,12030120,,2026-08-05,419514,51.68,11,TRANSPORTATION
2026-07-12,12908011,VENTURE COMMUNICATIONS CO-OP,12030120,,2026-08-05,421302,183.13,27,UNIFIED JUDICIAL SYSTEMS
2026-07-16,VRM260717402254,VENTURES & VISIONS,12735676,,2026-08-05,418250,143.93,19,HUMAN SERVICES
2026-07-16,VRM260717408011,VENTURES & VISIONS,12735676,,2026-08-05,418253,331.6,19,HUMAN SERVICES
2026-07-16,VRM260717408355,VENTURES & VISIONS,12735676,,2026-08-05,418252,327.28,19,HUMAN SERVICES
2026-07-16,VRM260717408357,VENTURES & VISIONS,12735676,,2026-08-05,418251,331.6,19,HUMAN SERVICES
2026-07-17,VRM260717408354,VENTURES & VISIONS,12735676,,2026-08-05,418296,144.1,19,HUMAN SERVICES
2026-07-15,INV2011330,VER-MAC INC,12592078,,2026-08-05,420859,952.23,11,TRANSPORTATION
2026-07-09,9407151,VERITEXT CORP,12286523,,2026-08-05,420661,125.0,013,BUREAU OF INFORMATION & TECH
2026-07-10,15521,VERMILLION FORD INC,12029700,,2026-08-05,420001,57.75,14,PUBLIC SAFETY
2026-07-17,6380385784,VESTIS GROUP INC,12621433,06,2026-08-05,419808,4.77,012,BHRA ADMINISTRATION
2026-07-13,2520803441,VESTIS GROUP INC,12621433,02,2026-08-05,418863,37.2,06,"GAME, FISH AND PARKS"
2026-07-13,2520803558,VESTIS GROUP INC,12621433,02,2026-08-05,418920,13.05,08,SOCIAL SERVICES
2026-07-14,2520804665,VESTIS GROUP INC,12621433,02,2026-08-05,418921,27.48,08,SOCIAL SERVICES
2026-07-14,6380384966,VESTIS GROUP INC,12621433,06,2026-08-05,419859,7.87,08,SOCIAL SERVICES
2026-07-17,6380385784,VESTIS GROUP INC,12621433,06,2026-08-05,419808,9.54,08,SOCIAL SERVICES
2026-06-16,2520791322,VESTIS GROUP INC,12621433,02,2026-08-05,418994,83.91,09,HEALTH
2026-07-14,6380384966,VESTIS GROUP INC,12621433,06,2026-08-05,419859,0.61,10,LABOR AND REGULATION
2026-07-15,6380385112,VESTIS GROUP INC,12621433,08,2026-08-05,417127,68.39,10,LABOR AND REGULATION
2026-07-17,6380385784,VESTIS GROUP INC,12621433,06,2026-08-05,419808,7.92,10,LABOR AND REGULATION
2026-07-20,2520806848,VESTIS GROUP INC,12621433,02,2026-08-05,419871,13.38,10,LABOR AND REGULATION
2026-07-13,2520803445,VESTIS GROUP INC,12621433,02,2026-08-05,418052,11.81,11,TRANSPORTATION
2026-07-15,2520804860,VESTIS GROUP INC,12621433,02,2026-08-05,418023,40.57,11,TRANSPORTATION
2026-07-15,2520805170,VESTIS GROUP INC,12621433,02,2026-08-05,418024,9.79,11,TRANSPORTATION
2026-07-16,6380385531,VESTIS GROUP INC,12621433,08,2026-08-05,420835,62.43,11,TRANSPORTATION
2026-07-14,2520804526,VESTIS GROUP INC,12621433,02,2026-08-05,418647,45.55,14,PUBLIC SAFETY
2026-07-08,2520801965,VESTIS GROUP INC,12621433,02,2026-08-05,420097,306.99,19,HUMAN SERVICES
2026-07-14,2520804665,VESTIS GROUP INC,12621433,02,2026-08-05,418921,4.57,19,HUMAN SERVICES
2026-07-14,6380384966,VESTIS GROUP INC,12621433,06,2026-08-05,419859,3.64,19,HUMAN SERVICES
2026-07-15,6380385112,VESTIS GROUP INC,12621433,08,2026-08-05,417127,5.0,19,HUMAN SERVICES
2026-07-17,6380385784,VESTIS GROUP INC,12621433,06,2026-08-05,419808,1.59,19,HUMAN SERVICES
2026-07-14,TYBXUOSB-0063,VIA TRANSPORTATION INC,12713462,,2026-08-05,421223,60.0,19,HUMAN SERVICES
2026-06-30,V7CCWXDS-0001,VIA TRANSPORTATION INC,12713462,,2026-08-05,421286,2625.0,27,UNIFIED JUDICIAL SYSTEMS
2026-07-21,2026-JUNE-42,VICTIMS OF VIOLENCE,12036607,,2026-08-05,421538,28749.72,14,PUBLIC SAFETY
2026-06-30,06/30/2026,VICTIMS OF VIOLENCE,12036607,,2026-08-05,418416,400.0,29,ATTORNEY GENERAL
2026-07-01,DCM174689391,VISION CARE ASSOCIATES LLP,12037528,,2026-08-05,421141,13.06,19,HUMAN SERVICES
2026-06-04,VRM260722405703,VISION SOURCE SPECIALISTS PROF,12495677,,2026-08-05,421033,142.17,19,HUMAN SERVICES
2026-07-20,570111,VISTA CARE SOUTH DAKOTA LLC,12604732,,2026-08-05,420085,1904.0,19,HUMAN SERVICES
2026-07-22,27SC08C330260722,VOLUNTEERS OF AMERICA DAKOTAS,12012819,01,2026-08-05,420720,54396.52,08,SOCIAL SERVICES
2026-07-15,VRM260722404973,VOLUNTEERS OF AMERICA DAKOTAS,12012819,01,2026-08-05,421232,123.78,19,HUMAN SERVICES
2026-07-15,VRM260722407325,VOLUNTEERS OF AMERICA DAKOTAS,12012819,01,2026-08-05,421219,1246.43,19,HUMAN SERVICES
2026-07-07,9-286825,W W TIRE SERVICE INC,12037797,,2026-08-05,419506,351.65,11,TRANSPORTATION
2026-07-16,409714,W W TIRE SERVICE INC,12037797,01,2026-08-05,420836,25.0,11,TRANSPORTATION
2026-07-16,9-287455,W W TIRE SERVICE INC,12037797,,2026-08-05,419507,365.0,11,TRANSPORTATION
2026-07-17,361638,W W TIRE SERVICE INC,12037797,03,2026-08-05,420837,101.6,11,TRANSPORTATION
2026-07-17,361645,W W TIRE SERVICE INC,12037797,03,2026-08-05,420838,53.07,11,TRANSPORTATION
2026-07-13,361394,W W TIRE SERVICE INC,12037797,02,2026-08-05,419978,29.19,14,PUBLIC SAFETY
2026-07-14,287250,W W TIRE SERVICE INC,12037797,02,2026-08-05,420000,101.6,14,PUBLIC SAFETY
2026-07-16,HB1221-MAY-1471,WACANGA INC,12043275,,2026-08-05,418608A,4162.78,14,PUBLIC SAFETY
2026-07-01,VRM260720408036,"WAEGE, CORRY A",12734290,,2026-08-05,419148,150.0,19,HUMAN SERVICES
2026-08-04,M027BTR003,WAGNER CITY OF,12055174,,2026-08-05,M429214,10970.64,02,REVENUE
2026-07-29,528JCCON260904,WAGNER COMMUNITY MEMORIAL HOSP,12029805,,2026-08-05,426075,25000.0,09,HEALTH
2026-07-01,DCM174424510,WAGNER COMMUNITY MEMORIAL HOSP,12029805,,2026-08-05,421131,35.0,19,HUMAN SERVICES
2026-07-14,92153,WAGNER LAND & DEVELOPMENT CO,12134840,,2026-08-05,418860,126.16,06,"GAME, FISH AND PARKS"
2026-07-20,W00689,WAGNER LAND & DEVELOPMENT CO,12134840,,2026-08-05,420862,182.92,11,TRANSPORTATION
2026-06-26,92021,WAGNER LAND & DEVELOPMENT CO,12134840,,2026-08-05,418643,10.76,14,PUBLIC SAFETY
2026-07-09,92128,WAGNER LAND & DEVELOPMENT CO,12134840,,2026-08-05,418642,75.04,14,PUBLIC SAFETY
2026-08-04,M027BTR003,WALL CITY OF,12031137,,2026-08-05,M429214,11660.34,02,REVENUE
2026-04-13,2026VFA-25-100,WALLACE FIRE DEPARTMENT,12276520,,2026-08-05,419942,7000.0,14,PUBLIC SAFETY
2026-07-01,012387005,"WALLENSTEIN, ANDREW W",12702726,,2026-08-05,417096,253.95,012,BHRA ADMINISTRATION
2026-07-10,6021321,WAREING MOTORS STURGIS INC,12662652,,2026-08-05,420857,985.57,11,TRANSPORTATION
2026-07-01,001-1047940,WARNE CHEMICAL & EQUIPMENT CO,12692685,,2026-08-05,419671,22.42,06,"GAME, FISH AND PARKS"
2026-07-06,001-1048280,WARNE CHEMICAL & EQUIPMENT CO,12692685,,2026-08-05,419674,97.2,06,"GAME, FISH AND PARKS"
2026-07-09,001-1048614,WARNE CHEMICAL & EQUIPMENT CO,12692685,,2026-08-05,419677,289.0,06,"GAME, FISH AND PARKS"
2026-06-30,MDU2606.9821,WASHINGTON STATE DEPT OF CORR,12675892,,2026-08-05,420040,1604.5,18,CORRECTIONS
2026-07-01,13884968T035,WASTE CONNECTIONS,12037175,05,2026-08-05,419694,259.34,06,"GAME, FISH AND PARKS"
2026-07-01,13889955T035,WASTE CONNECTIONS,12037175,05,2026-08-05,419779,175.0,06,"GAME, FISH AND PARKS"
2026-07-01,13891497T035,WASTE CONNECTIONS,12037175,05,2026-08-05,419695,704.94,06,"GAME, FISH AND PARKS"
2026-07-01,13898161T035,WASTE CONNECTIONS,12037175,05,2026-08-05,419778,684.42,06,"GAME, FISH AND PARKS"
2026-07-01,13884554T035,WASTE CONNECTIONS,12037175,05,2026-08-05,419058,1269.93,11,TRANSPORTATION
2026-07-01,13884971T035,WASTE CONNECTIONS,12037175,05,2026-08-05,419028,438.77,11,TRANSPORTATION
2026-07-01,13885199T035,WASTE CONNECTIONS,12037175,05,2026-08-05,419027,343.99,11,TRANSPORTATION
2026-07-01,13888757T035,WASTE CONNECTIONS,12037175,05,2026-08-05,418085,308.32,16,MILITARY
2026-07-01,13894272T035,WASTE CONNECTIONS,12037175,05,2026-08-05,418426,113.31,29,ATTORNEY GENERAL
2026-07-01,1742130T033,WASTE CONNECTIONS INC,12037175,08,2026-08-05,420394,52.94,03,AGRICULTURE & NAT. RESOURCES
2026-07-01,1742141T033,WASTE CONNECTIONS INC,12037175,08,2026-08-05,418999,50.18,09,HEALTH
2026-07-01,112180 0626,WASTE CONNECTIONS INC,12037175,08,2026-08-05,419880,53.54,10,LABOR AND REGULATION
2026-07-01,1743136T033,WASTE CONNECTIONS INC,12037175,08,2026-08-05,419066,68.42,11,TRANSPORTATION
2026-07-01,1742670T033,WASTE CONNECTIONS INC,12037175,08,2026-08-05,419956,28.82,14,PUBLIC SAFETY
2026-07-01,1743738T033,WASTE CONNECTIONS INC,12037175,08,2026-08-05,418648,3.0,14,PUBLIC SAFETY
2026-07-01,1742134T033,WASTE CONNECTIONS INC,12037175,08,2026-08-05,420092,488.55,19,HUMAN SERVICES
2026-07-20,1742643T033,WASTE CONNECTIONS INC,12037175,08,2026-08-05,419558,98.46,31,SECRETARY OF STATE
2026-07-01,4752764T031,WASTE CONNECTIONS OF SD INC,12037175,,2026-08-05,418917,31.12,010,GOVERNOR'S OFFICE
2026-07-01,4752764T031,WASTE CONNECTIONS OF SD INC,12037175,,2026-08-05,418917,23.5,012,BHRA ADMINISTRATION
2026-07-01,4752764T031,WASTE CONNECTIONS OF SD INC,12037175,,2026-08-05,418917,81.57,013,BUREAU OF INFORMATION & TECH
2026-07-01,4752764T031,WASTE CONNECTIONS OF SD INC,12037175,,2026-08-05,418917,19.34,02,REVENUE
2026-07-01,4752764T031,WASTE CONNECTIONS OF SD INC,12037175,,2026-08-05,418917,39.91,03,AGRICULTURE & NAT. RESOURCES
2026-07-01,13899360T935,WASTE CONNECTIONS OF SD INC,12037175,09,2026-08-05,419734,54.9,06,"GAME, FISH AND PARKS"
2026-07-01,4752764T031,WASTE CONNECTIONS OF SD INC,12037175,,2026-08-05,418917,515.12,08,SOCIAL SERVICES
2026-07-01,4752764T031,WASTE CONNECTIONS OF SD INC,12037175,,2026-08-05,418917,231.33,09,HEALTH
2026-07-01,4752764T031,WASTE CONNECTIONS OF SD INC,12037175,,2026-08-05,418917,207.46,10,LABOR AND REGULATION
2026-07-01,4752764T031,WASTE CONNECTIONS OF SD INC,12037175,,2026-08-05,418917,2.81,12,EDUCATION
2026-07-01,4752764T031,WASTE CONNECTIONS OF SD INC,12037175,,2026-08-05,418917,64.95,14,PUBLIC SAFETY
2026-07-01,4752764T031,WASTE CONNECTIONS OF SD INC,12037175,,2026-08-05,418917,103.13,18,CORRECTIONS
2026-07-01,4752764T031,WASTE CONNECTIONS OF SD INC,12037175,,2026-08-05,418917,154.62,19,HUMAN SERVICES
2026-07-01,4752764T031,WASTE CONNECTIONS OF SD INC,12037175,,2026-08-05,418917,31.84,27,UNIFIED JUDICIAL SYSTEMS
2026-07-01,4761530,WASTE CONNECTIONS OF SD INC,12037175,01,2026-08-05,419397,126.17,27,UNIFIED JUDICIAL SYSTEMS
2026-07-01,4761699,WASTE CONNECTIONS OF SD INC,12037175,01,2026-08-05,421324,433.27,27,UNIFIED JUDICIAL SYSTEMS
2026-07-01,4761756,WASTE CONNECTIONS OF SD INC,12037175,01,2026-08-05,421325,113.38,27,UNIFIED JUDICIAL SYSTEMS
2026-07-01,4761799,WASTE CONNECTIONS OF SD INC,12037175,01,2026-08-05,419398,140.97,27,UNIFIED JUDICIAL SYSTEMS
2026-07-01,4761924,WASTE CONNECTIONS OF SD INC,12037175,01,2026-08-05,419399,66.75,27,UNIFIED JUDICIAL SYSTEMS
2026-07-01,4762429,WASTE CONNECTIONS OF SD INC,12037175,01,2026-08-05,421326,77.39,27,UNIFIED JUDICIAL SYSTEMS
2026-07-01,4762458,WASTE CONNECTIONS OF SD INC,12037175,01,2026-08-05,419400,66.75,27,UNIFIED JUDICIAL SYSTEMS
2026-07-01,4748190T031,WASTE CONNECTIONS OF SD INC,12037175,,2026-08-05,418425,103.11,29,ATTORNEY GENERAL
2026-07-20,4762475,WASTE CONNECTIONS OF SD INC,12037175,01,2026-08-05,419557,73.26,31,SECRETARY OF STATE
2026-07-01,6151468-1766-8,WASTE MANAGEMENT OF SD INC,12035691,09,2026-08-05,420473,821.0,06,"GAME, FISH AND PARKS"
2026-07-06,7341150-1762-0,WASTE MANAGEMENT OF SD INC,12035691,09,2026-08-05,419482,2307.61,16,MILITARY
2026-07-14,T23322,WATER PROFESSIONALS INTERNATL,12112947,,2026-08-05,418512,195.0,03,AGRICULTURE & NAT. RESOURCES
2026-07-13,SER1251357-1,WATERTREE INC,12030093,,2026-08-05,419128,21.0,18,CORRECTIONS
2026-07-20,SER1251058-1,WATERTREE INC,12030093,,2026-08-05,420973,21.0,18,CORRECTIONS
2026-07-16,POS1257389-1,WATERTREE INC,12030093,,2026-08-05,420580,21.8,29,ATTORNEY GENERAL
2026-07-07,4070711,WAYTEK INC,12021677,,2026-08-05,421458,68.62,11,TRANSPORTATION
2026-08-03,M03700001,WEATHERED RIDGE VETERINARY CLN,12669408,,2026-08-05,M427827,63.0,03,AGRICULTURE & NAT. RESOURCES
2026-06-30,JUNE 2026,WEBER CLEANING INC,12624935,,2026-08-05,418650,280.0,14,PUBLIC SAFETY
2026-04-10,DCM164717827,WELL BEYOND PROF LLC,12636565,,2026-08-05,419341,23.56,19,HUMAN SERVICES
2026-05-11,DCM167797778,WELL BEYOND PROF LLC,12636565,,2026-08-05,419349,13.06,19,HUMAN SERVICES
2026-07-06,505124,WELLS FARGO,12125533,03,2026-08-05,419858,58.0,08,SOCIAL SERVICES
2026-07-21,277907212026,WELLS FARGO BANKS,12039572,09,2026-08-05,420230,47.29,27,UNIFIED JUDICIAL SYSTEMS
2026-08-04,M067JT037,"WENDLING, DILLON M",12756247,,2026-08-05,M427830,14545.01,06,"GAME, FISH AND PARKS"
2026-08-04,M027BTR003,WESSINGTON SPRINGS- CITY OF,12055223,,2026-08-05,M429214,5218.0,02,REVENUE
2026-06-23,853757822,WEST PUBLISHING CORPORATION,12022161,03,2026-08-05,421284,14988.0,27,UNIFIED JUDICIAL SYSTEMS
2026-07-06,23325007,WEST PUBLISHING CORPORATION,12022161,03,2026-08-05,420291,485.21,281,LEGISLATIVE RESEARCH COUNCIL
2026-07-06,23325008,WEST PUBLISHING CORPORATION,12022161,03,2026-08-05,421552,2083.42,281,LEGISLATIVE RESEARCH COUNCIL
2026-06-22,853753099,WEST PUBLISHING CORPORATION,12022161,03,2026-08-05,420294,299.25,31,SECRETARY OF STATE
2026-06-23,853754369,WEST PUBLISHING CORPORATION,12022161,03,2026-08-05,419561,99.75,31,SECRETARY OF STATE
2026-07-06,853757842,WEST PUBLISHING CORPORATION,12022161,03,2026-08-05,419560,1124.1,31,SECRETARY OF STATE
2026-07-01,RCA0726,WEST RIVER CO-OP TELEPHONE CO,12030514,,2026-08-05,419751,89.56,06,"GAME, FISH AND PARKS"
2026-07-01,RCB0726,WEST RIVER CO-OP TELEPHONE CO,12030514,,2026-08-05,419752,179.12,06,"GAME, FISH AND PARKS"
2026-07-15,DR4903 PW39,WEST RIVER ELECTRIC ASSN INC,12029214,,2026-08-05,418652,1199.91,14,PUBLIC SAFETY
2026-04-28,DL15922,WEST RIVER FOUNDATION,12017568,03,2026-08-05,420123,898.48,19,HUMAN SERVICES
2026-05-11,DL15952,WEST RIVER FOUNDATION,12017568,03,2026-08-05,420124,449.24,19,HUMAN SERVICES
2026-06-25,DL16083,WEST RIVER FOUNDATION,12017568,03,2026-08-05,419157,200.0,19,HUMAN SERVICES
2026-07-06,DL16107,WEST RIVER FOUNDATION,12017568,03,2026-08-05,418342,617.35,19,HUMAN SERVICES
2026-07-07,DL16114,WEST RIVER FOUNDATION,12017568,03,2026-08-05,419236,3103.75,19,HUMAN SERVICES
2026-07-10,DL16129,WEST RIVER FOUNDATION,12017568,03,2026-08-05,418339,224.62,19,HUMAN SERVICES
2026-07-10,DL16130,WEST RIVER FOUNDATION,12017568,03,2026-08-05,420151,483.42,19,HUMAN SERVICES
2026-07-10,DL16132,WEST RIVER FOUNDATION,12017568,03,2026-08-05,419245,382.38,19,HUMAN SERVICES
2026-07-13,DL16137,WEST RIVER FOUNDATION,12017568,03,2026-08-05,419156,793.84,19,HUMAN SERVICES
2026-07-14,DL16139,WEST RIVER FOUNDATION,12017568,03,2026-08-05,418343,895.05,19,HUMAN SERVICES
2026-07-14,DL16140,WEST RIVER FOUNDATION,12017568,03,2026-08-05,419140,168.47,19,HUMAN SERVICES
2026-07-14,DL16141,WEST RIVER FOUNDATION,12017568,03,2026-08-05,420165,2079.95,19,HUMAN SERVICES
2026-07-15,DL16143,WEST RIVER FOUNDATION,12017568,03,2026-08-05,418270,224.62,19,HUMAN SERVICES
2026-07-15,DL16145,WEST RIVER FOUNDATION,12017568,03,2026-08-05,421231,280.78,19,HUMAN SERVICES
2026-07-20,DL16148,WEST RIVER FOUNDATION,12017568,03,2026-08-05,420162,224.62,19,HUMAN SERVICES
2026-07-20,DL16149,WEST RIVER FOUNDATION,12017568,03,2026-08-05,421041,362.05,19,HUMAN SERVICES
2026-07-20,DL16150,WEST RIVER FOUNDATION,12017568,03,2026-08-05,421027,730.02,19,HUMAN SERVICES
2026-07-21,DL16123,WEST RIVER FOUNDATION,12017568,03,2026-08-05,421239,663.76,19,HUMAN SERVICES
2026-07-21,DL16154A,WEST RIVER FOUNDATION,12017568,03,2026-08-05,421241,3548.96,19,HUMAN SERVICES
2026-05-26,DCM169936531,WEST RIVER HEALTH SERVICES,12027476,03,2026-08-05,421104,13.06,19,HUMAN SERVICES
2026-05-13,052026,WEST RIVER INSURANCE COMPANY,12270798,,2026-08-05,417124,186046.49,10,LABOR AND REGULATION
2026-07-17,2022G-ARP-218#16,WESTERN DAKOTA REGIONAL WATER,12683845,,2026-08-05,418506,319725.76,03,AGRICULTURE & NAT. RESOURCES
2026-07-22,2023-287 #32,WESTERN DAKOTA REGIONAL WATER,12683845,,2026-08-05,421423,21789.95,03,AGRICULTURE & NAT. RESOURCES
2026-07-16,2022G-ARP-456#17,WESTON HEIGHTS HOMEOWNERS ASSN,12719299,,2026-08-05,418505,138109.46,03,AGRICULTURE & NAT. RESOURCES
2026-07-16,2024G-DW-300 #18,WESTON HEIGHTS HOMEOWNERS ASSN,12719299,,2026-08-05,418502,180.95,03,AGRICULTURE & NAT. RESOURCES
2026-07-11,97873,WHETSTONE VALLEY GREENHOUSE,12129260,,2026-08-05,419991,75.0,14,PUBLIC SAFETY
2026-07-16,2026-JAN-45,WHITE BUFFALO CALF WOMENS SCTY,12035628,,2026-08-05,418609,11217.27,14,PUBLIC SAFETY
2026-07-21,257RC0011,WHITE RIVER SCHOOL DIST 47-1,12055703,,2026-08-05,419899,237.7,25,RETIREMENT SYSTEM
2026-07-15,RC71526,"WIEGE, DAVID",12083588,,2026-08-05,420859A,310.0,11,TRANSPORTATION
2026-06-08,4147,WILD WEST HACKTOBER FEST LLC,12667588,,2026-08-05,420639,8325.0,013,BUREAU OF INFORMATION & TECH
2026-07-17,8654-10022,WILL CLARK ELECTRIC,12039638,,2026-08-05,419929,216.2,14,PUBLIC SAFETY
2026-06-30,LC7STMTJUN,"WILLIAMS, RUSSELL",12102559,,2026-08-05,418789,635.0,06,"GAME, FISH AND PARKS"
2026-07-20,2026-08,"WILLIAMS, RUSSELL",12102559,,2026-08-05,419120,4670.0,18,CORRECTIONS
2026-08-03,M03700001,WILMOT-VALLEY VET CLINIC PC,12042471,,2026-08-05,M427827,1586.48,03,AGRICULTURE & NAT. RESOURCES
2026-06-25,CW11043,WIND CIRCLE NETWORK INC,12445785,,2026-08-05,419765,2280.59,06,"GAME, FISH AND PARKS"
2026-07-15,CW11175,WIND CIRCLE NETWORK INC,12445785,,2026-08-05,419460,15396.56,06,"GAME, FISH AND PARKS"
2026-07-01,CW11083,WIND CIRCLE NETWORK INC,12445785,,2026-08-05,420765,3679.4,08,SOCIAL SERVICES
2026-07-07,CW11143,WIND CIRCLE NETWORK INC,12445785,,2026-08-05,420766,387.15,08,SOCIAL SERVICES
2026-07-07,CW11143,WIND CIRCLE NETWORK INC,12445785,,2026-08-05,420766,138.66,19,HUMAN SERVICES
2026-07-16,CW11177,WIND CIRCLE NETWORK INC,12445785,,2026-08-05,419390,927.98,27,UNIFIED JUDICIAL SYSTEMS
2026-07-16,CW11178,WIND CIRCLE NETWORK INC,12445785,,2026-08-05,419391,821.72,27,UNIFIED JUDICIAL SYSTEMS
2026-07-17,CW11186,WIND CIRCLE NETWORK INC,12445785,,2026-08-05,420229,1921.39,27,UNIFIED JUDICIAL SYSTEMS
2026-06-02,624,"WINEGAR, SCOTT",12342286,01,2026-08-05,418533,150.0,03,AGRICULTURE & NAT. RESOURCES
2026-07-30,052826CON260045,WINNER REGIONAL HEALTHCARE CTR,12030998,,2026-08-05,426064,6900.0,09,HEALTH
2026-06-30,06/30/2026,WINNER RESOURCE CENTER FOR FAM,12050018,,2026-08-05,421555,749.12,29,ATTORNEY GENERAL
2026-07-01,38433201,WINSUPPLY N RAPID CITY SD CO,12211041,,2026-08-05,420990,23.34,18,CORRECTIONS
2026-07-02,671926 02,WINSUPPLY NORFOLK NE CO,12455412,,2026-08-05,419837,298.3,08,SOCIAL SERVICES
2026-06-29,03151301,WINSUPPLY W SIOUX FALLS SD CO,12541147,,2026-08-05,420991,229.48,18,CORRECTIONS
2026-07-16,19402901,WINWATER SIOUX FALLS SD CO,12726438,,2026-08-05,420363,6625.1,03,AGRICULTURE & NAT. RESOURCES
2026-04-28,DCM167139852,WL & JL,12755023,,2026-08-05,419347,35.0,19,HUMAN SERVICES
2026-08-03,M03700001,WOOD VETERINARY,12568931,,2026-08-05,M427827,2843.51,03,AGRICULTURE & NAT. RESOURCES
2026-07-07,WA2026-06,WOODWARD YOUTH CORPORATION,12196245,01,2026-08-05,419114,27747.96,18,CORRECTIONS
2026-08-04,M027BTR003,WOONSOCKET-CITY OF,12055277,,2026-08-05,M429214,3988.22,02,REVENUE
2026-07-10,3600130726,WOONSOCKET-CITY OF,12055277,,2026-08-05,421489,47.5,11,TRANSPORTATION
2026-06-16,27911719-21101,WORLD FUEL SERVICES INC,12226294,,2026-08-05,419065,1824.35,11,TRANSPORTATION
2026-07-21,8815254,WORLD FUEL SERVICES INC,12226294,,2026-08-05,419911,624.68,11,TRANSPORTATION
2026-07-21,8815815,WORLD FUEL SERVICES INC,12226294,,2026-08-05,419912,80.24,11,TRANSPORTATION
2026-07-21,8815816,WORLD FUEL SERVICES INC,12226294,,2026-08-05,419910,1400.0,11,TRANSPORTATION
2026-07-21,8815802,WORLD FUEL SERVICES INC,12226294,,2026-08-05,419931,355.79,14,PUBLIC SAFETY
2026-07-09,INV-00000177,WRTS LLC,12611450,,2026-08-05,418615,5.98,14,PUBLIC SAFETY
2026-07-16,9008137201,WW GRAINGER INC,12016771,16,2026-08-05,419824,88.35,08,SOCIAL SERVICES
2026-07-08,9978922673,WW GRAINGER INC,12016771,16,2026-08-05,421451,140.02,11,TRANSPORTATION
2026-07-09,9980677497,WW GRAINGER INC,12016771,17,2026-08-05,418055,209.78,11,TRANSPORTATION
2026-07-10,9001527580,WW GRAINGER INC,12016771,16,2026-08-05,421449,77.67,11,TRANSPORTATION
2026-07-15,9007174072,WW GRAINGER INC,12016771,17,2026-08-05,421615,17.4,11,TRANSPORTATION
2026-07-16,9007802417,WW GRAINGER INC,12016771,16,2026-08-05,420815,1874.15,11,TRANSPORTATION
2026-04-22,9889745932,WW GRAINGER INC,12016771,15,2026-08-05,419932,1229.56,14,PUBLIC SAFETY
2026-07-07,9976745316,WW GRAINGER INC,12016771,16,2026-08-05,418150,30.66,16,MILITARY
2026-07-07,9976745324,WW GRAINGER INC,12016771,16,2026-08-05,418147,147.01,16,MILITARY
2026-07-07,9976745332,WW GRAINGER INC,12016771,16,2026-08-05,418148,147.01,16,MILITARY
2026-07-07,9976745340,WW GRAINGER INC,12016771,16,2026-08-05,418146,588.04,16,MILITARY
2026-07-07,9976745357,WW GRAINGER INC,12016771,16,2026-08-05,418149,61.32,16,MILITARY
2026-07-07,9977438341,WW GRAINGER INC,12016771,16,2026-08-05,418145,838.81,16,MILITARY
2026-07-08,9978702794,WW GRAINGER INC,12016771,16,2026-08-05,419495,1671.52,16,MILITARY
2026-07-10,9000272634,WW GRAINGER INC,12016771,16,2026-08-05,419489,88.9,16,MILITARY
2026-07-14,9005304457,WW GRAINGER INC,12016771,16,2026-08-05,419494,1600.0,16,MILITARY
2026-07-02,9972459060,WW GRAINGER INC,12016771,16,2026-08-05,421012,99.8,18,CORRECTIONS
2026-07-02,9972547823,WW GRAINGER INC,12016771,16,2026-08-05,420993,-54.12,18,CORRECTIONS
2026-07-02,9973506067,WW GRAINGER INC,12016771,16,2026-08-05,420994,580.1,18,CORRECTIONS
2026-07-07,9976248790,WW GRAINGER INC,12016771,16,2026-08-05,421014,928.66,18,CORRECTIONS
2026-08-04,M027BTR003,YALE-TOWN OF,12037868,,2026-08-05,M429214,12.17,02,REVENUE
2026-06-19,202604,YANKTON AREA MENTAL WELLNESS,12052543,A1,2026-08-05,420974,225.0,18,CORRECTIONS
2026-06-19,202605,YANKTON AREA MENTAL WELLNESS,12052543,A1,2026-08-05,420975,225.0,18,CORRECTIONS
2026-07-17,19927,YANKTON MEDICAL CLINIC PC,12037575,,2026-08-05,418236,4132.0,18,CORRECTIONS
2026-08-04,M027BTR003,YANKTON SIOUX TRIBE,12038701,01,2026-08-05,M429214,445.65,02,REVENUE
2026-07-17,DSR4469 PW129.1,YANKTON SIOUX TRIBE,12038701,07,2026-08-05,419973,1026.16,14,PUBLIC SAFETY
2026-07-08,453958 02,YANKTON WINNELSON COMPANY,12017405,,2026-08-05,419838,844.1,08,SOCIAL SERVICES
2026-07-15,021012706,YANKTON-CITY OF,12055287,,2026-08-05,419432,77.86,02,REVENUE
2026-08-04,M027BTR003,YANKTON-CITY OF,12055287,,2026-08-05,M429214,77561.47,02,REVENUE
2026-07-21,3960-45,"YMKER, MARK",12513470,,2026-08-05,421481,100.0,11,TRANSPORTATION
2026-07-10,27SC08E349-JUN,YOUTH & FAMILY SERVICES INC,12056438,05,2026-08-05,417803,827.04,08,SOCIAL SERVICES
2026-07-16,HB1221-MAY-1190,YOUTH & FAMILY SERVICES INC,12056438,05,2026-08-05,418610,7088.75,14,PUBLIC SAFETY
2026-07-21,CAREJUN26,"ZAHNOW, MICHAEL O",12678182,,2026-08-05,421167,1100.0,19,HUMAN SERVICES
2026-07-10,071026ZAHURONES,"ZAHURONES, BRANDI",12754413,,2026-08-05,418074,34927.78,17,VETERANS' AFFAIRS
